[{"data": {"title": "91 Verified Reviews", "rating_data": {"title": "4.0", "bg_color": "#58ac00", "tag": "Very Good", "subtitle": "303 ratings on verified stays by guests"}, "sort_options": [{"type": "date-high", "title": "Recent reviews"}, {"type": "rating-high", "title": "High to low ratings"}, {"type": "rating-low", "title": "Low to high ratings"}], "is_last": true, "reviews": [{"user_name": "Rahul", "user_image": "usr.image", "review_text": "It was a great experience. Hotel staff was very supportive and helpful.", "date": "02 Apr 2023", "rating": {"bg_color": "#346000", "title": "5"}}, {"user_name": "Alokkapoor", "user_image": "usr.image", "review_text": "For stay purpose room was good, well behavior staff, Large parking, cleaned Room, Kitchen also available in room \ud83d\ude00 \ud83d\ude09 \ud83d\udc4d", "date": "30 Mar 2023", "rating": {"bg_color": "#346000", "title": "5"}}, {"user_name": "Vimal Verma", "user_image": "usr.image", "review_text": "Room", "date": "16 Mar 2023", "rating": {"bg_color": "#346000", "title": "5"}}, {"user_name": "Shashi Kant Mishra", "user_image": "usr.image", "review_text": "Very nice hotel very nice cleaning", "date": "14 Mar 2023", "rating": {"bg_color": "#346000", "title": "5"}}, {"user_name": "Pratap Bhoumik", "user_image": "usr.image", "review_text": "All basic necessities are met !", "date": "15 Feb 2023", "rating": {"bg_color": "#346000", "title": "5"}}, {"user_name": "AMIT JAISWAL", "user_image": "usr.image", "review_text": "Firstly room was properly spaced and staff were very supportive\nThey provided the best they can do and location was beautiful", "date": "26 Jan 2023", "rating": {"bg_color": "#346000", "title": "5"}}, {"user_name": "Rajeev Kumar", "user_image": "usr.image", "review_text": "Room and staff is very nice", "date": "05 Dec 2022", "rating": {"bg_color": "#346000", "title": "5"}}, {"user_name": "shivam thakur", "user_image": "usr.image", "review_text": "Good parking, genuine room , humble people", "date": "30 Nov 2022", "rating": {"bg_color": "#346000", "title": "5"}}, {"user_name": "gaurav", "user_image": "usr.image", "review_text": "Very good", "date": "23 Nov 2022", "rating": {"bg_color": "#346000", "title": "5"}}, {"user_name": "rajit", "user_image": "usr.image", "review_text": "Very good service", "date": "20 Nov 2022", "rating": {"bg_color": "#346000", "title": "5"}}, {"user_name": "AMIT KUMARRAY", "user_image": "usr.image", "review_text": "Super, helpful staff", "date": "08 Nov 2022", "rating": {"bg_color": "#346000", "title": "5"}}, {"user_name": "Aditya Rana", "user_image": "usr.image", "review_text": "Good behaviour of staff.", "date": "05 Nov 2022", "rating": {"bg_color": "#346000", "title": "5"}}, {"user_name": "rajit", "user_image": "usr.image", "review_text": "Good service", "date": "25 Oct 2022", "rating": {"bg_color": "#346000", "title": "5"}}, {"user_name": "JAY PRAKASH KUNTAL", "user_image": "usr.image", "review_text": "Best room and best facilities", "date": "15 Oct 2022", "rating": {"bg_color": "#346000", "title": "5"}}, {"user_name": "Ram", "user_image": "usr.image", "review_text": "Nice stay", "date": "19 Sep 2022", "rating": {"bg_color": "#346000", "title": "5"}}, {"user_name": "Ashok Vishnoi", "user_image": "usr.image", "review_text": "Good", "date": "15 Sep 2022", "rating": {"bg_color": "#346000", "title": "5"}}, {"user_name": "Swaraj Kumar", "user_image": "usr.image", "review_text": "Very Nice Stay", "date": "13 Sep 2022", "rating": {"bg_color": "#346000", "title": "5"}}, {"user_name": "Bharat Modi", "user_image": "usr.image", "review_text": "Great staff, good location n service", "date": "07 Sep 2022", "rating": {"bg_color": "#346000", "title": "5"}}, {"user_name": "Aj jaisawal", "user_image": "usr.image", "review_text": "Nice", "date": "01 Sep 2022", "rating": {"bg_color": "#346000", "title": "5"}}, {"user_name": "Vicky", "user_image": "usr.image", "review_text": "Awsm services, cleanliness. \nNyc employee behaviour.", "date": "31 Aug 2022", "rating": {"bg_color": "#346000", "title": "5"}}, {"user_name": "Mradul Kumar", "user_image": "usr.image", "review_text": "environment for living is good", "date": "25 Aug 2022", "rating": {"bg_color": "#346000", "title": "5"}}, {"user_name": "shubham", "user_image": "usr.image", "review_text": "Best place to stay", "date": "20 Aug 2022", "rating": {"bg_color": "#346000", "title": "5"}}, {"user_name": "Chandan Thakur", "user_image": "usr.image", "review_text": "Excellent staff behavior and very cooperative", "date": "29 Jul 2022", "rating": {"bg_color": "#346000", "title": "5"}}, {"user_name": "sonu", "user_image": "usr.image", "review_text": "Like the rooms and service thanks sahu room will visit again", "date": "19 Jul 2022", "rating": {"bg_color": "#346000", "title": "5"}}, {"user_name": "Anup Srivastava", "user_image": "usr.image", "review_text": "Hotel was good.", "date": "12 Jul 2022", "rating": {"bg_color": "#346000", "title": "5"}}, {"user_name": "Abhishek Rai", "user_image": "usr.image", "review_text": "ok", "date": "07 Jul 2022", "rating": {"bg_color": "#346000", "title": "5"}}, {"user_name": "Rajkumar", "user_image": "usr.image", "review_text": "I had a great time at this hotel. The room was spacious and always kept clean. The staff was friendly and helpful, and the price was affordable. I would definitely recommend this hotel to anyone looking for a place to stay in the area.", "date": "06 Jul 2022", "rating": {"bg_color": "#346000", "title": "5"}}, {"user_name": "Prakash Rai", "user_image": "usr.image", "review_text": "Good!", "date": "02 Jul 2022", "rating": {"bg_color": "#346000", "title": "5"}}, {"user_name": "Gaurav Tripathi", "user_image": "usr.image", "review_text": "it was a good experience", "date": "30 Jun 2022", "rating": {"bg_color": "#346000", "title": "5"}}, {"user_name": "Meena Pathak", "user_image": "usr.image", "review_text": "Staff and Cleanliness", "date": "30 Jun 2022", "rating": {"bg_color": "#346000", "title": "5"}}, {"user_name": "99 gs", "user_image": "usr.image", "review_text": "all staff service good \ud83d\udc4d . NICE PLACE TO STAY. AMBLE PARKING SPACE\ud83c\udf0c", "date": "27 Jun 2022", "rating": {"bg_color": "#346000", "title": "5"}}, {"user_name": "Paliwal", "user_image": "usr.image", "review_text": "I had a great experience at the hotel. The staff was very friendly and helpful, the room was clean and comfortable, and the food was delicious. I would recommend this hotel to anyone looking for a place to stay in town.", "date": "24 Jun 2022", "rating": {"bg_color": "#346000", "title": "5"}}, {"user_name": "Himanshu Pandey", "user_image": "usr.image", "review_text": "We stayed at the Hotel for1 night. The hotel was close to everything we needed, the staff was so helpful and polite, and the rooms were beautiful and comfortable. The room was spacious, bright, and clean with everything. It was located nearby Darshan Nagar Market, Faizabad Road. It was a comfortable stay for me.", "date": "23 Jun 2022", "rating": {"bg_color": "#346000", "title": "5"}}, {"user_name": "ekam", "user_image": "usr.image", "review_text": "very nice", "date": "23 Jun 2022", "rating": {"bg_color": "#346000", "title": "5"}}, {"user_name": "Dhananjay PRATAPYADAV", "user_image": "usr.image", "review_text": "nice", "date": "21 Jun 2022", "rating": {"bg_color": "#346000", "title": "5"}}, {"user_name": "Guest", "user_image": "usr.image", "review_text": "I stayed at the hote & The room was nice, there were no check-in or check-out issues.", "date": "20 Jun 2022", "rating": {"bg_color": "#346000", "title": "5"}}, {"user_name": "Vibha Sharma", "user_image": "usr.image", "review_text": "Best Hotel", "date": "17 Jun 2022", "rating": {"bg_color": "#346000", "title": "5"}}, {"user_name": "Ashok Kumar", "user_image": "usr.image", "review_text": "The hotel was very clean, the room service was very good, the staff was also very good, the behavior of the property owner was very good, and the management provides full support. I would recommend this hotel to others.", "date": "15 Jun 2022", "rating": {"bg_color": "#346000", "title": "5"}}, {"user_name": "Rakesh Jha", "user_image": "usr.image", "review_text": "Nice", "date": "12 Jun 2022", "rating": {"bg_color": "#346000", "title": "5"}}, {"user_name": "99 gs", "user_image": "usr.image", "review_text": "Accessible by road. Ample parking space. Landscaping good. Food good quality and hygienic. As maintainance work is going on, bit dusty. Room spacious, but some bathroom fittings needed.", "date": "06 Jun 2022", "rating": {"bg_color": "#346000", "title": "5"}}, {"user_name": "Pratyush NARAYAN", "user_image": "usr.image", "review_text": "5. The stay was good. The hotel had a nice parking space, and it was close to highway so it was convenient for our trip", "date": "09 Feb 2023", "rating": {"bg_color": "#58ac00", "title": "4"}}, {"user_name": "Sudarsang", "user_image": "usr.image", "review_text": "Little outer and not remote route reaching there ,rural area no room heater available nearby no big restaurant ,they provide tea snacks food on order upto 10pm only, but we enjoyed the climate good stafffs ,on request they can provide auto", "date": "31 Dec 2022", "rating": {"bg_color": "#58ac00", "title": "4"}}, {"user_name": "Geetanshu Singh", "user_image": "usr.image", "review_text": "Overall a good stay at the Sahu Hotel\nRooms were clean staff was good Only the location is little bit far away from ayodhya.", "date": "26 Dec 2022", "rating": {"bg_color": "#58ac00", "title": "4"}}, {"user_name": "Uttu", "user_image": "usr.image", "review_text": "The room was big. Ac, geyser were there and we're working properly. Bed was good with two blankets and we asked for one more blanket and they happily provided us with it. Bathroom, toilet were clean and towel was also there. We faced no issues there and slept with peace. The overall experience was good because of Oyo app. We got that room in half the price that is in the normal market. We booked with Oyo and then we got a call from the hotel and they ask for the timing and after 2 hours we went there the reception was good they handled scare fully we fill the registration register the ask for Aadhar card and they to photocopies of it and we were allowed to stay I paid 474 for the room and it was just half the price that was for other hotels because I check them personally. I am satisfied from this visit and from the care and supports own by oyo app and this hotel", "date": "17 Dec 2022", "rating": {"bg_color": "#58ac00", "title": "4"}}, {"user_name": "Abhishek", "user_image": "usr.image", "review_text": "Good staff and rooms. Hotel is 100 meters from Ayodhya darshan nagar highway, next to medical college.", "date": "14 Dec 2022", "rating": {"bg_color": "#58ac00", "title": "4"}}, {"user_name": "Avinash", "user_image": "usr.image", "review_text": "The room was spacious and well equipped.. The hotel is maybe what I thought to be at a good location if you want to visit Hanuman Garhi mandir and the Ram Mandir", "date": "30 Nov 2022", "rating": {"bg_color": "#58ac00", "title": "4"}}, {"user_name": "N N", "user_image": "usr.image", "review_text": "Room is good and neatly maintained. The hotel is situated at a far off place from the town.. Transportation problem. Though we booked two rooms for us we were given a two bedroom portion with only one AC. \nNo complimentary breakfast. But they are arranging food to inmates as per request. No hotels or restaurants nearby.", "date": "04 Nov 2022", "rating": {"bg_color": "#58ac00", "title": "4"}}, {"user_name": "Abhinav Vishwakarma", "user_image": "usr.image", "review_text": "Staff is polite, service is good", "date": "10 Oct 2022", "rating": {"bg_color": "#58ac00", "title": "4"}}, {"user_name": "Rishabh", "user_image": "usr.image", "review_text": "Hotel is good and staff is also good", "date": "07 Oct 2022", "rating": {"bg_color": "#58ac00", "title": "4"}}, {"user_name": "Rohit Garg", "user_image": "usr.image", "review_text": "The distance between Ran Janmabhoomi is a bit far about 8-10 km. Fooding is a major issue in this area. The hotel was preparing a Kitchen as per manager.", "date": "27 Sep 2022", "rating": {"bg_color": "#58ac00", "title": "4"}}, {"user_name": "Rohit Garg", "user_image": "usr.image", "review_text": "Staffs are of helpful nature. E-Rikshaw driver Prakash 6394940253 very good nature person and charge very low as compared to others.", "date": "24 Sep 2022", "rating": {"bg_color": "#58ac00", "title": "4"}}, {"user_name": "Sonu daila", "user_image": "usr.image", "review_text": "Nice staff", "date": "22 Sep 2022", "rating": {"bg_color": "#58ac00", "title": "4"}}, {"user_name": "Surajkumar Yadav", "user_image": "usr.image", "review_text": "Location was awesome, staff was also very helping and rooms are neat and clean .", "date": "13 Sep 2022", "rating": {"bg_color": "#58ac00", "title": "4"}}, {"user_name": "Arwaz ali", "user_image": "usr.image", "review_text": "It was pretty good room in this price", "date": "13 Sep 2022", "rating": {"bg_color": "#58ac00", "title": "4"}}, {"user_name": "Shokken Jatt", "user_image": "usr.image", "review_text": "Food and staying quality is so good", "date": "05 Sep 2022", "rating": {"bg_color": "#58ac00", "title": "4"}}, {"user_name": "Srijan Srivastava", "user_image": "usr.image", "review_text": "hotel is good and friendly staff parking available restorent facility available and late night check in possible", "date": "19 Aug 2022", "rating": {"bg_color": "#58ac00", "title": "4"}, "user_image_feedback_list": [{"image_name": "JPEG_20220819_091056_31532189010049970952417ef08-2b7a-4302-87e0-72595ce609bc.jpg", "image_url": "https://images.oyoroomscdn.com/ugc-feedback-uploads/JPEG_20220819_091056_31532189010049970952417ef08-2b7a-4302-87e0-72595ce609bc.jpg", "type": "jpg", "uploaded_at": "2022-08-19", "image_id": "109848"}]}, {"user_name": "Abhishek Pandey", "user_image": "usr.image", "review_text": "Nice post", "date": "06 Aug 2022", "rating": {"bg_color": "#58ac00", "title": "4"}}, {"user_name": "Bhim", "user_image": "usr.image", "review_text": "goodl", "date": "30 Jun 2022", "rating": {"bg_color": "#58ac00", "title": "4"}}, {"user_name": "Shreshth Dubey", "user_image": "usr.image", "review_text": "Stafff is nice", "date": "23 Jun 2022", "rating": {"bg_color": "#58ac00", "title": "4"}}, {"user_name": "Raj", "user_image": "usr.image", "review_text": "nice", "date": "19 Jun 2022", "rating": {"bg_color": "#58ac00", "title": "4"}}, {"user_name": "Girish", "user_image": "usr.image", "review_text": "nic", "date": "15 Jun 2022", "rating": {"bg_color": "#58ac00", "title": "4"}}, {"user_name": "Girish", "user_image": "usr.image", "review_text": "nic", "date": "15 Jun 2022", "rating": {"bg_color": "#58ac00", "title": "4"}}, {"user_name": "Pawan Kumar", "user_image": "usr.image", "review_text": "Bathroom heater not working and AC not working", "date": "08 Apr 2023", "rating": {"bg_color": "#8fc402", "title": "3"}}, {"user_name": "Dr RaviPrakashGupta", "user_image": "usr.image", "review_text": "Electricity off,average stay..", "date": "06 Oct 2022", "rating": {"bg_color": "#8fc402", "title": "3"}}, {"user_name": "Amit kumar", "user_image": "usr.image", "review_text": "Staff behaviour are good but facility is not good", "date": "05 Oct 2022", "rating": {"bg_color": "#8fc402", "title": "3"}}, {"user_name": "Masood Ali", "user_image": "usr.image", "review_text": "Food was not good, Location is out of the city was not good, intercom,TV was not available, Wifi was not in work. matress was so hard. washbasin and mirror for washing hand and for shaving was not available,", "date": "22 Sep 2022", "rating": {"bg_color": "#8fc402", "title": "3"}}, {"user_name": "Prabhat RanjanDutta", "user_image": "usr.image", "review_text": "Delay in service...", "date": "25 Aug 2022", "rating": {"bg_color": "#8fc402", "title": "3"}}, {"user_name": "Manish Rawat", "user_image": "usr.image", "review_text": "AC facility", "date": "18 Aug 2022", "rating": {"bg_color": "#8fc402", "title": "3"}, "user_image_feedback_list": [{"image_name": "JPEG_20220818_215713_209754142719748713294a44e70-7aad-43c0-ac1c-5ae880714fbf.jpg", "image_url": "https://images.oyoroomscdn.com/ugc-feedback-uploads/JPEG_20220818_215713_209754142719748713294a44e70-7aad-43c0-ac1c-5ae880714fbf.jpg", "type": "jpg", "uploaded_at": "2022-08-18", "image_id": "109774"}]}, {"user_name": "kunwar pratapsingh", "user_image": "usr.image", "review_text": "All are things are good but the bed is not soo good", "date": "25 Jul 2022", "rating": {"bg_color": "#8fc402", "title": "3"}}, {"user_name": "Abhishek", "user_image": "usr.image", "review_text": "Hotel is in Darshan Nagar Market, good parking facilities. Rooms are good.", "date": "12 Jul 2022", "rating": {"bg_color": "#8fc402", "title": "3"}}, {"user_name": "Rajeev Mishra", "user_image": "usr.image", "review_text": "There was only power issue. It was too hot A. C was installed inside but due to power issue could not utilize thatswhy cheked out one day earlier.", "date": "11 Jul 2022", "rating": {"bg_color": "#8fc402", "title": "3"}}, {"user_name": "Shreshth Dubey", "user_image": "usr.image", "review_text": "Low budget good AC hotel \u2026. Issued which we have face during 2 days stay - room service is too slow , no backup after power cut , only a 5rs soap was given during check in\u2026\u2026", "date": "24 Jun 2022", "rating": {"bg_color": "#8fc402", "title": "3"}}, {"user_name": "Shreshth Dubey", "user_image": "usr.image", "review_text": "Low budget good AC hotel \u2026 but that\u2019s Are several issues", "date": "24 Jun 2022", "rating": {"bg_color": "#8fc402", "title": "3"}}, {"user_name": "Ashish KumarKashyap", "user_image": "usr.image", "review_text": "Light issue and all better", "date": "07 Jun 2022", "rating": {"bg_color": "#8fc402", "title": "3"}}, {"user_name": "Rahul KumarJha", "user_image": "usr.image", "review_text": "Room was very dirty with so much hair. No AC, TV and WiFi facility was provided. Very much far away from Ayodhya Junction. Extra bill money was added. Cleaning Staff was very rude and said that room should smell nice but cleanliness is not required.", "date": "13 Feb 2023", "rating": {"bg_color": "#feba00", "title": "2"}}, {"user_name": "aarti mahajan", "user_image": "usr.image", "review_text": "Their wifi is not working..location is just as rural areas..too far from all major attractions of ayodhya..toilets are open from roof..electricity is a major issue but they have generator but u know its noise..its too noisy there..food is bad..dont consider this hotel..\nThey provide me electric kettle at my request which i m thankful for .", "date": "22 Nov 2022", "rating": {"bg_color": "#feba00", "title": "2"}}, {"user_name": "Rakesh Dewani", "user_image": "usr.image", "review_text": "Wash room was not proper ...worstc condition ever", "date": "16 Aug 2022", "rating": {"bg_color": "#feba00", "title": "2"}}, {"user_name": "Sant Prakash", "user_image": "usr.image", "review_text": "He charged 480 rs wrongly , 1 Nal Broke By Touching By Hand He Saying Nal Charges You Have To Pay\n\n\n\nI think nal was broken previously and only attach into wall and touch by hand nal was dropped", "date": "24 Jul 2022", "rating": {"bg_color": "#feba00", "title": "2"}}, {"user_name": "Ankit Mishra", "user_image": "usr.image", "review_text": "Good food and good waiver approval", "date": "23 Mar 2023", "rating": {"bg_color": "#ff4742", "title": "1"}}, {"user_name": "Pawan", "user_image": "usr.image", "review_text": "Poor", "date": "06 Feb 2023", "rating": {"bg_color": "#ff4742", "title": "1"}}, {"user_name": "SUJIT KUMAR", "user_image": "usr.image", "review_text": "Very bad experience sahu rooms\nHotel all pictures are different", "date": "20 Jan 2023", "rating": {"bg_color": "#ff4742", "title": "1"}, "user_image_feedback_list": [{"image_name": "IMG20230119210247be02fc9e-0d1a-40ef-b71b-ae9af933e23f.jpg", "image_url": "https://images.oyoroomscdn.com/ugc-feedback-uploads/IMG20230119210247be02fc9e-0d1a-40ef-b71b-ae9af933e23f.jpg", "type": "jpg", "uploaded_at": "2023-01-20", "image_id": "169617"}, {"image_name": "IMG20230119210231d74c9588-e2de-47a4-badc-5ed180a3ecea.jpg", "image_url": "https://images.oyoroomscdn.com/ugc-feedback-uploads/IMG20230119210231d74c9588-e2de-47a4-badc-5ed180a3ecea.jpg", "type": "jpg", "uploaded_at": "2023-01-20", "image_id": "169616"}]}, {"user_name": "G BChandrasekhar", "user_image": "usr.image", "review_text": "Don't get deceived by the pictures, the accomodation is beyond your worst nightmare. Bed sheers stinks, no hot water provided when the temperature is around 4 degrees. No reception person to contact,  infact reception setup disappears after certain time. Bathrooms stinks with pungent smell and even found cigarette buds in Bathrooms.", "date": "16 Jan 2023", "rating": {"bg_color": "#ff4742", "title": "1"}}, {"user_name": "Sumit", "user_image": "usr.image", "review_text": "Not so good", "date": "30 Oct 2022", "rating": {"bg_color": "#ff4742", "title": "1"}}, {"user_name": "abhay", "user_image": "usr.image", "review_text": "Very bad attitude owner and very bad facilities", "date": "30 Aug 2022", "rating": {"bg_color": "#ff4742", "title": "1"}}, {"user_name": "Avnish", "user_image": "usr.image", "review_text": "I checked out because of no electricity and very bad condition of room torned bedsheet Oyo suggested to cancel", "date": "09 Aug 2022", "rating": {"bg_color": "#ff4742", "title": "1"}}, {"user_name": "ram prshad", "user_image": "usr.image", "review_text": "Very bed condition this rooms not working in ac and TV  very bed", "date": "08 Aug 2022", "rating": {"bg_color": "#ff4742", "title": "1"}}, {"user_name": "vivek kumar", "user_image": "usr.image", "review_text": "Ac was not working they asking for extra money", "date": "20 Jul 2022", "rating": {"bg_color": "#ff4742", "title": "1"}}, {"user_name": "Abhishek", "user_image": "usr.image", "review_text": "AC not working.....most of times power failure", "date": "13 Jul 2022", "rating": {"bg_color": "#ff4742", "title": "1"}, "user_image_feedback_list": [{"image_name": "JPEG_20220713_120759_84860681388904549309a36c56b-1981-4ee6-b7e0-7cd436056e90.jpg", "image_url": "https://images.oyoroomscdn.com/ugc-feedback-uploads/JPEG_20220713_120759_84860681388904549309a36c56b-1981-4ee6-b7e0-7cd436056e90.jpg", "type": "jpg", "uploaded_at": "2022-07-13", "image_id": "95443"}]}, {"user_name": "Deepu", "user_image": "usr.image", "review_text": "Everything.. from room to washroom to location everything was worst. The service was very bad really disappointed with oyo. Staffs were so rude. Strongly recommend please do not stay here", "date": "09 Jul 2022", "rating": {"bg_color": "#ff4742", "title": "1"}}, {"user_name": "Krish", "user_image": "usr.image", "review_text": "i have booked 3 Ac rooms but they gave only 2 rooms", "date": "06 Jun 2022", "rating": {"bg_color": "#ff4742", "title": "1"}}, {"user_name": "Santosh Mishra", "user_image": "usr.image", "review_text": "bad not good, TV are not working stay time, a c is not active.", "date": "31 May 2022", "rating": {"bg_color": "#ff4742", "title": "1"}}]}}]