[{"data": {"title": "1 Verified Reviews", "rating_data": {"title": "4.5", "bg_color": "#3d8000", "tag": "Excellent", "subtitle": "2 ratings on verified stays by guests"}, "sort_options": [{"type": "date-high", "title": "Recent reviews"}, {"type": "rating-high", "title": "High to low ratings"}, {"type": "rating-low", "title": "Low to high ratings"}], "is_last": true, "reviews": [{"user_name": "Shubham Chauhan", "user_image": "usr.image", "date": "27 May 2023", "rating": {"bg_color": "#58ac00", "title": "4"}, "user_image_feedback_list": [{"image_name": "IMG2023052021313988e05bfc-3eda-47ab-8adf-582cf63e8b93.jpg", "image_url": "https://images.oyoroomscdn.com/ugc-feedback-uploads/IMG2023052021313988e05bfc-3eda-47ab-8adf-582cf63e8b93.jpg", "type": "jpg", "uploaded_at": "2023-05-27", "image_id": "206159"}]}]}}]