[{"data": {"title": "114 Verified Reviews", "rating_data": {"title": "4.1", "bg_color": "#58ac00", "tag": "Very Good", "subtitle": "873 ratings on verified stays by guests"}, "sort_options": [{"type": "date-high", "title": "Recent reviews"}, {"type": "rating-high", "title": "High to low ratings"}, {"type": "rating-low", "title": "Low to high ratings"}], "is_last": false, "next_offset": 101, "reviews": [{"user_name": "Parnutan Sheoran", "user_image": "usr.image", "review_text": "Good", "date": "17 Apr 2023", "rating": {"bg_color": "#346000", "title": "5"}}, {"user_name": "amit", "user_image": "usr.image", "review_text": "Good location and polite staff", "date": "09 Apr 2023", "rating": {"bg_color": "#346000", "title": "5"}}, {"user_name": "Anil", "user_image": "usr.image", "date": "11 Feb 2023", "rating": {"bg_color": "#346000", "title": "5"}, "user_image_feedback_list": [{"image_name": "JPEG_20230212_000227_419609976138460477009b820c3-7b87-44ca-9ff1-274cf3e7dbf8.jpg", "image_url": "https://images.oyoroomscdn.com/ugc-feedback-uploads/JPEG_20230212_000227_419609976138460477009b820c3-7b87-44ca-9ff1-274cf3e7dbf8.jpg", "type": "jpg", "uploaded_at": "2023-02-11", "image_id": "174925"}]}, {"user_name": "ravi thakkar", "user_image": "usr.image", "review_text": "Oyo app good and sarvis good and imigetliy answer", "date": "06 Feb 2023", "rating": {"bg_color": "#346000", "title": "5"}}, {"user_name": "yash vyas", "user_image": "usr.image", "review_text": "Well I frequently stay at this hotel, believe me they provide the best services, rooms are so comfy and clean. Moreover the food they serve is amazing and very delicious. I really enjoy my stay at this property.", "date": "06 Feb 2023", "rating": {"bg_color": "#346000", "title": "5"}}, {"user_name": "shahzad", "user_image": "usr.image", "review_text": "But room not p clean and towel one piece", "date": "05 Feb 2023", "rating": {"bg_color": "#346000", "title": "5"}}, {"user_name": "Dindor Rahul", "user_image": "usr.image", "review_text": "Good food", "date": "29 Jan 2023", "rating": {"bg_color": "#346000", "title": "5"}}, {"user_name": "Hardikjadav", "user_image": "usr.image", "review_text": "Nice hotel                   and good staff\nAnd good place", "date": "27 Jan 2023", "rating": {"bg_color": "#346000", "title": "5"}}, {"user_name": "Aarohi Dubey", "user_image": "usr.image", "review_text": "Nice place the staff helped with easy accommodation and \nThe food was also good \nA little far from main city but budget friendly", "date": "23 Jan 2023", "rating": {"bg_color": "#346000", "title": "5"}}, {"user_name": "Vinod Bhurbhure", "user_image": "usr.image", "review_text": "Excellent location.. on highway... Grocery market is near...good rooms..food is good", "date": "18 Jan 2023", "rating": {"bg_color": "#346000", "title": "5"}}, {"user_name": "Vishwanath Hushare", "user_image": "usr.image", "review_text": "It is good hotel but not fresh property.", "date": "10 Jan 2023", "rating": {"bg_color": "#346000", "title": "5"}}, {"user_name": "Rathod mehul", "user_image": "usr.image", "review_text": "Best property", "date": "07 Jan 2023", "rating": {"bg_color": "#346000", "title": "5"}}, {"user_name": "MAHESH SinghNaryka", "user_image": "usr.image", "review_text": "Good", "date": "07 Jan 2023", "rating": {"bg_color": "#346000", "title": "5"}}, {"user_name": "Rohit", "user_image": "usr.image", "review_text": "My best experience this hotel, perfect hotel, and perfect location service is very good, food is very healthy", "date": "04 Jan 2023", "rating": {"bg_color": "#346000", "title": "5"}}, {"user_name": "Pratham", "user_image": "usr.image", "review_text": "It was good,the room was also clean.", "date": "29 Dec 2022", "rating": {"bg_color": "#346000", "title": "5"}}, {"user_name": "Kishan Thakkar", "user_image": "usr.image", "review_text": "That is a very good experience. Services provided to me is very good. Staff is polite.", "date": "28 Dec 2022", "rating": {"bg_color": "#346000", "title": "5"}}, {"user_name": "Milav Dabgar", "user_image": "usr.image", "review_text": "All good, except no outside food allowed.", "date": "27 Dec 2022", "rating": {"bg_color": "#346000", "title": "5"}}, {"user_name": "Mohit Lekhi", "user_image": "usr.image", "review_text": "Rooms are good but they should take care of the blankets and bedsheet they provide even after getting it changed it wasn't clean", "date": "26 Dec 2022", "rating": {"bg_color": "#346000", "title": "5"}}, {"user_name": "Shubh", "user_image": "usr.image", "review_text": "Great room, great location and excellent service.", "date": "25 Dec 2022", "rating": {"bg_color": "#346000", "title": "5"}}, {"user_name": "Himanshu Pandey", "user_image": "usr.image", "review_text": "Hotel is too gud for stay .", "date": "19 Dec 2022", "rating": {"bg_color": "#346000", "title": "5"}}, {"user_name": "Sanjeev Das", "user_image": "usr.image", "review_text": "Good and comfy staty at this property. The rooom I got had great view from window.", "date": "18 Dec 2022", "rating": {"bg_color": "#346000", "title": "5"}}, {"user_name": "Salim", "user_image": "usr.image", "review_text": "very clean room's", "date": "12 Dec 2022", "rating": {"bg_color": "#346000", "title": "5"}}, {"user_name": "Arbaz Shaikh", "user_image": "usr.image", "review_text": "Good", "date": "01 Dec 2022", "rating": {"bg_color": "#346000", "title": "5"}}, {"user_name": "ZWH", "user_image": "usr.image", "review_text": "Good", "date": "23 Oct 2022", "rating": {"bg_color": "#346000", "title": "5"}}, {"user_name": "Mihir Sharma", "user_image": "usr.image", "review_text": "Service", "date": "22 Oct 2022", "rating": {"bg_color": "#346000", "title": "5"}}, {"user_name": "Ruchit", "user_image": "usr.image", "review_text": "Was very good", "date": "17 Oct 2022", "rating": {"bg_color": "#346000", "title": "5"}, "user_image_feedback_list": [{"image_name": "JPEG_20221018_020717_4906392323658372704ceaff224-681f-4684-91cb-536ce0972c73.jpg", "image_url": "https://images.oyoroomscdn.com/ugc-feedback-uploads/JPEG_20221018_020717_4906392323658372704ceaff224-681f-4684-91cb-536ce0972c73.jpg", "type": "jpg", "uploaded_at": "2022-10-17", "image_id": "134959"}]}, {"user_name": "Sagar", "user_image": "usr.image", "review_text": "Great service", "date": "13 Oct 2022", "rating": {"bg_color": "#346000", "title": "5"}}, {"user_name": "Ruchit", "user_image": "usr.image", "review_text": "Was real nice..", "date": "12 Oct 2022", "rating": {"bg_color": "#346000", "title": "5"}}, {"user_name": "Sartaj Gayan", "user_image": "usr.image", "review_text": "Overall good", "date": "11 Oct 2022", "rating": {"bg_color": "#346000", "title": "5"}, "user_image_feedback_list": [{"image_name": "IMG-20221011-WA0000990df6fa-0fa2-423b-a4d3-db3c80a5d42c.jpg", "image_url": "https://images.oyoroomscdn.com/ugc-feedback-uploads/IMG-20221011-WA0000990df6fa-0fa2-423b-a4d3-db3c80a5d42c.jpg", "type": "jpg", "uploaded_at": "2022-10-11", "image_id": "132055"}]}, {"user_name": "Sartaj Gayan", "user_image": "usr.image", "review_text": "Good Hygiene and Comfortable staff is also good", "date": "09 Oct 2022", "rating": {"bg_color": "#346000", "title": "5"}}, {"user_name": "Sartaj Gayan", "user_image": "usr.image", "review_text": "Perfect location and staff", "date": "29 Sep 2022", "rating": {"bg_color": "#346000", "title": "5"}}, {"user_name": "Kumar Varma", "user_image": "usr.image", "review_text": "Location", "date": "24 Sep 2022", "rating": {"bg_color": "#346000", "title": "5"}}, {"user_name": "Rizwan Mansuri", "user_image": "usr.image", "review_text": "Good staff", "date": "16 Sep 2022", "rating": {"bg_color": "#346000", "title": "5"}}, {"user_name": "Ayushi", "user_image": "usr.image", "review_text": "Food was delicious and staff is very friendly and helpful", "date": "15 Sep 2022", "rating": {"bg_color": "#346000", "title": "5"}}, {"user_name": "punit jain", "user_image": "usr.image", "review_text": "Hello sir all about your room service or other best excellent", "date": "12 Sep 2022", "rating": {"bg_color": "#346000", "title": "5"}}, {"user_name": "keyur radadiya", "user_image": "usr.image", "review_text": "Good", "date": "29 Aug 2022", "rating": {"bg_color": "#346000", "title": "5"}}, {"user_name": "ShyamIndoria", "user_image": "usr.image", "review_text": "Good", "date": "26 Aug 2022", "rating": {"bg_color": "#346000", "title": "5"}}, {"user_name": "Jarnalisha Sutar", "user_image": "usr.image", "review_text": "Good hotel", "date": "13 Aug 2022", "rating": {"bg_color": "#346000", "title": "5"}}, {"user_name": "Chaitanya Shroff", "user_image": "usr.image", "review_text": "Everything is fine and room was very clean.and good service by hotel staff", "date": "10 Aug 2022", "rating": {"bg_color": "#346000", "title": "5"}}, {"user_name": "Shivani Gandhi", "user_image": "usr.image", "review_text": "Food, room, location", "date": "25 Jul 2022", "rating": {"bg_color": "#346000", "title": "5"}}, {"user_name": "zaid shaikh", "user_image": "usr.image", "review_text": "good", "date": "17 Jul 2022", "rating": {"bg_color": "#346000", "title": "5"}}, {"user_name": "Sooraj Namboodiri", "user_image": "usr.image", "date": "15 Jul 2022", "rating": {"bg_color": "#346000", "title": "5"}, "user_image_feedback_list": [{"image_name": "hotel_image_02c6da50-dad3-4494-a653-0049ef10cd073186525960177670409.jpeg", "image_url": "https://images.oyoroomscdn.com/ugc-feedback-uploads/hotel_image_02c6da50-dad3-4494-a653-0049ef10cd073186525960177670409.jpeg", "type": "jpeg", "uploaded_at": "2022-07-15", "image_id": "96411"}, {"image_name": "hotel_image_02c6da50-dad3-4494-a653-0049ef10cd0725311398131934260.jpeg", "image_url": "https://images.oyoroomscdn.com/ugc-feedback-uploads/hotel_image_02c6da50-dad3-4494-a653-0049ef10cd0725311398131934260.jpeg", "type": "jpeg", "uploaded_at": "2022-07-15", "image_id": "96412"}]}, {"user_name": "Abhishek Anand", "user_image": "usr.image", "review_text": "i like everything", "date": "25 Jun 2022", "rating": {"bg_color": "#346000", "title": "5"}}, {"user_name": "Nilesh Katarmal", "user_image": "usr.image", "review_text": "good to stay", "date": "05 Jun 2022", "rating": {"bg_color": "#346000", "title": "5"}}, {"user_name": "Akshay", "user_image": "usr.image", "review_text": "Pretty good rooms to stay", "date": "26 Apr 2023", "rating": {"bg_color": "#58ac00", "title": "4"}}, {"user_name": "Sumit Pandey", "user_image": "usr.image", "review_text": "Over all it was an good experience of stay at Rajyash Rise \u2026\u2026\u2026\u2026\u2026\u2026\u2026\u2026\u2026\u2026\u2026\u2026\u2026\u2026\u2026\u2026\u2026\u2026\u2026\u2026\u2026\u2026\u2026\u2026\u2026\u2026\u2026\u2026\u2026\u2026\u2026\u2026\u2026\u2026\u2026\u2026\u2026\u2026\u2026\u2026..", "date": "24 Apr 2023", "rating": {"bg_color": "#58ac00", "title": "4"}}, {"user_name": "Vaghela Harsh", "user_image": "usr.image", "review_text": "All over experience was good....but there was no fan", "date": "18 Apr 2023", "rating": {"bg_color": "#58ac00", "title": "4"}, "user_image_feedback_list": [{"image_name": "IMG_20230417_2136515557652c-5ad9-446a-b1ba-43cec8e12f27.jpg", "image_url": "https://images.oyoroomscdn.com/ugc-feedback-uploads/IMG_20230417_2136515557652c-5ad9-446a-b1ba-43cec8e12f27.jpg", "type": "jpg", "uploaded_at": "2023-04-18", "image_id": "195559"}]}, {"user_name": "Ansari Ajaruddin", "user_image": "usr.image", "review_text": "Wonder full facyliti.", "date": "08 Apr 2023", "rating": {"bg_color": "#58ac00", "title": "4"}}, {"user_name": "S.Rai", "user_image": "usr.image", "review_text": "We arrived after getting soaked in the unexpected rain. The staff was kind enough to understand our situation and offered assistance accordingly. The room was clean and room service was on time throughout the stay.", "date": "01 Apr 2023", "rating": {"bg_color": "#58ac00", "title": "4"}}, {"user_name": "Tirth Sikligar", "user_image": "usr.image", "review_text": "Location is too good and the view from the windows are awesome", "date": "29 Mar 2023", "rating": {"bg_color": "#58ac00", "title": "4"}}, {"user_name": "Md Hasin", "user_image": "usr.image", "review_text": "Very affordable. Wll stay again :)The location was just great, really liked it. There was a superstore on the ground floor and a food court. The 7th floor also has a movie theatre, quite nice! Nice veg and non-veg restaurants within walking distance.", "date": "06 Mar 2023", "rating": {"bg_color": "#58ac00", "title": "4"}}, {"user_name": "Shreyansh", "user_image": "usr.image", "review_text": "Property at its besttt!!", "date": "10 Feb 2023", "rating": {"bg_color": "#58ac00", "title": "4"}}, {"user_name": "Anoop Krishnan", "user_image": "usr.image", "review_text": "OTH have worked good with this hotel. Very clean, good staff. Good location. Everything good. I like it.", "date": "03 Feb 2023", "rating": {"bg_color": "#58ac00", "title": "4"}}, {"user_name": "Nitin sharma", "user_image": "usr.image", "review_text": "Hotel was fine but more maintanence is needed for better cleanliness of rooms!! Was made to change room thrice!!", "date": "13 Jan 2023", "rating": {"bg_color": "#58ac00", "title": "4"}}, {"user_name": "Om Jogi", "user_image": "usr.image", "review_text": "Good spacious rooms, with a good view and even the food was good alongside good service, planning to visit again soon!", "date": "10 Jan 2023", "rating": {"bg_color": "#58ac00", "title": "4"}}, {"user_name": "Nilmani Kumar", "user_image": "usr.image", "review_text": "You will find it one of the good place and staffs were well behaved, I faced some issue but that was only because of short circuit but it was okk , it can happen to any place.", "date": "07 Jan 2023", "rating": {"bg_color": "#58ac00", "title": "4"}}, {"user_name": "Poonu Poonu", "user_image": "usr.image", "review_text": "Except for the geyser not working, rest all was good", "date": "02 Jan 2023", "rating": {"bg_color": "#58ac00", "title": "4"}}, {"user_name": "Poonu Poonu", "user_image": "usr.image", "review_text": "Everything was fine n good except for the geyser which was not working.", "date": "02 Jan 2023", "rating": {"bg_color": "#58ac00", "title": "4"}}, {"user_name": "Ashish", "user_image": "usr.image", "review_text": "Nice hotel.  Good service.  Good people. Nice view.  Very nice location.  Good food. Very reasonable.", "date": "01 Jan 2023", "rating": {"bg_color": "#58ac00", "title": "4"}}, {"user_name": "sumit goswami", "user_image": "usr.image", "review_text": "Good stay", "date": "01 Jan 2023", "rating": {"bg_color": "#58ac00", "title": "4"}}, {"user_name": "Amarjit Singh", "user_image": "usr.image", "review_text": "Good Hotel\nRooms are clean", "date": "27 Dec 2022", "rating": {"bg_color": "#58ac00", "title": "4"}}, {"user_name": "Atul Beduye", "user_image": "usr.image", "review_text": "Room size is good, washroom taps water coming very slowly from tap. Hot water not coming", "date": "26 Dec 2022", "rating": {"bg_color": "#58ac00", "title": "4"}}, {"user_name": "Meet", "user_image": "usr.image", "review_text": "Location is easily reachable", "date": "20 Dec 2022", "rating": {"bg_color": "#58ac00", "title": "4"}}, {"user_name": "Govind Prajapati", "user_image": "usr.image", "review_text": "Very good hotel", "date": "22 Nov 2022", "rating": {"bg_color": "#58ac00", "title": "4"}}, {"user_name": "Manoj", "user_image": "usr.image", "review_text": "...Good hotel,room and location very good and appreciated staff support and behaviour \n\nI will stay again on my next visit...Highly recommendable hotel", "date": "14 Sep 2022", "rating": {"bg_color": "#58ac00", "title": "4"}}, {"user_name": "Nikki Thakrar", "user_image": "usr.image", "review_text": "Cleanliness", "date": "07 Sep 2022", "rating": {"bg_color": "#58ac00", "title": "4"}}, {"user_name": "Modi", "user_image": "usr.image", "review_text": "Bigger Room, Newly House, Good Staff", "date": "09 Aug 2022", "rating": {"bg_color": "#58ac00", "title": "4"}}, {"user_name": "Musa", "user_image": "usr.image", "review_text": "Nice Hotel Nd Room & Service is Best", "date": "25 Jul 2022", "rating": {"bg_color": "#58ac00", "title": "4"}}, {"user_name": "Deep", "user_image": "usr.image", "review_text": "Hotel is good but asking extra money for check in\nPlease confirm the hotel first before booking about the price", "date": "20 Jul 2022", "rating": {"bg_color": "#58ac00", "title": "4"}}, {"user_name": "Sameer Javaliya", "user_image": "usr.image", "review_text": "Good behavior", "date": "05 Jul 2022", "rating": {"bg_color": "#58ac00", "title": "4"}}, {"user_name": "Arun M", "user_image": "usr.image", "review_text": "Rooms are not so spacious as shown in photos. Repairs are not done on time, walls have dirt.  Open screw holes on walls  are not covered posing threat of privacy. Reception desk is not professional and checkin wait time was more. Receptionist don't know about facilities available in hotel and even after asking about it, he was not positive to check and inform the customer. Basic toiliteries kitvwas alsno not provided in room. Toilets was just okay. Shower don't have enough pressure . Renovation hapening in other rooms were diatubing sleep over night.", "date": "04 Apr 2023", "rating": {"bg_color": "#8fc402", "title": "3"}}, {"user_name": "Harsh Bengani", "user_image": "usr.image", "review_text": "Bathroom wasn't clean at all. \nThere were cockroaches in the bathroom.", "date": "31 Mar 2023", "rating": {"bg_color": "#8fc402", "title": "3"}}, {"user_name": "Vinod Bhurbhure", "user_image": "usr.image", "review_text": "property location is excellent..many rooms i alloted one room near reception that room some lights not working, bathroom not maintained properly.else everything was good \u9983\u61a4.", "date": "13 Feb 2023", "rating": {"bg_color": "#8fc402", "title": "3"}}, {"user_name": "Vinod Bhurbhure", "user_image": "usr.image", "review_text": "Location is good, Rooms are clean and big sizes.. one window was not closed properly so face mosquitoes", "date": "08 Feb 2023", "rating": {"bg_color": "#8fc402", "title": "3"}}, {"user_name": "Mohak Dawer", "user_image": "usr.image", "review_text": "The rooms are big and comfortable enough good ambiance and locality as well enjoy staying here.", "date": "27 Dec 2022", "rating": {"bg_color": "#8fc402", "title": "3"}}, {"user_name": "Prashant SharadkumarNalli", "user_image": "usr.image", "review_text": "Average food Service time - 45 minutes to 1 hour\nBathroom was not hygienic, before we visited there were strands of hair in the wash basin, also the bathroom floor was dirty.", "date": "18 Oct 2022", "rating": {"bg_color": "#8fc402", "title": "3"}}, {"user_name": "Nileshbhuva", "user_image": "usr.image", "review_text": "Smell in room and not clean", "date": "12 Oct 2022", "rating": {"bg_color": "#8fc402", "title": "3"}}, {"user_name": "Yashaswi", "user_image": "usr.image", "review_text": "The room was Clean but the bedsheets and blankets are dirty. The room is a bit pricy on comparing the locality and the room size and facilities. Book your room on call with customer care to avoid extra charges at hotel because apparently OYO shows wrong prices as per Hotels and Oyo' support agent", "date": "08 Oct 2022", "rating": {"bg_color": "#8fc402", "title": "3"}, "user_image_feedback_list": [{"image_name": "20221007_222653334bdea9-7ee2-4055-81e3-815817bd2076.jpg", "image_url": "https://images.oyoroomscdn.com/ugc-feedback-uploads/20221007_222653334bdea9-7ee2-4055-81e3-815817bd2076.jpg", "type": "jpg", "uploaded_at": "2022-10-08", "image_id": "130509"}, {"image_name": "20221007_222655ac8a019a-c93b-4899-8cc3-20858c689583.jpg", "image_url": "https://images.oyoroomscdn.com/ugc-feedback-uploads/20221007_222655ac8a019a-c93b-4899-8cc3-20858c689583.jpg", "type": "jpg", "uploaded_at": "2022-10-08", "image_id": "130510"}]}, {"user_name": "Harsh", "user_image": "usr.image", "review_text": "Bathroom and Floor is very moichar", "date": "19 Sep 2022", "rating": {"bg_color": "#8fc402", "title": "3"}}, {"user_name": "Sachin Gaur", "user_image": "usr.image", "review_text": "Very Limited options of food they are providing with the condition that outside food not allowed.", "date": "01 Sep 2022", "rating": {"bg_color": "#8fc402", "title": "3"}}, {"user_name": "Sameer Javaliya", "user_image": "usr.image", "review_text": "Good Place", "date": "24 Aug 2022", "rating": {"bg_color": "#8fc402", "title": "3"}}, {"user_name": "pushpesh kumar", "user_image": "usr.image", "review_text": "Not so good not so bad", "date": "02 Aug 2022", "rating": {"bg_color": "#8fc402", "title": "3"}}, {"user_name": "Fazal Sami", "user_image": "usr.image", "review_text": "hotel deman extra payment for hotel check in", "date": "28 Jul 2022", "rating": {"bg_color": "#8fc402", "title": "3"}}, {"user_name": "Nikunj Dumraliya", "user_image": "usr.image", "review_text": "Not good", "date": "05 Jan 2023", "rating": {"bg_color": "#feba00", "title": "2"}}, {"user_name": "Prashant Sahu", "user_image": "usr.image", "review_text": "No cleanliness .. Staff is just not bothered about anything", "date": "26 Dec 2022", "rating": {"bg_color": "#feba00", "title": "2"}}, {"user_name": "Henil Shah", "user_image": "usr.image", "review_text": "Bad room.They always say that the property is full and give bad rooms but can't see much ppl and rooms full. Don't allow outside food just to promote their in house kitchen. Staff is very bad.", "date": "16 Oct 2022", "rating": {"bg_color": "#feba00", "title": "2"}}, {"user_name": "918153069517 Prajapati", "user_image": "usr.image", "review_text": "Not too good", "date": "16 Sep 2022", "rating": {"bg_color": "#feba00", "title": "2"}}, {"user_name": "Vaibhav", "user_image": "usr.image", "review_text": "Broken desk, bad bed super small rooms", "date": "11 Sep 2022", "rating": {"bg_color": "#feba00", "title": "2"}}, {"user_name": "Nauman Udaipurwala", "user_image": "usr.image", "review_text": "Very bad experience no hygieneThere is nothing good.Room and barthroom and bed are not clean and no haygin", "date": "17 Feb 2023", "rating": {"bg_color": "#ff4742", "title": "1"}}, {"user_name": "RAJ KUMAR", "user_image": "usr.image", "review_text": "Worst room service \n\nNo hygiene and no room service\nTo lift \nNeed to climb 2floors \n\n\nThey theft the face was new bottle and Eve new pair of sox", "date": "17 Feb 2023", "rating": {"bg_color": "#ff4742", "title": "1"}, "user_image_feedback_list": [{"image_name": "IMG202302162245286e5df9dd-0162-4165-94d1-c4d754216e94.jpg", "image_url": "https://images.oyoroomscdn.com/ugc-feedback-uploads/IMG202302162245286e5df9dd-0162-4165-94d1-c4d754216e94.jpg", "type": "jpg", "uploaded_at": "2023-02-17", "image_id": "176893"}, {"image_name": "IMG20230216224359efbbab71-4fc2-4ba4-aff2-3c2d40f9ba7c.jpg", "image_url": "https://images.oyoroomscdn.com/ugc-feedback-uploads/IMG20230216224359efbbab71-4fc2-4ba4-aff2-3c2d40f9ba7c.jpg", "type": "jpg", "uploaded_at": "2023-02-17", "image_id": "176892"}, {"image_name": "IMG20230216224559b3b03474-6fed-48c2-b37e-5e3d7e5b5993.jpg", "image_url": "https://images.oyoroomscdn.com/ugc-feedback-uploads/IMG20230216224559b3b03474-6fed-48c2-b37e-5e3d7e5b5993.jpg", "type": "jpg", "uploaded_at": "2023-02-17", "image_id": "176891"}]}, {"user_name": "MAHESH SinghNaryka", "user_image": "usr.image", "review_text": "Oyo customer care took full payment from me online also and I had to pay full payment again to hotel jake i have paid 2 times for one room", "date": "18 Jan 2023", "rating": {"bg_color": "#ff4742", "title": "1"}}, {"user_name": "ajmeri iqbal", "user_image": "usr.image", "review_text": "Room was not clean.", "date": "25 Dec 2022", "rating": {"bg_color": "#ff4742", "title": "1"}}, {"user_name": "Harshit Sharma", "user_image": "usr.image", "review_text": "That was the worst check-in experience I have ever had in OYO. The manager denied check-in as the hotel was already full and the customer support also didn't help in rearranging my bookings. I had to book another nearby hotel where they asked for extra money when I went there.", "date": "10 Dec 2022", "rating": {"bg_color": "#ff4742", "title": "1"}}, {"user_name": "Himanshu Panchal", "user_image": "usr.image", "review_text": "The worst hotel stay if i ever had in my life , dirty and very bad service like , if u ask for water, they will provide after 5-6 calls after and 1-2 hrs and dirty towel and bedshits , waste of money", "date": "30 Nov 2022", "rating": {"bg_color": "#ff4742", "title": "1"}}, {"user_name": "vaibhav", "user_image": "usr.image", "review_text": "Hotel Charges 1000 Rs. Extra becoz of oyo app. Hotel manager and Rajiv ji are good person. I really thanks to them for their good support. Afterall staff are exellent and hotel is good but demand high money due to Oyo application booking. Once again Special thanks to Property manager and Rajiv ji", "date": "23 Nov 2022", "rating": {"bg_color": "#ff4742", "title": "1"}}, {"user_name": "mohmedAli Meghani", "user_image": "usr.image", "review_text": "Smeely bathroom", "date": "22 Nov 2022", "rating": {"bg_color": "#ff4742", "title": "1"}}, {"user_name": "Darshil Prajapati", "user_image": "usr.image", "review_text": "Firstly, We are reached there and they denied for the check in because they told us you paid payment through online so system is not acceptable and then I was paid remaining amount 500 Indian rupees through online upi and then they told me please wait for a while and we are waiting for a hour then they were give us the room for stay. Very poor experience at his OYO and i will not refer to anyone to use the oyo.", "date": "20 Oct 2022", "rating": {"bg_color": "#ff4742", "title": "1"}}, {"user_name": "Nileshbhuva", "user_image": "usr.image", "review_text": "Room was damaged and not allowed for check in after payment to direct OYO due to discount price", "date": "13 Oct 2022", "rating": {"bg_color": "#ff4742", "title": "1"}}, {"user_name": "Durgadas Majee", "user_image": "usr.image", "review_text": "Bad \ud83d\udc4e", "date": "13 Oct 2022", "rating": {"bg_color": "#ff4742", "title": "1"}}, {"user_name": "kushal", "user_image": "usr.image", "review_text": "property is full and not allot a room and didnt yet get back my refund very bed experience and never ever trust oyo for booking. worst app worst service. and do not suggest any one to use this oyo app.", "date": "07 Oct 2022", "rating": {"bg_color": "#ff4742", "title": "1"}}]}}, {"data": {"title": "114 Verified Reviews", "rating_data": {"title": "4.1", "bg_color": "#58ac00", "tag": "Very Good", "subtitle": "873 ratings on verified stays by guests"}, "sort_options": [{"type": "date-high", "title": "Recent reviews"}, {"type": "rating-high", "title": "High to low ratings"}, {"type": "rating-low", "title": "Low to high ratings"}], "is_last": true, "reviews": [{"user_name": "Amit", "user_image": "usr.image", "review_text": "Don't ever think about booking this hotel", "date": "30 Sep 2022", "rating": {"bg_color": "#ff4742", "title": "1"}}, {"user_name": "Krushang Patel", "user_image": "usr.image", "review_text": "Low terrif problem again .\nThis is 2nd time in 2nd townhouse i m facing low terrif problem.\nThis time i ask oyo call centre to verify that this booking will not be cancle due to low terrif and he assured me that this time it will not happen but again the same issue appear and me and my family need to suffer at night.", "date": "22 Sep 2022", "rating": {"bg_color": "#ff4742", "title": "1"}}, {"user_name": "Yogendra Gohil", "user_image": "usr.image", "review_text": "Hotel owner did not allow us to checkin as I have paid 1202.00 through oyo online payment while booking. + he took 300 rs cash extra so that we can checking and he did not gave us receipt of that. Second he was arguing that oyo townhouse is not oyo property it is his property and he doesn't have any such tie up. First at reception counter I have been told to connect with oyo customer care then Second person came and ask us not to connect. Then property manager came and told them clearly that if we complain then he may ask to check.out. Despite of asking for receipt he has not given any cash receipt of 300.00 + I  have contacted oyo room at the same time but no strong action has been taken yet. If oyo townhouse rajyash rise is not a property of oyo then it should not reflect in oyo app. Customer has to hustle a lot very poor service by townhouse and oyo both.", "date": "21 Sep 2022", "rating": {"bg_color": "#ff4742", "title": "1"}}, {"user_name": "Ritesh Shah", "user_image": "usr.image", "review_text": "Pathetic experience.. they asked extra money for check-in.. I have fully paid the amount in advance.. but when you reach the counter and share you booking id.. receptionist will refresh your account and add to pay extra amount.. room service is also bad... Bathrooms are not cleaned.. no toilet paper placed.. bed sheets are not properly washed.. rated zero of I can.", "date": "19 Sep 2022", "rating": {"bg_color": "#ff4742", "title": "1"}}, {"user_name": "Divyasundar sahu", "user_image": "usr.image", "review_text": "Very poor service. In my booking details it's written complimentary breakfast but not provided. Also Oyo support system no reply back. Request for change blanket also not accepted by hotel.", "date": "18 Sep 2022", "rating": {"bg_color": "#ff4742", "title": "1"}}, {"user_name": "shahzad", "user_image": "usr.image", "review_text": "No AC work not woos room cilne not tv working", "date": "14 Sep 2022", "rating": {"bg_color": "#ff4742", "title": "1"}}, {"user_name": "Chetan Parmar", "user_image": "usr.image", "review_text": "Water not sufficient and  wahroom is not clean so bad and out side food is not allowed and delay on food order", "date": "03 Sep 2022", "rating": {"bg_color": "#ff4742", "title": "1"}}, {"user_name": "Utkarsh Nanda", "user_image": "usr.image", "review_text": "Outside food is not allowed. They make you buy from Grubian which is not worth money.", "date": "01 Sep 2022", "rating": {"bg_color": "#ff4742", "title": "1"}}, {"user_name": "Divyesh Makwana", "user_image": "usr.image", "review_text": "BE AWARE\n\nthey don't accept OYO booking... Please confirm before you go... Please don't pay first and don't book this hotel bcoz they don't accept OYO booking...  They put a sign board in their hotel that say we don't accept OYO booking.. ...", "date": "28 Aug 2022", "rating": {"bg_color": "#ff4742", "title": "1"}}, {"user_name": "Shubh Pandya", "user_image": "usr.image", "review_text": "I was provided a deal of rs 772 for the room and I received a call 2 hours prior to checkin that our tarrif is higher and we need to charge 1600 for the room . If you have any problem call oyo support . Not done , would not recommend booking this hotel .", "date": "26 Jul 2022", "rating": {"bg_color": "#ff4742", "title": "1"}}, {"user_name": "Sajan", "user_image": "usr.image", "review_text": "Oyo demand on Monday more RS.600\nOn hotel visit\nAnd end time we pay Extra RS.600\nAnd I pay total 1600\nAnd last moment if I cancel then non refundable\nRs.1017", "date": "26 Jul 2022", "rating": {"bg_color": "#ff4742", "title": "1"}}, {"user_name": "Malek Afzal", "user_image": "usr.image", "review_text": "Take 600 rupees as a tarrif money.", "date": "30 Jun 2022", "rating": {"bg_color": "#ff4742", "title": "1"}}, {"user_name": "Hemant Maurya", "user_image": "usr.image", "review_text": "worst service and I already paid online payment but at a check in time they argue to give extra money otherwise they didn't give room and I have to give extra 600 rs and the behaviour was very rude and please I recommend that don't go there...", "date": "27 Jun 2022", "rating": {"bg_color": "#ff4742", "title": "1"}}]}}]