[{"data": {"title": "41 Verified Reviews", "rating_data": {"title": "2.7", "bg_color": "#feba00", "tag": "Fair", "subtitle": "249 ratings on verified stays by guests"}, "sort_options": [{"type": "date-high", "title": "Recent reviews"}, {"type": "rating-high", "title": "High to low ratings"}, {"type": "rating-low", "title": "Low to high ratings"}], "is_last": true, "reviews": [{"user_name": "Rupesh Thakkar", "user_image": "usr.image", "review_text": "It's a great stay for me, everything is good.", "date": "28 Apr 2023", "rating": {"bg_color": "#346000", "title": "5"}}, {"user_name": "Rupesh Thakkar", "user_image": "usr.image", "review_text": "It's a good stay and about hotel that is very clean and polite staff members. Hotel staff service is excellent.", "date": "24 Apr 2023", "rating": {"bg_color": "#346000", "title": "5"}}, {"user_name": "HARDIK MODI", "user_image": "usr.image", "review_text": "Nice property. Cooperative staff especially front desk. Prime location", "date": "16 Nov 2022", "rating": {"bg_color": "#346000", "title": "5"}}, {"user_name": "Prakash", "user_image": "usr.image", "review_text": "it was great experience", "date": "01 Nov 2022", "rating": {"bg_color": "#346000", "title": "5"}}, {"user_name": "Prakash", "user_image": "usr.image", "review_text": "everything was so good..must visit", "date": "16 Oct 2022", "rating": {"bg_color": "#346000", "title": "5"}}, {"user_name": "Vishal Nahta", "user_image": "usr.image", "review_text": "Nice and clean room and staff behavior very good. feeling good. Thnks oyo for providing best hotel...", "date": "29 Sep 2022", "rating": {"bg_color": "#346000", "title": "5"}}, {"user_name": "Prakash", "user_image": "usr.image", "review_text": "it was great experience\noverall happy\na decent oyo hotel as per requirement\nall in all\nhappy to stay there.", "date": "15 Sep 2022", "rating": {"bg_color": "#346000", "title": "5"}}, {"user_name": "Prahlad", "user_image": "usr.image", "review_text": "I stayed at the hotel for a night and it was a great experience. The staff was very helpful but they took me extra charge for my stay otherwise, the room was comfortable. The AC TV was properly working, and the bed was very comfortable. I would recommend this hotel to anyone looking for a good place to stay in the area.", "date": "04 Sep 2022", "rating": {"bg_color": "#346000", "title": "5"}}, {"user_name": "Bhuva Pratik", "user_image": "usr.image", "review_text": "Nice", "date": "07 Aug 2022", "rating": {"bg_color": "#346000", "title": "5"}}, {"user_name": "Barot RAHUL", "user_image": "usr.image", "review_text": "We would like to thank hotel for a very comfortable stay and for the welcoming service. We found the room to be clean and inviting, with excellent amenities and an extremely comfortable bed. The staff were also very kind and helpful.", "date": "14 Jun 2022", "rating": {"bg_color": "#346000", "title": "5"}}, {"user_name": "Ashutosh Muduli", "user_image": "usr.image", "review_text": "Location is very good & all types of foods are available nearby. Hotel room is good. Near to zodiac square.", "date": "23 Nov 2022", "rating": {"bg_color": "#58ac00", "title": "4"}}, {"user_name": "Kishan Saraf", "user_image": "usr.image", "review_text": "Okaies had to pay 100 more for only 4hrs stay i paid 600 on a full day booking", "date": "07 Feb 2023", "rating": {"bg_color": "#8fc402", "title": "3"}}, {"user_name": "archis bhagora", "user_image": "usr.image", "review_text": "oyo's online or calling service is worst, i prefer book your room after visit hotel first.", "date": "20 Oct 2022", "rating": {"bg_color": "#8fc402", "title": "3"}}, {"user_name": "Yogesh Tiwari", "user_image": "usr.image", "review_text": "Took extra money from me.", "date": "13 Aug 2022", "rating": {"bg_color": "#8fc402", "title": "3"}}, {"user_name": "VISHAL", "user_image": "usr.image", "review_text": "hotel was good but I am disappointed for payment system", "date": "09 Jun 2022", "rating": {"bg_color": "#8fc402", "title": "3"}}, {"user_name": "Rohit Raina", "user_image": "usr.image", "review_text": "The hotel cleanliness and ambience was not good.It was provided to us as alternative by Oyo as our previous booking was cancelled by the previous hotel.We had paid online through Oyo app and hotel did not accept that.I had thought Oyo woul provide us better alternative. But when we checked in, we were disappointed. when I called Oyo fo r changing the hotel again,they simply refused.very horrible experience.", "date": "25 Oct 2022", "rating": {"bg_color": "#feba00", "title": "2"}}, {"user_name": "Sibaram Sahu", "user_image": "usr.image", "review_text": "It was shown 649 rs. during the booking but it was 1099 rs. when I arrived at hotel..and I paid 1099 rs.", "date": "23 Sep 2022", "rating": {"bg_color": "#feba00", "title": "2"}}, {"user_name": "Rahul Kumar", "user_image": "usr.image", "review_text": "Hotel location and there pictures competitive hotel reality is very bed not for good service and there is staff and there manager is cooperation I want to say that no one come to this hotel", "date": "12 Jul 2022", "rating": {"bg_color": "#feba00", "title": "2"}}, {"user_name": "Kishan Bang", "user_image": "usr.image", "date": "26 Apr 2023", "rating": {"bg_color": "#ff4742", "title": "1"}, "user_image_feedback_list": [{"image_name": "32702F0F-D8B2-4FCD-A6FB-E087A7829566c957cec9-3921-4616-923c-347a69cb3ed2.jpeg", "image_url": "https://images.oyoroomscdn.com/ugc-feedback-uploads/32702F0F-D8B2-4FCD-A6FB-E087A7829566c957cec9-3921-4616-923c-347a69cb3ed2.jpeg", "type": "jpeg", "uploaded_at": "2023-04-26", "image_id": "197635"}]}, {"user_name": "Roshan Shrimali", "user_image": "usr.image", "review_text": "Good hotel", "date": "18 Apr 2023", "rating": {"bg_color": "#ff4742", "title": "1"}}, {"user_name": "Bibudh Attara", "user_image": "usr.image", "review_text": "The Worst experience I ever had it was very very bad AC not working and i was also charged extra 500 at the hotel when i checked in and i haad to checkout early as well !", "date": "03 Mar 2023", "rating": {"bg_color": "#ff4742", "title": "1"}}, {"user_name": "Santosh", "user_image": "usr.image", "review_text": "Worst services. He wants to pay extra money. Non ac room.", "date": "02 Mar 2023", "rating": {"bg_color": "#ff4742", "title": "1"}}, {"user_name": "Vinit", "user_image": "usr.image", "review_text": "Hotel cleaning is very Bad and hotel owner required extra money for stay he saying Oyo booking not al", "date": "02 Mar 2023", "rating": {"bg_color": "#ff4742", "title": "1"}}, {"user_name": "naman", "user_image": "usr.image", "review_text": "Dirty washroom,blanket was very dirty and only for one person,staff behaviour not ok", "date": "22 Dec 2022", "rating": {"bg_color": "#ff4742", "title": "1"}}, {"user_name": "Raj", "user_image": "usr.image", "review_text": "Hotel staff is not professional.\nWas not ready to give room.\nWe have done advance full payment still they have not given room. After doing so many conversations they have given on room without AC. We have paid for AC room.\nHotel room was uncleaned. Very stinky. Very poor service.", "date": "21 Dec 2022", "rating": {"bg_color": "#ff4742", "title": "1"}}, {"user_name": "Meet", "user_image": "usr.image", "review_text": "Extremely poor rooms, great staff but highly over priced can be worth 999/- a day       vb.", "date": "11 Dec 2022", "rating": {"bg_color": "#ff4742", "title": "1"}}, {"user_name": "Gaurav Aswal", "user_image": "usr.image", "review_text": "The hotel outside environment is very shady and doesn't seems safe at all.", "date": "24 Nov 2022", "rating": {"bg_color": "#ff4742", "title": "1"}}, {"user_name": "VijaySingh Gautam", "user_image": "usr.image", "review_text": "Don't Book this this hotel is one of the worst hotel in India", "date": "13 Nov 2022", "rating": {"bg_color": "#ff4742", "title": "1"}}, {"user_name": "pradeep kumar", "user_image": "usr.image", "review_text": "Owner charged extra amount, room smelling", "date": "15 Oct 2022", "rating": {"bg_color": "#ff4742", "title": "1"}}, {"user_name": "Meet Soni", "user_image": "usr.image", "review_text": "I booked for my guests on reaching hotel and showing booking manager said it is full come with me i will accommodate you in near by good hotel on complaining to Oyo helpline they took property owner on conference call and than property owner said it was mistake by his manager but i could not risk my guest by making them stay there so didn't checked in and before few days i have been told that I will get refund but still waiting for it", "date": "11 Oct 2022", "rating": {"bg_color": "#ff4742", "title": "1"}}, {"user_name": "ABHISHEK Chitroda", "user_image": "usr.image", "review_text": "Bekar service", "date": "10 Oct 2022", "rating": {"bg_color": "#ff4742", "title": "1"}}, {"user_name": "Rushi Pithadia", "user_image": "usr.image", "review_text": "Worst ever hotel no good mattress and worst washroom no hot water it was like staying in hostel smelly room", "date": "08 Oct 2022", "rating": {"bg_color": "#ff4742", "title": "1"}}, {"user_name": "Mehta Shamik", "user_image": "usr.image", "review_text": "He charged 251 extra instead to chargable rupees 649", "date": "24 Sep 2022", "rating": {"bg_color": "#ff4742", "title": "1"}}, {"user_name": "Parwez Desai", "user_image": "usr.image", "review_text": "Shittiest behaviour ever \nAlready booked the hotel and paid online through OYO Customer service and when reached the destination they no rooms available", "date": "22 Sep 2022", "rating": {"bg_color": "#ff4742", "title": "1"}}, {"user_name": "Aarya", "user_image": "usr.image", "review_text": "I booked the room at 650 rupees.But I had to.pay 1000 ruoees at hotel inspite of complaining to care.", "date": "19 Sep 2022", "rating": {"bg_color": "#ff4742", "title": "1"}}, {"user_name": "Sandeep", "user_image": "usr.image", "review_text": "Not same room", "date": "30 Aug 2022", "rating": {"bg_color": "#ff4742", "title": "1"}}, {"user_name": "Mukesh", "user_image": "usr.image", "review_text": "No bad hotel", "date": "18 Aug 2022", "rating": {"bg_color": "#ff4742", "title": "1"}}, {"user_name": "Ripal", "user_image": "usr.image", "review_text": "Worst hotel in my life..no room service..no cleaned room and not changed even towel for 3 days..also they charged double amount after confirmed booking from Oyo app by saying they're no room available....if we cancelled then got refund nothing...so don't book from Oyo and never stay in this hotel", "date": "16 Aug 2022", "rating": {"bg_color": "#ff4742", "title": "1"}}, {"user_name": "Bhavin Patel", "user_image": "usr.image", "review_text": "Do not book this hotel! horrible experience last minute oyo transfer low budget hotel we pay higher amount to low budget hotel! Air conditioner 15 min on after 10 min, whenever we left room for breakfast or dinner they just switch off the electricity! \ud83d\ude05 very bad experience never expect from oyo", "date": "18 Jun 2022", "rating": {"bg_color": "#ff4742", "title": "1"}}, {"user_name": "Abhijeet Dharmadhikari", "user_image": "usr.image", "review_text": "There is point which I like to describe here.1. Tarrif was not as shown on the Website.n2. Traveller&#39;s are geting Checked-in Automatically by the System without confirmation of the Traveller.n3. Traveller&#39;s are force to pay the difference amount. n4. Once you are Auto Checked-in, Booking site refuse to Cancel, Transfer the booking. In this scenario, traveler has no other option to pay the difference and stay at the same disputed hotel property.n5. Given Rooms was not clean.n6. Wash Basin has a Red Stain; It was not cleaned.n7. Water Heater is very Old and have Rustn8. There is no Packaged Drinking Water... Hotel is providing Water filled from RO Water System but I don&#39;t know whether it was clean or not.n9. Although, Booking website shows Early Check-in from 7:40 and it&#39;s Manageable (Here manageable means You have to pay Atleast 500&#47;- Extra).n10. Person who is responsible to handle the booking is not seated in the Same Hotel. Hotel property does not have Computer in the Hotel.n11. Duty Staff every time call to its owner for each and every word we have exchanged.n12. It&#39;s painful to see good Photos on the Website but actual situation is completely different. You can say completely mirror image in the reality.", "date": "15 Jun 2022", "rating": {"bg_color": "#ff4742", "title": "1"}}, {"user_name": "VISHAL", "user_image": "usr.image", "review_text": "room quality is poor, bathroom is worst , really a bad experience...", "date": "11 Jun 2022", "rating": {"bg_color": "#ff4742", "title": "1"}}]}}]