[{"data": {"title": "6 Verified Reviews", "rating_data": {"title": "4.1", "bg_color": "#58ac00", "tag": "Very Good", "subtitle": "34 ratings on verified stays by guests"}, "sort_options": [{"type": "date-high", "title": "Recent reviews"}, {"type": "rating-high", "title": "High to low ratings"}, {"type": "rating-low", "title": "Low to high ratings"}], "is_last": true, "reviews": [{"user_name": "Makwana Mohit", "user_image": "usr.image", "review_text": "It's too safe ..and relatable place ... where u can stay safely and happy...I gave 5 start", "date": "05 Sep 2022", "rating": {"bg_color": "#346000", "title": "5"}}, {"user_name": "Parmar Rohan", "user_image": "usr.image", "review_text": "Good", "date": "09 Aug 2022", "rating": {"bg_color": "#346000", "title": "5"}}, {"user_name": "Yogesh Jadhav", "user_image": "usr.image", "review_text": "I stayed at the hotel recently and they were great! The hotel was clean and hygenic and their service was excellent. They only charged Extra Rs 300 more to check in, which wasn't a big deal at all. I will be back next time.", "date": "13 Jun 2022", "rating": {"bg_color": "#346000", "title": "5"}}, {"user_name": "PATEL", "user_image": "usr.image", "review_text": "The service was not good they are making foolish to us. They are not provided any things related to customer service. I am Not recommended to any one to stay over here.", "date": "13 Jul 2022", "rating": {"bg_color": "#ff4742", "title": "1"}}, {"user_name": "Farhankhan", "user_image": "usr.image", "review_text": "i need my momey back they checked in by their own and didn't give me room", "date": "22 Jun 2022", "rating": {"bg_color": "#ff4742", "title": "1"}}, {"user_name": "aniket", "user_image": "usr.image", "review_text": "room can't book this time I paid 550 rupee again and share a room with other brother fake hai sale\nstaff behave very rude", "date": "14 Jun 2022", "rating": {"bg_color": "#ff4742", "title": "1"}}]}}]