[{"data": {"title": "80 Verified Reviews", "rating_data": {"title": "4.2", "bg_color": "#58ac00", "tag": "Very Good", "subtitle": "424 ratings on verified stays by guests"}, "sort_options": [{"type": "date-high", "title": "Recent reviews"}, {"type": "rating-high", "title": "High to low ratings"}, {"type": "rating-low", "title": "Low to high ratings"}], "is_last": true, "reviews": [{"user_name": "Mrs SurajPatil", "user_image": "usr.image", "date": "01 May 2023", "rating": {"bg_color": "#346000", "title": "5"}, "user_image_feedback_list": [{"image_name": "Screenshot_2023-05-01-12-01-53-708_com.google.android.apps.mapsd773e540-70a7-45a9-8ccb-f29fc9b97944.jpg", "image_url": "https://images.oyoroomscdn.com/ugc-feedback-uploads/Screenshot_2023-05-01-12-01-53-708_com.google.android.apps.mapsd773e540-70a7-45a9-8ccb-f29fc9b97944.jpg", "type": "jpg", "uploaded_at": "2023-05-01", "image_id": "199215"}]}, {"user_name": "Asari Mukesh", "user_image": "usr.image", "review_text": "Wonder fulll", "date": "19 Apr 2023", "rating": {"bg_color": "#346000", "title": "5"}}, {"user_name": "Rahul KumarTamrakar", "user_image": "usr.image", "review_text": "Best hotel", "date": "13 Apr 2023", "rating": {"bg_color": "#346000", "title": "5"}}, {"user_name": "RAJNEESH RAJNEESH", "user_image": "usr.image", "review_text": "Good", "date": "11 Apr 2023", "rating": {"bg_color": "#346000", "title": "5"}}, {"user_name": "Mohan Ramalingam", "user_image": "usr.image", "review_text": "Good", "date": "08 Apr 2023", "rating": {"bg_color": "#346000", "title": "5"}}, {"user_name": "Pradip", "user_image": "usr.image", "review_text": "location good staff good, affordable terriff", "date": "20 Mar 2023", "rating": {"bg_color": "#346000", "title": "5"}}, {"user_name": "Rohan Panchal", "user_image": "usr.image", "review_text": "Excellent Service", "date": "14 Mar 2023", "rating": {"bg_color": "#346000", "title": "5"}}, {"user_name": "yuviraajsinh", "user_image": "usr.image", "review_text": "Extent service.... I come back again", "date": "10 Mar 2023", "rating": {"bg_color": "#346000", "title": "5"}}, {"user_name": "messi ansari", "user_image": "usr.image", "review_text": "Best experience", "date": "05 Mar 2023", "rating": {"bg_color": "#346000", "title": "5"}}, {"user_name": "Dharmin Patel", "user_image": "usr.image", "review_text": "Very good....", "date": "05 Mar 2023", "rating": {"bg_color": "#346000", "title": "5"}}, {"user_name": "Umakant Nigote", "user_image": "usr.image", "review_text": "good management", "date": "05 Mar 2023", "rating": {"bg_color": "#346000", "title": "5"}}, {"user_name": "Ravi Prakash", "user_image": "usr.image", "review_text": "Reception and room service both are professional", "date": "04 Mar 2023", "rating": {"bg_color": "#346000", "title": "5"}}, {"user_name": "Gautam", "user_image": "usr.image", "review_text": "Good", "date": "04 Mar 2023", "rating": {"bg_color": "#346000", "title": "5"}}, {"user_name": "Sanjay Thakur", "user_image": "usr.image", "review_text": "Nice hotel...I stay here for 3 nights", "date": "03 Mar 2023", "rating": {"bg_color": "#346000", "title": "5"}}, {"user_name": "Kewal Singh", "user_image": "usr.image", "review_text": "Good one", "date": "01 Mar 2023", "rating": {"bg_color": "#346000", "title": "5"}}, {"user_name": "Samar sharma", "user_image": "usr.image", "review_text": "Great experience must visit", "date": "28 Feb 2023", "rating": {"bg_color": "#346000", "title": "5"}}, {"user_name": "Anupriya", "user_image": "usr.image", "review_text": "The room was pretty good and clean.\nAffordable rate .\nStaffs are too good and friendly.", "date": "20 Feb 2023", "rating": {"bg_color": "#346000", "title": "5"}}, {"user_name": "Jasmin Charaniya", "user_image": "usr.image", "review_text": "Awesome experience", "date": "19 Feb 2023", "rating": {"bg_color": "#346000", "title": "5"}}, {"user_name": "Raman Singh", "user_image": "usr.image", "review_text": "It was nice experience good staff", "date": "18 Feb 2023", "rating": {"bg_color": "#346000", "title": "5"}}, {"user_name": "Mitul Patel", "user_image": "usr.image", "review_text": "Very good facility comfortable room nice to stay here", "date": "18 Feb 2023", "rating": {"bg_color": "#346000", "title": "5"}}, {"user_name": "Ramesh Panchal", "user_image": "usr.image", "review_text": "very good service I m very happy", "date": "15 Feb 2023", "rating": {"bg_color": "#346000", "title": "5"}}, {"user_name": "rakesh saran", "user_image": "usr.image", "review_text": "Ok", "date": "12 Feb 2023", "rating": {"bg_color": "#346000", "title": "5"}}, {"user_name": "Kartik Aute", "user_image": "usr.image", "review_text": "Nice Accomodation for Quick Service around the Kankaria Lake area", "date": "12 Feb 2023", "rating": {"bg_color": "#346000", "title": "5"}}, {"user_name": "jay", "user_image": "usr.image", "review_text": "Vrey good service", "date": "11 Feb 2023", "rating": {"bg_color": "#346000", "title": "5"}}, {"user_name": "Viral Tada", "user_image": "usr.image", "review_text": "Good hotel for students", "date": "11 Feb 2023", "rating": {"bg_color": "#346000", "title": "5"}}, {"user_name": "Sourav Sah", "user_image": "usr.image", "review_text": "Excellent rooms services r good staff workers are very helpful", "date": "11 Feb 2023", "rating": {"bg_color": "#346000", "title": "5"}}, {"user_name": "Aliraza", "user_image": "usr.image", "review_text": "Cleaness", "date": "07 Feb 2023", "rating": {"bg_color": "#346000", "title": "5"}}, {"user_name": "Pratik Bhavsar", "user_image": "usr.image", "review_text": "It was really nice experience to stay at Hotel. So Comfortable and Good Environment. Better staff. All good Overall", "date": "30 Nov 2022", "rating": {"bg_color": "#346000", "title": "5"}}, {"user_name": "Nitin", "user_image": "usr.image", "review_text": "When i checked review on Google map,i was not sure what will happen.but It was totally different,hotel room were great and services were really good. really good.", "date": "26 Nov 2022", "rating": {"bg_color": "#346000", "title": "5"}}, {"user_name": "sanjay joshi", "user_image": "usr.image", "review_text": "Good facilities and near to road and good place for one night stand", "date": "02 Oct 2022", "rating": {"bg_color": "#346000", "title": "5"}}, {"user_name": "Rony Mack", "user_image": "usr.image", "review_text": "this sarvixe is good", "date": "01 Oct 2022", "rating": {"bg_color": "#346000", "title": "5"}}, {"user_name": "Devanshi patel", "user_image": "usr.image", "review_text": "Good", "date": "01 Oct 2022", "rating": {"bg_color": "#346000", "title": "5"}}, {"user_name": "Bhavinkumar Parmar", "user_image": "usr.image", "review_text": "Hotel IS VERY Good but OYO facility very bad. 100 to 0.1 rating OYO", "date": "24 Sep 2022", "rating": {"bg_color": "#346000", "title": "5"}}, {"user_name": "Lakhani", "user_image": "usr.image", "review_text": "good services", "date": "17 Sep 2022", "rating": {"bg_color": "#346000", "title": "5"}}, {"user_name": "Pramil", "user_image": "usr.image", "review_text": "Good", "date": "15 Sep 2022", "rating": {"bg_color": "#346000", "title": "5"}}, {"user_name": "Harsh Patel", "user_image": "usr.image", "review_text": "good service but ac not working", "date": "22 Aug 2022", "rating": {"bg_color": "#346000", "title": "5"}}, {"user_name": "Soham Kumar Sahu", "user_image": "usr.image", "review_text": "Nice room and staff", "date": "22 Aug 2022", "rating": {"bg_color": "#346000", "title": "5"}}, {"user_name": "Abhradip Hazra", "user_image": "usr.image", "review_text": "Good service, staffs are humble and helpful", "date": "19 Aug 2022", "rating": {"bg_color": "#346000", "title": "5"}}, {"user_name": "Himanshu kumar singh", "user_image": "usr.image", "review_text": "Very good service", "date": "18 Aug 2022", "rating": {"bg_color": "#346000", "title": "5"}}, {"user_name": "jagdish seju", "user_image": "usr.image", "review_text": "Best location for stay", "date": "15 Aug 2022", "rating": {"bg_color": "#346000", "title": "5"}, "user_image_feedback_list": [{"image_name": "JPEG_20220815_080315_21080165522033035169f2de258-d0cc-4da6-9ed1-f3375f0d1a07.jpg", "image_url": "https://images.oyoroomscdn.com/ugc-feedback-uploads/JPEG_20220815_080315_21080165522033035169f2de258-d0cc-4da6-9ed1-f3375f0d1a07.jpg", "type": "jpg", "uploaded_at": "2022-08-15", "image_id": "108087"}]}, {"user_name": "HARDIK MODI", "user_image": "usr.image", "review_text": "Nice property. Staff is very welcoming n helpful.", "date": "08 Aug 2022", "rating": {"bg_color": "#346000", "title": "5"}}, {"user_name": "D.K. Jangid", "user_image": "usr.image", "review_text": "Staff are good", "date": "07 Aug 2022", "rating": {"bg_color": "#346000", "title": "5"}}, {"user_name": "Dhavalbhatt", "user_image": "usr.image", "review_text": "So nice hotel", "date": "03 Aug 2022", "rating": {"bg_color": "#346000", "title": "5"}}, {"user_name": "Jenish Patel", "user_image": "usr.image", "review_text": "it was a great experience. The room was clean and comfortable, the staff was friendly and helpful, and the amenities were all working properly.", "date": "08 Jul 2022", "rating": {"bg_color": "#346000", "title": "5"}}, {"user_name": "Sandeep Sharma", "user_image": "usr.image", "review_text": "very good service", "date": "07 Jul 2022", "rating": {"bg_color": "#346000", "title": "5"}}, {"user_name": "Atul Goyal", "user_image": "usr.image", "review_text": "I had a great stay at the hotel. The staff was friendly and helpful, the room was clean and comfortable, and all of the facilities were available. I felt safe on this property and would recommend it to anyone looking for a place to stay in this area.", "date": "29 Jun 2022", "rating": {"bg_color": "#346000", "title": "5"}}, {"user_name": "Neeraj Mishra", "user_image": "usr.image", "review_text": "When our team was all in the same location for a meeting, we decided to book a hotel near G.I.D.C enduesteril area. service was good and the room was beautifully full and clean and hygienic, the washroom was clean and hygienic, and the staff was kind.", "date": "26 Jun 2022", "rating": {"bg_color": "#346000", "title": "5"}}, {"user_name": "Vishal", "user_image": "usr.image", "date": "19 Apr 2023", "rating": {"bg_color": "#58ac00", "title": "4"}, "user_image_feedback_list": [{"image_name": "JPEG_20230419_154205_5081558310314453244f3beb6e9-9079-426d-ae0b-21d35f27bc58.jpg", "image_url": "https://images.oyoroomscdn.com/ugc-feedback-uploads/JPEG_20230419_154205_5081558310314453244f3beb6e9-9079-426d-ae0b-21d35f27bc58.jpg", "type": "jpg", "uploaded_at": "2023-04-19", "image_id": "195763"}]}, {"user_name": "Ashwani Kumar", "user_image": "usr.image", "review_text": "Location of hotel is good, Room size is compact but according to budget its okay. Nice manager and staff. Nearby good dhabas for food.", "date": "15 Apr 2023", "rating": {"bg_color": "#58ac00", "title": "4"}}, {"user_name": "Akash Maherkar", "user_image": "usr.image", "review_text": "All over best", "date": "30 Mar 2023", "rating": {"bg_color": "#58ac00", "title": "4"}}, {"user_name": "Manish gurung", "user_image": "usr.image", "review_text": "Very good hospitality, good cleaning", "date": "13 Mar 2023", "rating": {"bg_color": "#58ac00", "title": "4"}, "user_image_feedback_list": [{"image_name": "JPEG_20230313_105744_308278638850082468662907633-9acf-44d3-91a1-576ae1f076f3.jpg", "image_url": "https://images.oyoroomscdn.com/ugc-feedback-uploads/JPEG_20230313_105744_308278638850082468662907633-9acf-44d3-91a1-576ae1f076f3.jpg", "type": "jpg", "uploaded_at": "2023-03-13", "image_id": "184613"}]}, {"user_name": "ravin Malam", "user_image": "usr.image", "review_text": "Good Staff Good Facility", "date": "05 Mar 2023", "rating": {"bg_color": "#58ac00", "title": "4"}}, {"user_name": "Kuber Jawale", "user_image": "usr.image", "review_text": "Nice hotel", "date": "03 Mar 2023", "rating": {"bg_color": "#58ac00", "title": "4"}}, {"user_name": "Prashant Leuva", "user_image": "usr.image", "review_text": "Good room facility", "date": "15 Feb 2023", "rating": {"bg_color": "#58ac00", "title": "4"}}, {"user_name": "Jas Parihar", "user_image": "usr.image", "review_text": "Nice Hotel In Ahmedabad C-65 Bileshwar Complex ,Opp. Vepari Maha Mandal,Ring Road Location\nReally Good Hotels", "date": "04 Feb 2023", "rating": {"bg_color": "#58ac00", "title": "4"}}, {"user_name": "mitul", "user_image": "usr.image", "review_text": "Staff good", "date": "11 Jan 2023", "rating": {"bg_color": "#58ac00", "title": "4"}}, {"user_name": "Appu", "user_image": "usr.image", "review_text": "When I booked the hotel it's shows appolo hotel above Vijay sales, at the last point hotel changed to royal palace.. don't book any hotel through this app..", "date": "21 Feb 2023", "rating": {"bg_color": "#8fc402", "title": "3"}}, {"user_name": "Mohit Kumar", "user_image": "usr.image", "review_text": "Average rooms.", "date": "10 Jan 2023", "rating": {"bg_color": "#8fc402", "title": "3"}}, {"user_name": "Trisha", "user_image": "usr.image", "review_text": "Facilities and room was average, sanitation can be improved .", "date": "02 Nov 2022", "rating": {"bg_color": "#8fc402", "title": "3"}}, {"user_name": "Aspino Aspino", "user_image": "usr.image", "review_text": "Not the hotel what we expected we have booked apollo hotel and we have got royal palace while booking food was included but while check-in at the hotel food was not there", "date": "17 Oct 2022", "rating": {"bg_color": "#8fc402", "title": "3"}}, {"user_name": "Khan Rameez", "user_image": "usr.image", "review_text": "Hotel location was good, but room was not upto the mark", "date": "22 Sep 2022", "rating": {"bg_color": "#8fc402", "title": "3"}}, {"user_name": "Mohammed Rahmatullah", "user_image": "usr.image", "review_text": "Ok good to stay", "date": "25 Aug 2022", "rating": {"bg_color": "#8fc402", "title": "3"}}, {"user_name": "Harshad CI", "user_image": "usr.image", "review_text": "Very very very very very very good stay and very glad yo stayay there jsjdbdhdhjrjrndjenjejdjdjdjdndndndndndndn", "date": "13 Aug 2022", "rating": {"bg_color": "#8fc402", "title": "3"}}, {"user_name": "Jay", "user_image": "usr.image", "review_text": "Blanket and towel was dirty and cockroach and mosquitoes are there in rooms  bad experience overall", "date": "20 Mar 2023", "rating": {"bg_color": "#feba00", "title": "2"}}, {"user_name": "Bappa Dey", "user_image": "usr.image", "date": "01 May 2023", "rating": {"bg_color": "#ff4742", "title": "1"}, "user_image_feedback_list": [{"image_name": "JPEG_20230501_115358_1677923197391192857c04d72bc-fb00-4529-879c-827cfc7b326d.jpg", "image_url": "https://images.oyoroomscdn.com/ugc-feedback-uploads/JPEG_20230501_115358_1677923197391192857c04d72bc-fb00-4529-879c-827cfc7b326d.jpg", "type": "jpg", "uploaded_at": "2023-05-01", "image_id": "199033"}, {"image_name": "JPEG_20230501_115317_541531909615549381184619e3a-4e88-40ab-881d-d35fb5d120cf.jpg", "image_url": "https://images.oyoroomscdn.com/ugc-feedback-uploads/JPEG_20230501_115317_541531909615549381184619e3a-4e88-40ab-881d-d35fb5d120cf.jpg", "type": "jpg", "uploaded_at": "2023-05-01", "image_id": "199032"}, {"image_name": "JPEG_20230501_115237_5213678029557534072c3cee652-c5ce-4688-abd6-2a4d15f33ab4.jpg", "image_url": "https://images.oyoroomscdn.com/ugc-feedback-uploads/JPEG_20230501_115237_5213678029557534072c3cee652-c5ce-4688-abd6-2a4d15f33ab4.jpg", "type": "jpg", "uploaded_at": "2023-05-01", "image_id": "199031"}, {"image_name": "JPEG_20230501_115207_5370949146519214241f8409099-f53c-4df3-a63e-48a985edf3da.jpg", "image_url": "https://images.oyoroomscdn.com/ugc-feedback-uploads/JPEG_20230501_115207_5370949146519214241f8409099-f53c-4df3-a63e-48a985edf3da.jpg", "type": "jpg", "uploaded_at": "2023-05-01", "image_id": "199030"}, {"image_name": "JPEG_20230501_115041_766338403967223025990abde38-99cd-4d76-9f37-d0937d310d0f.jpg", "image_url": "https://images.oyoroomscdn.com/ugc-feedback-uploads/JPEG_20230501_115041_766338403967223025990abde38-99cd-4d76-9f37-d0937d310d0f.jpg", "type": "jpg", "uploaded_at": "2023-05-01", "image_id": "199028"}, {"image_name": "JPEG_20230501_115017_3755769327748705886de7f330c-1219-42cc-a277-977a6509ce92.jpg", "image_url": "https://images.oyoroomscdn.com/ugc-feedback-uploads/JPEG_20230501_115017_3755769327748705886de7f330c-1219-42cc-a277-977a6509ce92.jpg", "type": "jpg", "uploaded_at": "2023-05-01", "image_id": "199027"}]}, {"user_name": "S Krishna", "user_image": "usr.image", "review_text": "I have received a very different room , where inside bathroom is visible through bathroom window for the people who walk in lobby and OYO has not solved my problem and not even responded properly.\nI am very disappointed OYO .", "date": "10 Apr 2023", "rating": {"bg_color": "#ff4742", "title": "1"}, "user_image_feedback_list": [{"image_name": "215E5553-36CD-48F0-9604-AC32B5AE32656769ab02-6c1a-4d7c-b477-fbff990c3517.jpeg", "image_url": "https://images.oyoroomscdn.com/ugc-feedback-uploads/215E5553-36CD-48F0-9604-AC32B5AE32656769ab02-6c1a-4d7c-b477-fbff990c3517.jpeg", "type": "jpeg", "uploaded_at": "2023-04-10", "image_id": "193264"}, {"image_name": "7D3E7A7D-160F-42CB-81C1-1208502D50CF9727397a-bb88-416e-9625-87b4d91f752a.jpeg", "image_url": "https://images.oyoroomscdn.com/ugc-feedback-uploads/7D3E7A7D-160F-42CB-81C1-1208502D50CF9727397a-bb88-416e-9625-87b4d91f752a.jpeg", "type": "jpeg", "uploaded_at": "2023-04-10", "image_id": "193263"}, {"image_name": "5FB82D2B-5B82-4971-B00F-A74B5289C3B7ab9ebba4-cc32-4e91-a8b7-9a9952b8f673.jpeg", "image_url": "https://images.oyoroomscdn.com/ugc-feedback-uploads/5FB82D2B-5B82-4971-B00F-A74B5289C3B7ab9ebba4-cc32-4e91-a8b7-9a9952b8f673.jpeg", "type": "jpeg", "uploaded_at": "2023-04-10", "image_id": "193262"}]}, {"user_name": "ujjaval", "user_image": "usr.image", "review_text": "i have checked in to hotel at 9 am in the morning. they asked me to pay 200rs extra as early check in price which i did..the room did not had ane tv or wifi service available.", "date": "31 Mar 2023", "rating": {"bg_color": "#ff4742", "title": "1"}}, {"user_name": "Devang", "user_image": "usr.image", "review_text": "Fan was not working properly\u2026\u2026\u2026..\nWashroom was not good as well as very small room \u2026\nI saw in reviews after i went \u2026", "date": "30 Mar 2023", "rating": {"bg_color": "#ff4742", "title": "1"}}, {"user_name": "Aakash Mandaviya", "user_image": "usr.image", "review_text": "behaviour of reception and fan not working in room. changed my room twice", "date": "13 Mar 2023", "rating": {"bg_color": "#ff4742", "title": "1"}}, {"user_name": "Goyal", "user_image": "usr.image", "review_text": "No cleanness ,very dirty room ,no tv connection and not as per expectation and they are foolish to me and charged more money .\n\nOverall very poor experience don't wast money in it.\n\nAlso they are use your phone to rating 5 star \ud83c\udf1f all reviews of 5 \ud83c\udf1f are fake . They also force to me give mobile but I litery denied and make a geniune review.\n\nNow Oyo has no responsibility about it also.", "date": "12 Mar 2023", "rating": {"bg_color": "#ff4742", "title": "1"}}, {"user_name": "ghanshyamsingh ghanshyamsingh", "user_image": "usr.image", "review_text": "Room was not clear", "date": "13 Feb 2023", "rating": {"bg_color": "#ff4742", "title": "1"}}, {"user_name": "Nilay Sutar", "user_image": "usr.image", "review_text": "Everything was worst from location to rooms, room condition worst too, no water pressure in washroom and very dirty condition too", "date": "29 Dec 2022", "rating": {"bg_color": "#ff4742", "title": "1"}}, {"user_name": "Nilay", "user_image": "usr.image", "review_text": "Charged extra money for AC", "date": "14 Nov 2022", "rating": {"bg_color": "#ff4742", "title": "1"}}, {"user_name": "Upadhyay Abhishek", "user_image": "usr.image", "review_text": "poor experience", "date": "07 Oct 2022", "rating": {"bg_color": "#ff4742", "title": "1"}}, {"user_name": "Jay Faldu", "user_image": "usr.image", "review_text": "Staff behaviour is very rudely and i booked AC room bt they had not AC room so any person do not book by oyo app because it is very third calss app for hotel booking.", "date": "03 Oct 2022", "rating": {"bg_color": "#ff4742", "title": "1"}}, {"user_name": "Hiten Pithva", "user_image": "usr.image", "review_text": "Very poor experience...\n\ni booked though OYO......\n\n\ni paid all amount and when i goes to hotel manager tell me that... your booking is not showing here... you can not check in....\n\ni contact act so much time to oyo but no one answer.... \n\ni didn't know what happen.... \n\nnever book though oyo...", "date": "30 Aug 2022", "rating": {"bg_color": "#ff4742", "title": "1"}}, {"user_name": "nihal chavda", "user_image": "usr.image", "review_text": "I booked Deluxe room and i got worst room and I also booked Ac room and o got non AC room and that owner said me if you want to complaint than you can but i give you only non ac room because of rain i have to stay.", "date": "23 Aug 2022", "rating": {"bg_color": "#ff4742", "title": "1"}}, {"user_name": "Mahesh", "user_image": "usr.image", "review_text": "Not check in on sopt and service poor because I pay 400 for refresh only, I not stage in Hotel.", "date": "17 Aug 2022", "rating": {"bg_color": "#ff4742", "title": "1"}}, {"user_name": "Darshan", "user_image": "usr.image", "review_text": "I have book hotel,i stills not chek in or chek out,i will.call Oyo company they have not corporate with me.no cancel my booking,this hotel is very worst place near location,we can't stay here", "date": "10 Aug 2022", "rating": {"bg_color": "#ff4742", "title": "1"}}, {"user_name": "Mits Patel", "user_image": "usr.image", "review_text": "Not good service", "date": "22 Jul 2022", "rating": {"bg_color": "#ff4742", "title": "1"}}]}}]