[{"data": {"title": "60 Verified Reviews", "rating_data": {"title": "4.1", "bg_color": "#58ac00", "tag": "Very Good", "subtitle": "285 ratings on verified stays by guests"}, "sort_options": [{"type": "date-high", "title": "Recent reviews"}, {"type": "rating-high", "title": "High to low ratings"}, {"type": "rating-low", "title": "Low to high ratings"}], "is_last": true, "reviews": [{"user_name": "aravind", "user_image": "usr.image", "date": "23 May 2023", "rating": {"bg_color": "#346000", "title": "5"}, "user_image_feedback_list": [{"image_name": "JPEG_20230523_233213_8472784072047815539ad6f345e-d844-4e31-b9d7-1e9087b66038.jpg", "image_url": "https://images.oyoroomscdn.com/ugc-feedback-uploads/JPEG_20230523_233213_8472784072047815539ad6f345e-d844-4e31-b9d7-1e9087b66038.jpg", "type": "jpg", "uploaded_at": "2023-05-23", "image_id": "205197"}, {"image_name": "JPEG_20230523_233157_1559276123779002878f51d2d23-c420-477a-95dd-e8664d98a714.jpg", "image_url": "https://images.oyoroomscdn.com/ugc-feedback-uploads/JPEG_20230523_233157_1559276123779002878f51d2d23-c420-477a-95dd-e8664d98a714.jpg", "type": "jpg", "uploaded_at": "2023-05-23", "image_id": "205196"}, {"image_name": "JPEG_20230523_233135_29924934056015285443df14f4a-7f5f-40d4-b005-16941d5b0e7a.jpg", "image_url": "https://images.oyoroomscdn.com/ugc-feedback-uploads/JPEG_20230523_233135_29924934056015285443df14f4a-7f5f-40d4-b005-16941d5b0e7a.jpg", "type": "jpg", "uploaded_at": "2023-05-23", "image_id": "205195"}, {"image_name": "JPEG_20230523_233119_8954014978538717098b0f0d9bc-f0d9-4365-a803-6fa30790d03a.jpg", "image_url": "https://images.oyoroomscdn.com/ugc-feedback-uploads/JPEG_20230523_233119_8954014978538717098b0f0d9bc-f0d9-4365-a803-6fa30790d03a.jpg", "type": "jpg", "uploaded_at": "2023-05-23", "image_id": "205194"}, {"image_name": "JPEG_20230523_233103_3533745193085652394de0f7855-a874-44e3-b682-63a4c9e6f20b.jpg", "image_url": "https://images.oyoroomscdn.com/ugc-feedback-uploads/JPEG_20230523_233103_3533745193085652394de0f7855-a874-44e3-b682-63a4c9e6f20b.jpg", "type": "jpg", "uploaded_at": "2023-05-23", "image_id": "205193"}]}, {"user_name": "Harsh Anchan", "user_image": "usr.image", "review_text": "Better than expected and pleasantly surprising for the rate at which it was offered. Was at a good location with Manekchowk closeby", "date": "25 Apr 2023", "rating": {"bg_color": "#346000", "title": "5"}}, {"user_name": "Meghna lalzare", "user_image": "usr.image", "review_text": "Good facilities", "date": "20 Apr 2023", "rating": {"bg_color": "#346000", "title": "5"}}, {"user_name": "mewada chirag", "user_image": "usr.image", "review_text": "Good", "date": "31 Mar 2023", "rating": {"bg_color": "#346000", "title": "5"}}, {"user_name": "Amit", "user_image": "usr.image", "review_text": "Clean room with almost like new linen, option for in room breakfast/ lunch/ dinner though with limited menu, cordial staff though I have to pay extra for early check in but it was good experience overall.", "date": "27 Mar 2023", "rating": {"bg_color": "#346000", "title": "5"}}, {"user_name": "Nirav Ahir", "user_image": "usr.image", "review_text": "Very nice and very good good morning and good morning love you too much and I love you so sweet you so so very good so much love totitoyitot", "date": "16 Mar 2023", "rating": {"bg_color": "#346000", "title": "5"}}, {"user_name": "SAQLAN", "user_image": "usr.image", "review_text": "Excellent service", "date": "06 Mar 2023", "rating": {"bg_color": "#346000", "title": "5"}}, {"user_name": "917387271812 Shaikh", "user_image": "usr.image", "review_text": "Rooms are really neat and tidy. Specially the washroom area. It's a treat we got good offer as well...!!", "date": "03 Mar 2023", "rating": {"bg_color": "#346000", "title": "5"}}, {"user_name": "Ravi Dixit", "user_image": "usr.image", "review_text": "Very comfortable and pleasant stay neat and clean room, very supportive staff", "date": "02 Mar 2023", "rating": {"bg_color": "#346000", "title": "5"}}, {"user_name": "Mradul Shukla", "user_image": "usr.image", "review_text": "Very good starff behavior and good cleaning", "date": "20 Feb 2023", "rating": {"bg_color": "#346000", "title": "5"}}, {"user_name": "Priyanshu Singh", "user_image": "usr.image", "review_text": "Hotel is exelent and cool staff", "date": "19 Feb 2023", "rating": {"bg_color": "#346000", "title": "5"}}, {"user_name": "javed khan", "user_image": "usr.image", "review_text": "Very nice \ud83d\udc4c stay", "date": "15 Feb 2023", "rating": {"bg_color": "#346000", "title": "5"}}, {"user_name": "pawan tanwar", "user_image": "usr.image", "review_text": "Excellent room with good stafff doing very well and humble with customers hotel also good well maintained very comfortable for couple room and hotel both are clean and looking nice decorated hotel", "date": "14 Feb 2023", "rating": {"bg_color": "#346000", "title": "5"}}, {"user_name": "Ravi Bhoi", "user_image": "usr.image", "review_text": "Hospitality is top notched!", "date": "13 Feb 2023", "rating": {"bg_color": "#346000", "title": "5"}, "user_image_feedback_list": [{"image_name": "IMG2023021020543233375727-58d5-45f1-b600-af3e5b1bfe7a.jpg", "image_url": "https://images.oyoroomscdn.com/ugc-feedback-uploads/IMG2023021020543233375727-58d5-45f1-b600-af3e5b1bfe7a.jpg", "type": "jpg", "uploaded_at": "2023-02-13", "image_id": "175459"}]}, {"user_name": "Nitin Lahode", "user_image": "usr.image", "date": "11 Feb 2023", "rating": {"bg_color": "#346000", "title": "5"}, "user_image_feedback_list": [{"image_name": "JPEG_20230211_085912_520913025984534362739cf111c-6bd6-4294-97ea-cb2d18d34e34.jpg", "image_url": "https://images.oyoroomscdn.com/ugc-feedback-uploads/JPEG_20230211_085912_520913025984534362739cf111c-6bd6-4294-97ea-cb2d18d34e34.jpg", "type": "jpg", "uploaded_at": "2023-02-11", "image_id": "174637"}]}, {"user_name": "mr rambabu", "user_image": "usr.image", "review_text": "Nice hotel and neet and clean room \nSpecially thanks for mr ramesh patel", "date": "10 Feb 2023", "rating": {"bg_color": "#346000", "title": "5"}}, {"user_name": "TARIQ HUSSAIN SHAH", "user_image": "usr.image", "review_text": "It was so nice to stay here", "date": "09 Feb 2023", "rating": {"bg_color": "#346000", "title": "5"}}, {"user_name": "Nisha", "user_image": "usr.image", "review_text": "Good stay", "date": "09 Feb 2023", "rating": {"bg_color": "#346000", "title": "5"}}, {"user_name": "Pradeep Verma", "user_image": "usr.image", "review_text": "Good", "date": "08 Feb 2023", "rating": {"bg_color": "#346000", "title": "5"}}, {"user_name": "Yuvpal singh", "user_image": "usr.image", "review_text": "Very nice and Hygenic room with nice lighting. The stay was very comfortable as the staff was very helpfull and well mannered.", "date": "03 Feb 2023", "rating": {"bg_color": "#346000", "title": "5"}}, {"user_name": "Karan Parwani", "user_image": "usr.image", "review_text": "Great staff. Nice and clean rooms. I loved the stay.", "date": "02 Feb 2023", "rating": {"bg_color": "#346000", "title": "5"}}, {"user_name": "Aish", "user_image": "usr.image", "review_text": "Nice rooms , bathroom also good, highly rated for cleanliness, staff also polite and kind", "date": "02 Feb 2023", "rating": {"bg_color": "#346000", "title": "5"}}, {"user_name": "Anshul", "user_image": "usr.image", "review_text": "Nice room and cleaning", "date": "01 Feb 2023", "rating": {"bg_color": "#346000", "title": "5"}}, {"user_name": "Kanak Bangad", "user_image": "usr.image", "review_text": "Services of hotel was excellent but services of Oyo was worst... whenever bookings of any hotel processing.. booking done at the time but hotels are demanding extra money for booking ( somewhere told if booking amount below 1000 we are not accepted your booking) so now a days services of Oyo going down day by day...hope this will improve by Oyo and conversation between Oyo and hotel will improve this help to clients and not suffer any more later.", "date": "29 Jan 2023", "rating": {"bg_color": "#346000", "title": "5"}}, {"user_name": "Neeraj Vijayvargiya", "user_image": "usr.image", "review_text": "Excellent Staff and services provided by them easy to locate .New furnished rooms. room services are very good.", "date": "28 Jan 2023", "rating": {"bg_color": "#346000", "title": "5"}}, {"user_name": "Priyam Raj", "user_image": "usr.image", "review_text": "THIS IS THE FIRST TIME I M USING THIS APP AND I M HAPPY WITH THE EXPERIENCE I HAD AND THE ROOMS WERE ALSO VERY UPTO THE MARK SO I WOULD LIKE TO REFER TO MY FRNDS AND FAMILY TO USE THIS FOR HOTEL BOOKING.", "date": "23 Jan 2023", "rating": {"bg_color": "#346000", "title": "5"}, "user_image_feedback_list": [{"image_name": "IMG2023011520243473a2bd6b-ab0e-4cb3-9cc0-3a1ad3dc119e.jpg", "image_url": "https://images.oyoroomscdn.com/ugc-feedback-uploads/IMG2023011520243473a2bd6b-ab0e-4cb3-9cc0-3a1ad3dc119e.jpg", "type": "jpg", "uploaded_at": "2023-01-23", "image_id": "170257"}]}, {"user_name": "Ritesh Bhandari", "user_image": "usr.image", "review_text": "New property clean rooms", "date": "21 Jan 2023", "rating": {"bg_color": "#346000", "title": "5"}}, {"user_name": "Rajesh KumarSingh", "user_image": "usr.image", "review_text": "Hotels room are very neat and cleaned, hotel bed are very comfortable to rest and sleep facilities are very good no need to take from out side like breakfast, Lunch, Dinner and drinking water also hotel staff are very polite and humble respect to everyone.\nAgain when we came to Ahmedabad try to stay here.", "date": "21 Jan 2023", "rating": {"bg_color": "#346000", "title": "5"}, "user_image_feedback_list": [{"image_name": "JPEG_20230121_095805_653512685515381327887a7db26-d8a7-4059-bc3e-abe3058fee44.jpg", "image_url": "https://images.oyoroomscdn.com/ugc-feedback-uploads/JPEG_20230121_095805_653512685515381327887a7db26-d8a7-4059-bc3e-abe3058fee44.jpg", "type": "jpg", "uploaded_at": "2023-01-21", "image_id": "169746"}, {"image_name": "JPEG_20230121_095737_16565990132863412579673ec5f-8890-4f29-a047-416470668424.jpg", "image_url": "https://images.oyoroomscdn.com/ugc-feedback-uploads/JPEG_20230121_095737_16565990132863412579673ec5f-8890-4f29-a047-416470668424.jpg", "type": "jpg", "uploaded_at": "2023-01-21", "image_id": "169745"}, {"image_name": "JPEG_20230121_095834_48974051507374414096264ad12-604a-4555-ae7b-c5db61627559.jpg", "image_url": "https://images.oyoroomscdn.com/ugc-feedback-uploads/JPEG_20230121_095834_48974051507374414096264ad12-604a-4555-ae7b-c5db61627559.jpg", "type": "jpg", "uploaded_at": "2023-01-21", "image_id": "169747"}]}, {"user_name": "Ritik", "user_image": "usr.image", "review_text": "Good room and good food and all staff nucher is good", "date": "21 Jan 2023", "rating": {"bg_color": "#346000", "title": "5"}}, {"user_name": "HARDIK MODI", "user_image": "usr.image", "review_text": "Very nice n well maintained property", "date": "20 Jan 2023", "rating": {"bg_color": "#346000", "title": "5"}}, {"user_name": "Hussain", "user_image": "usr.image", "review_text": "New rooms..neat and clean", "date": "19 Jan 2023", "rating": {"bg_color": "#346000", "title": "5"}}, {"user_name": "Vasava Rajendra", "user_image": "usr.image", "review_text": "Very good staff behaviour and service also good", "date": "17 Jan 2023", "rating": {"bg_color": "#346000", "title": "5"}, "user_image_feedback_list": [{"image_name": "JPEG_20230117_104943_2471955369469376704cd6cd409-60bc-4be1-a767-ee64ba24aa6a.jpg", "image_url": "https://images.oyoroomscdn.com/ugc-feedback-uploads/JPEG_20230117_104943_2471955369469376704cd6cd409-60bc-4be1-a767-ee64ba24aa6a.jpg", "type": "jpg", "uploaded_at": "2023-01-17", "image_id": "168499"}]}, {"user_name": "harshal awhad", "user_image": "usr.image", "review_text": "Good", "date": "17 Jan 2023", "rating": {"bg_color": "#346000", "title": "5"}}, {"user_name": "Deepak Pareek", "user_image": "usr.image", "review_text": "Very good service,clean", "date": "16 Jan 2023", "rating": {"bg_color": "#346000", "title": "5"}}, {"user_name": "Himalay", "user_image": "usr.image", "review_text": "Very good hospitality and management.\nClean hygienic bathrooms.\nVery welcoming & well behaved staff.\nSolo riders or business persons looking for cheap and good stay should consider this.\nJust 5 minutes from Gita Mandir Bus Stand.", "date": "14 Jan 2023", "rating": {"bg_color": "#346000", "title": "5"}, "user_image_feedback_list": [{"image_name": "IMG_20230114_170721a9b0bf7c-913e-4d0b-a187-cb73aaba09f6.jpg", "image_url": "https://images.oyoroomscdn.com/ugc-feedback-uploads/IMG_20230114_170721a9b0bf7c-913e-4d0b-a187-cb73aaba09f6.jpg", "type": "jpg", "uploaded_at": "2023-01-14", "image_id": "167644"}, {"image_name": "IMG_20230114_17071865d8e6a1-2f1b-4d71-b1ae-bc122d52b775.jpg", "image_url": "https://images.oyoroomscdn.com/ugc-feedback-uploads/IMG_20230114_17071865d8e6a1-2f1b-4d71-b1ae-bc122d52b775.jpg", "type": "jpg", "uploaded_at": "2023-01-14", "image_id": "167646"}, {"image_name": "IMG_20230114_170707f5c3bff1-adf5-4329-bf9e-1b35706da83d.jpg", "image_url": "https://images.oyoroomscdn.com/ugc-feedback-uploads/IMG_20230114_170707f5c3bff1-adf5-4329-bf9e-1b35706da83d.jpg", "type": "jpg", "uploaded_at": "2023-01-14", "image_id": "167645"}, {"image_name": "IMG_20230114_1705135277be01-efdf-44f8-bdd7-413a6ba08fa2.jpg", "image_url": "https://images.oyoroomscdn.com/ugc-feedback-uploads/IMG_20230114_1705135277be01-efdf-44f8-bdd7-413a6ba08fa2.jpg", "type": "jpg", "uploaded_at": "2023-01-14", "image_id": "167648"}, {"image_name": "IMG_20230114_17073196da0353-42e9-415b-abe4-c895f747e6aa.jpg", "image_url": "https://images.oyoroomscdn.com/ugc-feedback-uploads/IMG_20230114_17073196da0353-42e9-415b-abe4-c895f747e6aa.jpg", "type": "jpg", "uploaded_at": "2023-01-14", "image_id": "167642"}, {"image_name": "IMG_20230114_1707278d6ed69c-e500-4832-9706-61203b4cd89a.jpg", "image_url": "https://images.oyoroomscdn.com/ugc-feedback-uploads/IMG_20230114_1707278d6ed69c-e500-4832-9706-61203b4cd89a.jpg", "type": "jpg", "uploaded_at": "2023-01-14", "image_id": "167643"}, {"image_name": "IMG_20230114_1707253375fa2f-3f2a-4c10-9cbc-3d87abd2cec0.jpg", "image_url": "https://images.oyoroomscdn.com/ugc-feedback-uploads/IMG_20230114_1707253375fa2f-3f2a-4c10-9cbc-3d87abd2cec0.jpg", "type": "jpg", "uploaded_at": "2023-01-14", "image_id": "167647"}, {"image_name": "IMG_20230114_170713cd03c102-b2dc-435a-a3b2-b4e664d23201.jpg", "image_url": "https://images.oyoroomscdn.com/ugc-feedback-uploads/IMG_20230114_170713cd03c102-b2dc-435a-a3b2-b4e664d23201.jpg", "type": "jpg", "uploaded_at": "2023-01-14", "image_id": "167641"}]}, {"user_name": "milkat prajapati", "user_image": "usr.image", "review_text": "Very good", "date": "14 Jan 2023", "rating": {"bg_color": "#346000", "title": "5"}}, {"user_name": "Baljinder Singh", "user_image": "usr.image", "review_text": "Very nice service and clean and hygienic place to live", "date": "13 Jan 2023", "rating": {"bg_color": "#346000", "title": "5"}}, {"user_name": "Sagar", "user_image": "usr.image", "review_text": "Services was good awesome  staff is too good", "date": "11 Jan 2023", "rating": {"bg_color": "#346000", "title": "5"}}, {"user_name": "Ramsudharsan", "user_image": "usr.image", "review_text": "Excellent room , it's newly constructed hotel , fully serviced people", "date": "09 Jan 2023", "rating": {"bg_color": "#346000", "title": "5"}, "user_image_feedback_list": [{"image_name": "IMG_20230107_150659ed70be78-5619-4f72-8735-4979d4721880.jpg", "image_url": "https://images.oyoroomscdn.com/ugc-feedback-uploads/IMG_20230107_150659ed70be78-5619-4f72-8735-4979d4721880.jpg", "type": "jpg", "uploaded_at": "2023-01-09", "image_id": "165550"}, {"image_name": "IMG_20230107_1507076a8d9c4c-38f4-49d1-b04c-2f01fe6cd56c.jpg", "image_url": "https://images.oyoroomscdn.com/ugc-feedback-uploads/IMG_20230107_1507076a8d9c4c-38f4-49d1-b04c-2f01fe6cd56c.jpg", "type": "jpg", "uploaded_at": "2023-01-09", "image_id": "165549"}]}, {"user_name": "Hemanshu", "user_image": "usr.image", "review_text": "Owsome hotel sarvice \nEspecially TEA was tasty\nBreakfast was good quality \nStaff was humble and we'll mennar", "date": "08 Jan 2023", "rating": {"bg_color": "#346000", "title": "5"}}, {"user_name": "Nilesh Joshi", "user_image": "usr.image", "review_text": "Great place to stay\nVery good staff", "date": "06 Jan 2023", "rating": {"bg_color": "#346000", "title": "5"}}, {"user_name": "Kamal Jain", "user_image": "usr.image", "review_text": "The Staff was good and so helpful. The hotel location was easy to track and the facilities were good.", "date": "05 Jan 2023", "rating": {"bg_color": "#346000", "title": "5"}}, {"user_name": "Devansh vats", "user_image": "usr.image", "review_text": "Very cooperative staff members good rooms and washroom and cheap prize", "date": "05 Jan 2023", "rating": {"bg_color": "#346000", "title": "5"}}, {"user_name": "Yash Bhatt", "user_image": "usr.image", "review_text": "Room was clean, bathroom is also hygiene, service is also nice, but manager is said you need to pay only in offline mode so discount is not applicable for me.", "date": "13 Mar 2023", "rating": {"bg_color": "#58ac00", "title": "4"}}, {"user_name": "AKASH VS", "user_image": "usr.image", "review_text": "Oyo is not located in a very good place. But the building is not very old. Rooms are small but clean.", "date": "06 Mar 2023", "rating": {"bg_color": "#58ac00", "title": "4"}}, {"user_name": "K VRamana", "user_image": "usr.image", "review_text": "New hotel, good service. No resturant.", "date": "11 Feb 2023", "rating": {"bg_color": "#58ac00", "title": "4"}}, {"user_name": "Shravanan", "user_image": "usr.image", "review_text": "Overall good...TV channel recharge not done Nd A.C not working..but not en issue other services are very good \ud83d\udc4d", "date": "07 Feb 2023", "rating": {"bg_color": "#58ac00", "title": "4"}}, {"user_name": "919029779994 Anjara", "user_image": "usr.image", "review_text": "Good room and service", "date": "14 Jan 2023", "rating": {"bg_color": "#58ac00", "title": "4"}}, {"user_name": "amin smit", "user_image": "usr.image", "review_text": "Hotel room are clean tidy, free wifi  with tv , lighting proper ,and hotel staff is vary cooperative, and all type off facilities provided to better living for stay some day .", "date": "13 Jan 2023", "rating": {"bg_color": "#58ac00", "title": "4"}}, {"user_name": "Chakradhara Mahanta", "user_image": "usr.image", "review_text": "Room location is very good.The room is neat and clean,The behaviour of the staff is very good.The room service is also good.", "date": "10 Jan 2023", "rating": {"bg_color": "#58ac00", "title": "4"}}, {"user_name": "Ashish", "user_image": "usr.image", "review_text": "Room is clean, service good", "date": "09 Jan 2023", "rating": {"bg_color": "#58ac00", "title": "4"}, "user_image_feedback_list": [{"image_name": "IMG20230109033033bd35686b-3350-45e6-add7-610063e6f4f5.jpg", "image_url": "https://images.oyoroomscdn.com/ugc-feedback-uploads/IMG20230109033033bd35686b-3350-45e6-add7-610063e6f4f5.jpg", "type": "jpg", "uploaded_at": "2023-01-09", "image_id": "165636"}]}, {"user_name": "Nikhil bagaria", "user_image": "usr.image", "review_text": "The overall rooms are okay and clean but the location is not good. The lift is not working good and there is always fear of getting stuck. But the room service and people are good .", "date": "08 Apr 2023", "rating": {"bg_color": "#8fc402", "title": "3"}}, {"user_name": "Patel Manan", "user_image": "usr.image", "review_text": "Staff a little bit rude,\nNo quick check-in, initially I was told they had no A/C room and when I insisted on talking with customer care they have me an AC room.\nThe room lock wasn't working and there was a small \"RODENT\" running around in the room", "date": "18 Mar 2023", "rating": {"bg_color": "#8fc402", "title": "3"}}, {"user_name": "nagubabu", "user_image": "usr.image", "review_text": "AC was not working, but they have charged for AC accommodation they have switched off the power from MCB when I have asked they are saying due to power flatuation. And no house keeping, 1st day they have provided me 1 towel for 2 persons and 2nd day no housekeeping and room service. The room was facing towards the road and no wall partition it was aluminium partition with glass total heat filled in the room and ac was not provided.. Continously traffic sound.. Very discusting.", "date": "13 Feb 2023", "rating": {"bg_color": "#8fc402", "title": "3"}}, {"user_name": "Avinash Chawla", "user_image": "usr.image", "review_text": "Room was smelling and taps in the bathroom were not working\n\nGuy on the counter charged extra money", "date": "13 Feb 2023", "rating": {"bg_color": "#feba00", "title": "2"}}, {"user_name": "Vikram Rathod", "user_image": "usr.image", "review_text": "1 no super i like this", "date": "13 Jan 2023", "rating": {"bg_color": "#feba00", "title": "2"}, "user_image_feedback_list": [{"image_name": "IMG20230112071656c4ecddda-94a3-469f-89bf-4f008f0617e7.jpg", "image_url": "https://images.oyoroomscdn.com/ugc-feedback-uploads/IMG20230112071656c4ecddda-94a3-469f-89bf-4f008f0617e7.jpg", "type": "jpg", "uploaded_at": "2023-01-13", "image_id": "167217"}]}, {"user_name": "Deepak Sharma", "user_image": "usr.image", "review_text": "It was really disgusting to choose oyo for stay. It was my worst experience with any one. I'm the only person who wasted 5 hrs with Oyo to get stay in Ahmedabad unless being there 5 hrs on road. Every time every person from oyo trying to make me fool.", "date": "17 Apr 2023", "rating": {"bg_color": "#ff4742", "title": "1"}}, {"user_name": "Mohammed Waheeduddin", "user_image": "usr.image", "review_text": "Horrible nightmare \nNo service looting customers", "date": "19 Mar 2023", "rating": {"bg_color": "#ff4742", "title": "1"}}, {"user_name": "Shubham", "user_image": "usr.image", "review_text": "Asked me early check-in amount 500 rs, that is not mentioned in invoice", "date": "01 Feb 2023", "rating": {"bg_color": "#ff4742", "title": "1"}}, {"user_name": "Sonu Kumar", "user_image": "usr.image", "review_text": "It very bad room service also very have you also the bad room service is bad i am not happy this service", "date": "19 Jan 2023", "rating": {"bg_color": "#ff4742", "title": "1"}}]}}]