[{"data": {"title": "15 Verified Reviews", "rating_data": {"title": "4.3", "bg_color": "#58ac00", "tag": "Very Good", "subtitle": "92 ratings on verified stays by guests"}, "sort_options": [{"type": "date-high", "title": "Recent reviews"}, {"type": "rating-high", "title": "High to low ratings"}, {"type": "rating-low", "title": "Low to high ratings"}], "is_last": true, "reviews": [{"user_name": "Prashant Chandegara", "user_image": "usr.image", "date": "30 May 2023", "rating": {"bg_color": "#346000", "title": "5"}, "user_image_feedback_list": [{"image_name": "JPEG_20230530_084500_5493004911725901501767e782-85b8-4440-98d2-963eb2a43fd2.jpg", "image_url": "https://images.oyoroomscdn.com/ugc-feedback-uploads/JPEG_20230530_084500_5493004911725901501767e782-85b8-4440-98d2-963eb2a43fd2.jpg", "type": "jpg", "uploaded_at": "2023-05-30", "image_id": "207144"}, {"image_name": "JPEG_20230530_084430_43382223737824234339e926aa1-1572-406c-9ca9-1ba38f3240d4.jpg", "image_url": "https://images.oyoroomscdn.com/ugc-feedback-uploads/JPEG_20230530_084430_43382223737824234339e926aa1-1572-406c-9ca9-1ba38f3240d4.jpg", "type": "jpg", "uploaded_at": "2023-05-30", "image_id": "207143"}, {"image_name": "JPEG_20230530_084407_2334304640353518257cd91455e-c544-4e99-aee6-3209737af75e.jpg", "image_url": "https://images.oyoroomscdn.com/ugc-feedback-uploads/JPEG_20230530_084407_2334304640353518257cd91455e-c544-4e99-aee6-3209737af75e.jpg", "type": "jpg", "uploaded_at": "2023-05-30", "image_id": "207142"}]}, {"user_name": "Kuldeep Bhoi", "user_image": "usr.image", "review_text": "Nice exceperiece..Service is very good", "date": "23 Apr 2023", "rating": {"bg_color": "#346000", "title": "5"}}, {"user_name": "anmol", "user_image": "usr.image", "review_text": "Very nice staff coperate neat and clean ..very nice service", "date": "23 Apr 2023", "rating": {"bg_color": "#346000", "title": "5"}}, {"user_name": "Rajkumar sharma", "user_image": "usr.image", "review_text": "Good quality room and staff really helpfull", "date": "19 Apr 2023", "rating": {"bg_color": "#346000", "title": "5"}}, {"user_name": "Awsmmynk", "user_image": "usr.image", "review_text": "Everything is up to the mark, staff, cleanness room etc.. \ngood service", "date": "16 Apr 2023", "rating": {"bg_color": "#346000", "title": "5"}, "user_image_feedback_list": [{"image_name": "IMG_2074587cbf7f-1324-43b2-badc-556555c07266.jpeg", "image_url": "https://images.oyoroomscdn.com/ugc-feedback-uploads/IMG_2074587cbf7f-1324-43b2-badc-556555c07266.jpeg", "type": "jpeg", "uploaded_at": "2023-04-16", "image_id": "195016"}, {"image_name": "IMG_2077142518e4-2e83-418f-aa8f-f326e59e90c6.jpeg", "image_url": "https://images.oyoroomscdn.com/ugc-feedback-uploads/IMG_2077142518e4-2e83-418f-aa8f-f326e59e90c6.jpeg", "type": "jpeg", "uploaded_at": "2023-04-16", "image_id": "195015"}, {"image_name": "IMG_20757ca96d68-7d96-43e2-b09a-c9511e6b2adc.jpeg", "image_url": "https://images.oyoroomscdn.com/ugc-feedback-uploads/IMG_20757ca96d68-7d96-43e2-b09a-c9511e6b2adc.jpeg", "type": "jpeg", "uploaded_at": "2023-04-16", "image_id": "195014"}]}, {"user_name": "Sunil Chauhan", "user_image": "usr.image", "review_text": "Good for stay", "date": "27 Mar 2023", "rating": {"bg_color": "#346000", "title": "5"}}, {"user_name": "SADHu", "user_image": "usr.image", "review_text": "Good experience", "date": "22 Mar 2023", "rating": {"bg_color": "#346000", "title": "5"}}, {"user_name": "RISHABH Gupta", "user_image": "usr.image", "review_text": "Newly built hotel. Value for money", "date": "07 Mar 2023", "rating": {"bg_color": "#346000", "title": "5"}}, {"user_name": "Ravisingh", "user_image": "usr.image", "review_text": "Hotel staff very polite behave", "date": "04 Mar 2023", "rating": {"bg_color": "#346000", "title": "5"}}, {"user_name": "Ankita", "user_image": "usr.image", "review_text": "It was very good experience . \nRooms are very good and maintained properly.", "date": "20 Apr 2023", "rating": {"bg_color": "#58ac00", "title": "4"}}, {"user_name": "Manprit Sing", "user_image": "usr.image", "review_text": "Comfortable stay and nice room and good location in bopal abli road cleen room and we come back soon....", "date": "19 Apr 2023", "rating": {"bg_color": "#58ac00", "title": "4"}}, {"user_name": "Rudresh", "user_image": "usr.image", "review_text": "Nice room but no exhaust in washroom, better to have exhaust in washrooms to have more ventilation.", "date": "24 Mar 2023", "rating": {"bg_color": "#58ac00", "title": "4"}}, {"user_name": "Ranjeet Singh", "user_image": "usr.image", "review_text": "Good rooms, extended good services, ambiance is ok, we satisfied with hospitality", "date": "02 Mar 2023", "rating": {"bg_color": "#58ac00", "title": "4"}}, {"user_name": "Vijay", "user_image": "usr.image", "review_text": "Pathetic hotel. Don\u2019t book by seeing pictures here. It\u2019s all fake. Waste of money. Poor OYO service", "date": "23 Apr 2023", "rating": {"bg_color": "#ff4742", "title": "1"}}, {"user_name": "balbir", "user_image": "usr.image", "review_text": "When you enter the property staf asking extra pay for staying and i give extra pay becouse he can't confirm my booking without extra pay", "date": "19 Mar 2023", "rating": {"bg_color": "#ff4742", "title": "1"}}]}}]