[{"data": {"title": "1 Verified Reviews", "rating_data": {"title": "4.6", "bg_color": "#3d8000", "tag": "Excellent", "subtitle": "8 ratings on verified stays by guests"}, "sort_options": [{"type": "date-high", "title": "Recent reviews"}, {"type": "rating-high", "title": "High to low ratings"}, {"type": "rating-low", "title": "Low to high ratings"}], "is_last": true, "reviews": [{"user_name": "Abdul kayum Ahmed", "user_image": "usr.image", "date": "14 May 2023", "rating": {"bg_color": "#ff4742", "title": "1"}, "user_image_feedback_list": [{"image_name": "JPEG_20230514_082440_31230934744970050308d645d3c-4534-4ddc-b79b-0a7ff7e96974.jpg", "image_url": "https://images.oyoroomscdn.com/ugc-feedback-uploads/JPEG_20230514_082440_31230934744970050308d645d3c-4534-4ddc-b79b-0a7ff7e96974.jpg", "type": "jpg", "uploaded_at": "2023-05-14", "image_id": "202561"}]}]}}]