[{"data": {"title": "12 Verified Reviews", "rating_data": {"title": "3.2", "bg_color": "#8fc402", "tag": "Fair", "subtitle": "71 ratings on verified stays by guests"}, "sort_options": [{"type": "date-high", "title": "Recent reviews"}, {"type": "rating-high", "title": "High to low ratings"}, {"type": "rating-low", "title": "Low to high ratings"}], "is_last": true, "reviews": [{"user_name": "Rajesh MLodhari", "user_image": "usr.image", "review_text": "Good Service Verry Verry Nice Place & Hotel Staff Is Verry Nice Behavior Good Work", "date": "24 Mar 2023", "rating": {"bg_color": "#346000", "title": "5"}}, {"user_name": "priya rathod", "user_image": "usr.image", "review_text": "All the Nice", "date": "16 Jul 2022", "rating": {"bg_color": "#346000", "title": "5"}}, {"user_name": "vrashpal SinghRathorechudiyawda", "user_image": "usr.image", "review_text": "hotel very nice hotel", "date": "26 Jun 2022", "rating": {"bg_color": "#346000", "title": "5"}}, {"user_name": "918866423400", "user_image": "usr.image", "date": "31 Aug 2022", "rating": {"bg_color": "#58ac00", "title": "4"}, "user_image_feedback_list": [{"image_name": "JPEG_20220831_121548_-2075206225c67101f4-3506-4908-9b75-d781c08cb6d7.jpg", "image_url": "https://images.oyoroomscdn.com/ugc-feedback-uploads/JPEG_20220831_121548_-2075206225c67101f4-3506-4908-9b75-d781c08cb6d7.jpg", "type": "jpg", "uploaded_at": "2022-08-31", "image_id": "113856"}]}, {"user_name": "Vikram MALAVIYA", "user_image": "usr.image", "review_text": "Pathatic rooms and service", "date": "02 Apr 2023", "rating": {"bg_color": "#feba00", "title": "2"}}, {"user_name": "918866423400", "user_image": "usr.image", "review_text": "charged extra", "date": "05 Jul 2022", "rating": {"bg_color": "#feba00", "title": "2"}}, {"user_name": "Patel Partik", "user_image": "usr.image", "review_text": "Not Good Behaviour Staff.dirty bedsheet ..", "date": "02 Apr 2023", "rating": {"bg_color": "#ff4742", "title": "1"}}, {"user_name": "Darshan Gandhi", "user_image": "usr.image", "review_text": "Wrost hotel ever. Do not stay in this hotel next time, cockroach, mosquito and dirty bedsheet.", "date": "19 Jul 2022", "rating": {"bg_color": "#ff4742", "title": "1"}}, {"user_name": "Azharuddin Qureshi", "user_image": "usr.image", "review_text": "Auto Cancel by Hotel", "date": "28 Jun 2022", "rating": {"bg_color": "#ff4742", "title": "1"}}, {"user_name": "Deepak Patidar", "user_image": "usr.image", "review_text": "very bad service \nI have booked online and pay alreay gull payment but they asking there charges extra as 1500. very cheap service.", "date": "25 Jun 2022", "rating": {"bg_color": "#ff4742", "title": "1"}}, {"user_name": "Vinay Solanki", "user_image": "usr.image", "review_text": "staff behaviour was very rude, Even if the money is paid in the app, it wants more money for check in  , very bad experience.", "date": "24 Jun 2022", "rating": {"bg_color": "#ff4742", "title": "1"}}, {"user_name": "prachi Sharma", "user_image": "usr.image", "review_text": "staff was so rude there is no basic facilities provided there, also water leakage tap was not working it was soo bad experience with Red Apple", "date": "21 Jun 2022", "rating": {"bg_color": "#ff4742", "title": "1"}}]}}]