[{"data": {"title": "18 Verified Reviews", "rating_data": {"title": "3.4", "bg_color": "#8fc402", "tag": "Fair", "subtitle": "125 ratings on verified stays by guests"}, "sort_options": [{"type": "date-high", "title": "Recent reviews"}, {"type": "rating-high", "title": "High to low ratings"}, {"type": "rating-low", "title": "Low to high ratings"}], "is_last": true, "reviews": [{"user_name": "Nilesh Ranu", "user_image": "usr.image", "review_text": "Good hotel", "date": "24 Apr 2023", "rating": {"bg_color": "#346000", "title": "5"}}, {"user_name": "kk", "user_image": "usr.image", "review_text": "Nice stay  \nHelp full staff\u270c", "date": "10 Feb 2023", "rating": {"bg_color": "#346000", "title": "5"}}, {"user_name": "Priyanshu Joshi", "user_image": "usr.image", "review_text": "Owsoum service", "date": "13 Oct 2022", "rating": {"bg_color": "#346000", "title": "5"}}, {"user_name": "Vishal", "user_image": "usr.image", "review_text": "excellent", "date": "08 Oct 2022", "rating": {"bg_color": "#346000", "title": "5"}}, {"user_name": "Abhaykumar", "user_image": "usr.image", "review_text": "Romm facilities are good but room space is small, also there are no break fast, lunch, dinner facilities in the hotel.", "date": "05 Feb 2023", "rating": {"bg_color": "#58ac00", "title": "4"}}, {"user_name": "Dinesh Kumar", "user_image": "usr.image", "review_text": "Rooms was not clean and bed was used by someone and it\u2019s was mentioned complimentary breakfast but they didn\u2019t provided that. This the worst hotel I have stayed so far.", "date": "08 Apr 2023", "rating": {"bg_color": "#ff4742", "title": "1"}}, {"user_name": "Bhoopal Singh", "user_image": "usr.image", "review_text": "Hotel asked for more money", "date": "14 Jan 2023", "rating": {"bg_color": "#ff4742", "title": "1"}}, {"user_name": "Mayur Chaudhary", "user_image": "usr.image", "review_text": "Hotel can not allow me to check in\nDo action against and give me 200% refund", "date": "24 Sep 2022", "rating": {"bg_color": "#ff4742", "title": "1"}, "user_image_feedback_list": [{"image_name": "JPEG_20220924_193624_982992340929301378d4c76919-7aab-4f4d-bdb6-efe86d533ec5.jpg", "image_url": "https://images.oyoroomscdn.com/ugc-feedback-uploads/JPEG_20220924_193624_982992340929301378d4c76919-7aab-4f4d-bdb6-efe86d533ec5.jpg", "type": "jpg", "uploaded_at": "2022-09-24", "image_id": "124407"}]}, {"user_name": "anirudh rai", "user_image": "usr.image", "review_text": "Breakfast was included in the price but they made me pay extra for it, and then checkout time was 5pm but they made me checkout at 11am", "date": "25 Aug 2022", "rating": {"bg_color": "#ff4742", "title": "1"}}, {"user_name": "Gaurajsinh", "user_image": "usr.image", "review_text": "Television not working, geyser not working, bedsheet was dirty...", "date": "11 Jul 2022", "rating": {"bg_color": "#ff4742", "title": "1"}}, {"user_name": "Roopesh Rai", "user_image": "usr.image", "review_text": "They doesn't provide me a room said that you're already checked out", "date": "08 Jul 2022", "rating": {"bg_color": "#ff4742", "title": "1"}}, {"user_name": "Haneef Sama", "user_image": "usr.image", "review_text": "no service No wifi no tv Oyo and hotel price not matching so I never Trust in Oyo in my life", "date": "08 Jul 2022", "rating": {"bg_color": "#ff4742", "title": "1"}}, {"user_name": "Haneef Sama", "user_image": "usr.image", "review_text": "not happy with this Hotel service and price not matched Oyo gave other price and hotel have other so Very very Bad experience", "date": "07 Jul 2022", "rating": {"bg_color": "#ff4742", "title": "1"}}, {"user_name": "Dharmik", "user_image": "usr.image", "review_text": "Hotel front desk has rejected the customer by saying he wont allow us to book in such cheap rate and said to talk to oyo executive as he knew that we cannot change the hotel on such short notice its bizarre that on the name of service we are having such a low grade treatment its a shame on hospitality industry", "date": "05 Jul 2022", "rating": {"bg_color": "#ff4742", "title": "1"}}, {"user_name": "Shubham Kabra", "user_image": "usr.image", "review_text": "ask to cancel room", "date": "04 Jul 2022", "rating": {"bg_color": "#ff4742", "title": "1"}}, {"user_name": "Hem Desai", "user_image": "usr.image", "review_text": "without check-in check-out", "date": "28 Jun 2022", "rating": {"bg_color": "#ff4742", "title": "1"}}, {"user_name": "Tejas chauhan", "user_image": "usr.image", "review_text": "plz my online payment refund", "date": "28 Jun 2022", "rating": {"bg_color": "#ff4742", "title": "1"}}, {"user_name": "Jishnu", "user_image": "usr.image", "review_text": "poor", "date": "16 Jun 2022", "rating": {"bg_color": "#ff4742", "title": "1"}}]}}]