[{"data": {"title": "222 Verified Reviews", "rating_data": {"title": "4.2", "bg_color": "#58ac00", "tag": "Very Good", "subtitle": "645 ratings on verified stays by guests"}, "sort_options": [{"type": "date-high", "title": "Recent reviews"}, {"type": "rating-high", "title": "High to low ratings"}, {"type": "rating-low", "title": "Low to high ratings"}], "is_last": false, "next_offset": 101, "reviews": [{"user_name": "deeksha Pandey", "user_image": "usr.image", "review_text": "Good", "date": "21 Apr 2023", "rating": {"bg_color": "#346000", "title": "5"}}, {"user_name": "Desi boy", "user_image": "usr.image", "review_text": "Nice hotel to stay for family and food are also delicious and hotel staff is very mature and we'll behaved", "date": "17 Apr 2023", "rating": {"bg_color": "#346000", "title": "5"}, "user_image_feedback_list": [{"image_name": "JPEG_20230417_221944_673624307254421298343eec338-27b1-410a-9686-0bea28fc6204.jpg", "image_url": "https://images.oyoroomscdn.com/ugc-feedback-uploads/JPEG_20230417_221944_673624307254421298343eec338-27b1-410a-9686-0bea28fc6204.jpg", "type": "jpg", "uploaded_at": "2023-04-17", "image_id": "195363"}]}, {"user_name": "Hina", "user_image": "usr.image", "review_text": "Nise super over bookings are not ready to do this work for me and my ggghhhhhbb", "date": "31 Mar 2023", "rating": {"bg_color": "#346000", "title": "5"}}, {"user_name": "Hina", "user_image": "usr.image", "review_text": "Nice stqlay", "date": "30 Mar 2023", "rating": {"bg_color": "#346000", "title": "5"}}, {"user_name": "deeksha Pandey", "user_image": "usr.image", "review_text": "Very good hotel nice location good hospitality.   Nice staff. Nice behaviour.  Good overall all good", "date": "23 Mar 2023", "rating": {"bg_color": "#346000", "title": "5"}}, {"user_name": "deeksha Pandey", "user_image": "usr.image", "review_text": "Nice hotel. Good interior nice person of staff", "date": "23 Mar 2023", "rating": {"bg_color": "#346000", "title": "5"}}, {"user_name": "Hina", "user_image": "usr.image", "review_text": "Nice hotel good stay \nGood food \nGood staff\nGood coding \nGood service \n....,........................", "date": "23 Mar 2023", "rating": {"bg_color": "#346000", "title": "5"}}, {"user_name": "Hina", "user_image": "usr.image", "review_text": "Exilent\nGood service \nNice hotel \nStaff good and frndly\nAm recmd\nAll family hotel       .........", "date": "23 Mar 2023", "rating": {"bg_color": "#346000", "title": "5"}}, {"user_name": "Hina", "user_image": "usr.image", "review_text": "Nice hotel\nGood food\nService good \nStaff frndly\n,,", "date": "23 Mar 2023", "rating": {"bg_color": "#346000", "title": "5"}}, {"user_name": "Hina", "user_image": "usr.image", "review_text": "Nice hotel \nGood service\nAllso good", "date": "23 Mar 2023", "rating": {"bg_color": "#346000", "title": "5"}}, {"user_name": "deeksha Pandey", "user_image": "usr.image", "review_text": "Very good hotel nice stay", "date": "19 Mar 2023", "rating": {"bg_color": "#346000", "title": "5"}}, {"user_name": "deeksha Pandey", "user_image": "usr.image", "review_text": "After so long i visit it again very good stay as always.  Nice feel good location very nice hotel \u263a\ufe0f perfect situation handling by staff", "date": "18 Mar 2023", "rating": {"bg_color": "#346000", "title": "5"}}, {"user_name": "Shravan Kumar", "user_image": "usr.image", "review_text": "Hotel room is good staff is good", "date": "27 Jan 2023", "rating": {"bg_color": "#346000", "title": "5"}}, {"user_name": "Maria MAQBOOL", "user_image": "usr.image", "review_text": "Good", "date": "26 Jan 2023", "rating": {"bg_color": "#346000", "title": "5"}}, {"user_name": "Ashu kumar", "user_image": "usr.image", "review_text": "Very good hotel nice place", "date": "18 Jan 2023", "rating": {"bg_color": "#346000", "title": "5"}}, {"user_name": "Satendra", "user_image": "usr.image", "review_text": "I like this website and this app becouse this is give us a privacy for couples so that's reasons like this \u263a\ufe0f\nAnd booking easy", "date": "18 Jan 2023", "rating": {"bg_color": "#346000", "title": "5"}}, {"user_name": "deeksha Pandey", "user_image": "usr.image", "review_text": "Very good very nice hotel \n\nLike their facilities and. Behaviour. Of staff. . really good place to stay", "date": "16 Jan 2023", "rating": {"bg_color": "#346000", "title": "5"}}, {"user_name": "vinay prakash pal", "user_image": "usr.image", "review_text": "Good plsce", "date": "03 Jan 2023", "rating": {"bg_color": "#346000", "title": "5"}}, {"user_name": "Abhay", "user_image": "usr.image", "review_text": "Great service and polite staff!", "date": "02 Jan 2023", "rating": {"bg_color": "#346000", "title": "5"}}, {"user_name": "Rahul Maurya", "user_image": "usr.image", "review_text": "Excellent \ud83d\udc4c", "date": "27 Dec 2022", "rating": {"bg_color": "#346000", "title": "5"}}, {"user_name": "8291010023", "user_image": "usr.image", "review_text": "Amazing expressions & polite staff", "date": "15 Dec 2022", "rating": {"bg_color": "#346000", "title": "5"}}, {"user_name": "mithlesh kr.", "user_image": "usr.image", "review_text": "Hotel is on main road so, its easy to reach.\nStaff is very polite, good & the room is also clean.", "date": "15 Dec 2022", "rating": {"bg_color": "#346000", "title": "5"}}, {"user_name": "Hina", "user_image": "usr.image", "review_text": "Nice stay \ud83d\ude0d\n\n\nGood hotel \ud83c\udfe8\ud83d\ude0a\ud83d\udc4d\n\n\n\nGood food \ud83c\udf72\ud83d\ude0d\n\n\nGood staff......... \n\nGood service\ud83d\udc4d\ud83d\ude07\ud83d\ude0a\n\nNice room.", "date": "10 Dec 2022", "rating": {"bg_color": "#346000", "title": "5"}}, {"user_name": "Hina", "user_image": "usr.image", "review_text": "Amazing stay \ud83d\ude0d\nFood service good\ud83d\ude0d\ud83d\ude0b\nYummy food\ud83c\udf72\ud83d\ude0d\nLocation\ud83d\udccd good\ud83d\udc4d\nCleaning super \nSporting staff", "date": "04 Dec 2022", "rating": {"bg_color": "#346000", "title": "5"}}, {"user_name": "Hina", "user_image": "usr.image", "review_text": "Room clean \ud83d\ude07\ud83e\udd70\nLocation\ud83d\udccd good\ud83d\udc4d\nStaff friendly \ud83d\ude0d\ud83e\udd70\nHotel good\ud83d\ude0e\nService\ud83d\ude07\ud83d\udc4d\nAll good\ud83d\ude0e\n\ud83e\udd20\ud83e\udd20\ud83e\udd20\ud83e\udd20\ud83e\udd20", "date": "04 Dec 2022", "rating": {"bg_color": "#346000", "title": "5"}}, {"user_name": "Hina", "user_image": "usr.image", "review_text": "Nice room.... \nHelp full staff \ud83d\udc4f\nGood hotel \ud83d\ude0a\ud83c\udfe8\nService good\ud83d\udc4d\ud83d\ude0e\nFood yummy and testing \ud83d\ude0b", "date": "04 Dec 2022", "rating": {"bg_color": "#346000", "title": "5"}}, {"user_name": "deeksha Pandey", "user_image": "usr.image", "review_text": "Excellent stay good and safe place to stay", "date": "03 Dec 2022", "rating": {"bg_color": "#346000", "title": "5"}}, {"user_name": "Hina", "user_image": "usr.image", "review_text": "Good location nice hotel \ud83d\ude0a\nGood service\ud83d\ude0e\nRoom clean\ud83e\udd70\nFood\ud83c\udf72 yummy\ud83d\ude0b and test........ \n\ud83d\ude07\ud83d\ude07\ud83d\ude07\ud83d\ude07\ud83d\ude07\ud83d\ude07", "date": "27 Nov 2022", "rating": {"bg_color": "#346000", "title": "5"}}, {"user_name": "Hina", "user_image": "usr.image", "review_text": "Nice hotel good location.... \nStaff service good\ud83d\udc4d", "date": "26 Nov 2022", "rating": {"bg_color": "#346000", "title": "5"}}, {"user_name": "Hina", "user_image": "usr.image", "review_text": "Nice hotel good service \ud83d\ude0a\ud83d\ude0a\ud83d\ude0a\ud83d\ude0a...... \nSuper room clean \ud83e\udd70\n........ All good\ud83d\udc4d\nNext time \nAll frend", "date": "25 Nov 2022", "rating": {"bg_color": "#346000", "title": "5"}}, {"user_name": "Hina", "user_image": "usr.image", "review_text": "Nice staff nice\ud83d\udc4f\ud83d\udc4f\ud83d\udc4f\ud83d\udc4f good location", "date": "21 Nov 2022", "rating": {"bg_color": "#346000", "title": "5"}}, {"user_name": "Hina", "user_image": "usr.image", "review_text": "Nice stay", "date": "21 Nov 2022", "rating": {"bg_color": "#346000", "title": "5"}}, {"user_name": "Hina", "user_image": "usr.image", "review_text": "Nice hotel good staff", "date": "20 Nov 2022", "rating": {"bg_color": "#346000", "title": "5"}}, {"user_name": "Harsh", "user_image": "usr.image", "review_text": "Nice", "date": "18 Nov 2022", "rating": {"bg_color": "#346000", "title": "5"}}, {"user_name": "Shruti", "user_image": "usr.image", "review_text": "Nice", "date": "15 Nov 2022", "rating": {"bg_color": "#346000", "title": "5"}}, {"user_name": "Vishal", "user_image": "usr.image", "review_text": "It was a nice stay.", "date": "13 Nov 2022", "rating": {"bg_color": "#346000", "title": "5"}}, {"user_name": "Vikash Choudhary", "user_image": "usr.image", "review_text": "Nice", "date": "12 Nov 2022", "rating": {"bg_color": "#346000", "title": "5"}}, {"user_name": "Neha Singh", "user_image": "usr.image", "review_text": "Nice", "date": "02 Nov 2022", "rating": {"bg_color": "#346000", "title": "5"}}, {"user_name": "Anand Yadav", "user_image": "usr.image", "review_text": "Everything", "date": "29 Oct 2022", "rating": {"bg_color": "#346000", "title": "5"}}, {"user_name": "Krishna Kumar", "user_image": "usr.image", "review_text": "Nice", "date": "22 Oct 2022", "rating": {"bg_color": "#346000", "title": "5"}}, {"user_name": "Umesh Tomar", "user_image": "usr.image", "review_text": "Nice", "date": "27 Sep 2022", "rating": {"bg_color": "#346000", "title": "5"}}, {"user_name": "Pradeep Mishra", "user_image": "usr.image", "review_text": "Nice", "date": "27 Sep 2022", "rating": {"bg_color": "#346000", "title": "5"}}, {"user_name": "Navneet Uttam", "user_image": "usr.image", "review_text": "Nice", "date": "27 Sep 2022", "rating": {"bg_color": "#346000", "title": "5"}}, {"user_name": "ankur pathak", "user_image": "usr.image", "review_text": "Nice", "date": "26 Sep 2022", "rating": {"bg_color": "#346000", "title": "5"}}, {"user_name": "Ronak Kumar", "user_image": "usr.image", "review_text": "Nice", "date": "26 Sep 2022", "rating": {"bg_color": "#346000", "title": "5"}}, {"user_name": "Surajkumarbarik", "user_image": "usr.image", "review_text": "Nice", "date": "26 Sep 2022", "rating": {"bg_color": "#346000", "title": "5"}}, {"user_name": "Ankit Jain", "user_image": "usr.image", "review_text": "Nice", "date": "24 Sep 2022", "rating": {"bg_color": "#346000", "title": "5"}}, {"user_name": "Raju Das", "user_image": "usr.image", "review_text": "Nice", "date": "24 Sep 2022", "rating": {"bg_color": "#346000", "title": "5"}}, {"user_name": "moksha divyansha", "user_image": "usr.image", "review_text": "Nice", "date": "24 Sep 2022", "rating": {"bg_color": "#346000", "title": "5"}}, {"user_name": "Ravi Kumar", "user_image": "usr.image", "review_text": "nice", "date": "24 Sep 2022", "rating": {"bg_color": "#346000", "title": "5"}}, {"user_name": "Govind Pandey", "user_image": "usr.image", "review_text": "Nice", "date": "22 Sep 2022", "rating": {"bg_color": "#346000", "title": "5"}}, {"user_name": "avnya", "user_image": "usr.image", "review_text": "Good hotel nice stay good rooms \ud83d\ude42\u2763\ufe0f\ud83d\ude42\ud83d\udc4d happy to have this rooms facilities for ever highly family recommend rooms", "date": "19 Sep 2022", "rating": {"bg_color": "#346000", "title": "5"}, "user_image_feedback_list": [{"image_name": "Screenshot_2022-09-19-21-37-47-31cf53a968-6098-418d-afb9-642443fee195.jpg", "image_url": "https://images.oyoroomscdn.com/ugc-feedback-uploads/Screenshot_2022-09-19-21-37-47-31cf53a968-6098-418d-afb9-642443fee195.jpg", "type": "jpg", "uploaded_at": "2022-09-19", "image_id": "122088"}]}, {"user_name": "Rajat Dutta", "user_image": "usr.image", "review_text": "Nice", "date": "19 Sep 2022", "rating": {"bg_color": "#346000", "title": "5"}}, {"user_name": "SAQLAIN AJAZDANISH", "user_image": "usr.image", "review_text": "Nice stay", "date": "18 Sep 2022", "rating": {"bg_color": "#346000", "title": "5"}}, {"user_name": "Krish Dagar", "user_image": "usr.image", "review_text": "Nice stay", "date": "18 Sep 2022", "rating": {"bg_color": "#346000", "title": "5"}}, {"user_name": "Yuvraj Singh", "user_image": "usr.image", "review_text": "Nice stay", "date": "17 Sep 2022", "rating": {"bg_color": "#346000", "title": "5"}}, {"user_name": "Hina", "user_image": "usr.image", "review_text": "So good", "date": "17 Sep 2022", "rating": {"bg_color": "#346000", "title": "5"}}, {"user_name": "Hina", "user_image": "usr.image", "review_text": "Good service", "date": "17 Sep 2022", "rating": {"bg_color": "#346000", "title": "5"}}, {"user_name": "Hina", "user_image": "usr.image", "review_text": "Good\ud83d\udc4d", "date": "17 Sep 2022", "rating": {"bg_color": "#346000", "title": "5"}}, {"user_name": "Hina", "user_image": "usr.image", "review_text": "Nice stay", "date": "17 Sep 2022", "rating": {"bg_color": "#346000", "title": "5"}}, {"user_name": "deeksha Pandey", "user_image": "usr.image", "review_text": "Nice hotel good stay", "date": "16 Sep 2022", "rating": {"bg_color": "#346000", "title": "5"}}, {"user_name": "avnya", "user_image": "usr.image", "review_text": "Good location \ud83e\udd20", "date": "15 Sep 2022", "rating": {"bg_color": "#346000", "title": "5"}}, {"user_name": "avnya", "user_image": "usr.image", "review_text": "Nice hotel good location \ud83d\ude09. \nSatisfied. With ostay. You must visit. Ot \nVery safe. Place good environment", "date": "15 Sep 2022", "rating": {"bg_color": "#346000", "title": "5"}}, {"user_name": "Balkrishna Yadav", "user_image": "usr.image", "review_text": "Nice.....", "date": "14 Sep 2022", "rating": {"bg_color": "#346000", "title": "5"}}, {"user_name": "nisha", "user_image": "usr.image", "review_text": "Rooms are good", "date": "13 Sep 2022", "rating": {"bg_color": "#346000", "title": "5"}}, {"user_name": "Kirti", "user_image": "usr.image", "review_text": "Nice hotel", "date": "11 Sep 2022", "rating": {"bg_color": "#346000", "title": "5"}}, {"user_name": "NITISH KUMAR", "user_image": "usr.image", "review_text": "Nice", "date": "11 Sep 2022", "rating": {"bg_color": "#346000", "title": "5"}}, {"user_name": "deepak singh", "user_image": "usr.image", "review_text": "Nice", "date": "11 Sep 2022", "rating": {"bg_color": "#346000", "title": "5"}}, {"user_name": "Nitesh Kumar", "user_image": "usr.image", "review_text": "Nice", "date": "10 Sep 2022", "rating": {"bg_color": "#346000", "title": "5"}}, {"user_name": "Abhinav Singh", "user_image": "usr.image", "review_text": "Nice hotel", "date": "10 Sep 2022", "rating": {"bg_color": "#346000", "title": "5"}}, {"user_name": "Akash shri", "user_image": "usr.image", "review_text": "Nice hotel", "date": "10 Sep 2022", "rating": {"bg_color": "#346000", "title": "5"}}, {"user_name": "Neeraj", "user_image": "usr.image", "review_text": "Nice", "date": "10 Sep 2022", "rating": {"bg_color": "#346000", "title": "5"}}, {"user_name": "Amit", "user_image": "usr.image", "review_text": "Good service", "date": "10 Sep 2022", "rating": {"bg_color": "#346000", "title": "5"}}, {"user_name": "Girish Chandra", "user_image": "usr.image", "review_text": "Nice", "date": "10 Sep 2022", "rating": {"bg_color": "#346000", "title": "5"}}, {"user_name": "vishal singh chauhan", "user_image": "usr.image", "review_text": "Nice hotel good service", "date": "10 Sep 2022", "rating": {"bg_color": "#346000", "title": "5"}}, {"user_name": "Ujala Sehra", "user_image": "usr.image", "review_text": "Nice", "date": "10 Sep 2022", "rating": {"bg_color": "#346000", "title": "5"}}, {"user_name": "Akash Rawat", "user_image": "usr.image", "review_text": "Nice", "date": "10 Sep 2022", "rating": {"bg_color": "#346000", "title": "5"}}, {"user_name": "Harsh", "user_image": "usr.image", "review_text": "Nice staff everything is good", "date": "09 Sep 2022", "rating": {"bg_color": "#346000", "title": "5"}}, {"user_name": "Harsh", "user_image": "usr.image", "review_text": "Great experience", "date": "08 Sep 2022", "rating": {"bg_color": "#346000", "title": "5"}}, {"user_name": "Rajat bhati", "user_image": "usr.image", "review_text": "Nice hotel", "date": "04 Sep 2022", "rating": {"bg_color": "#346000", "title": "5"}}, {"user_name": "Mohd Asif", "user_image": "usr.image", "review_text": "Nice saty", "date": "04 Sep 2022", "rating": {"bg_color": "#346000", "title": "5"}}, {"user_name": "Afzalkausar", "user_image": "usr.image", "review_text": "Nice", "date": "03 Sep 2022", "rating": {"bg_color": "#346000", "title": "5"}}, {"user_name": "Rizwan", "user_image": "usr.image", "review_text": "Nice", "date": "03 Sep 2022", "rating": {"bg_color": "#346000", "title": "5"}}, {"user_name": "Somver Singh", "user_image": "usr.image", "review_text": "Nice hotel", "date": "02 Sep 2022", "rating": {"bg_color": "#346000", "title": "5"}}, {"user_name": "Mayank", "user_image": "usr.image", "review_text": "Nice stay", "date": "02 Sep 2022", "rating": {"bg_color": "#346000", "title": "5"}}, {"user_name": "Rahul Pal", "user_image": "usr.image", "review_text": "Nice stay", "date": "01 Sep 2022", "rating": {"bg_color": "#346000", "title": "5"}}, {"user_name": "Amita", "user_image": "usr.image", "review_text": "Nice", "date": "01 Sep 2022", "rating": {"bg_color": "#346000", "title": "5"}}, {"user_name": "Mohit Shukla", "user_image": "usr.image", "review_text": "nice", "date": "31 Aug 2022", "rating": {"bg_color": "#346000", "title": "5"}}, {"user_name": "Rajesh Bhati", "user_image": "usr.image", "review_text": "Nice stay", "date": "31 Aug 2022", "rating": {"bg_color": "#346000", "title": "5"}}, {"user_name": "Rafiqahemad", "user_image": "usr.image", "review_text": "Nice stay", "date": "30 Aug 2022", "rating": {"bg_color": "#346000", "title": "5"}}, {"user_name": "Tanish", "user_image": "usr.image", "review_text": "Nice", "date": "29 Aug 2022", "rating": {"bg_color": "#346000", "title": "5"}}, {"user_name": "deeksha Pandey", "user_image": "usr.image", "review_text": "Good hotel nice staff i like this hotel \u263a\ufe0f\ud83d\udecd\ufe0f", "date": "28 Aug 2022", "rating": {"bg_color": "#346000", "title": "5"}}, {"user_name": "Hina", "user_image": "usr.image", "review_text": "Nice", "date": "28 Aug 2022", "rating": {"bg_color": "#346000", "title": "5"}}, {"user_name": "BishnuSingh", "user_image": "usr.image", "review_text": "Nice hotel", "date": "27 Aug 2022", "rating": {"bg_color": "#346000", "title": "5"}}, {"user_name": "AJAYRAJ SINGH", "user_image": "usr.image", "review_text": "Nice hotel good service", "date": "27 Aug 2022", "rating": {"bg_color": "#346000", "title": "5"}}, {"user_name": "Komal Singh", "user_image": "usr.image", "review_text": "Nice", "date": "27 Aug 2022", "rating": {"bg_color": "#346000", "title": "5"}}, {"user_name": "Ravi Kumar", "user_image": "usr.image", "review_text": "Nice hotel", "date": "25 Aug 2022", "rating": {"bg_color": "#346000", "title": "5"}}, {"user_name": "vishal singh chauhan", "user_image": "usr.image", "review_text": "Nice", "date": "25 Aug 2022", "rating": {"bg_color": "#346000", "title": "5"}}, {"user_name": "Abhay Chauhan", "user_image": "usr.image", "review_text": "Nice stay good service", "date": "25 Aug 2022", "rating": {"bg_color": "#346000", "title": "5"}}, {"user_name": "SWPNIL Upadhyay", "user_image": "usr.image", "review_text": "Nice", "date": "25 Aug 2022", "rating": {"bg_color": "#346000", "title": "5"}}]}}, {"data": {"title": "222 Verified Reviews", "rating_data": {"title": "4.2", "bg_color": "#58ac00", "tag": "Very Good", "subtitle": "645 ratings on verified stays by guests"}, "sort_options": [{"type": "date-high", "title": "Recent reviews"}, {"type": "rating-high", "title": "High to low ratings"}, {"type": "rating-low", "title": "Low to high ratings"}], "is_last": false, "next_offset": 202, "reviews": [{"user_name": "Hina", "user_image": "usr.image", "review_text": "Nice", "date": "25 Aug 2022", "rating": {"bg_color": "#346000", "title": "5"}}, {"user_name": "Shivam", "user_image": "usr.image", "review_text": "Nice", "date": "23 Aug 2022", "rating": {"bg_color": "#346000", "title": "5"}}, {"user_name": "Shivam gupta", "user_image": "usr.image", "review_text": "Nice", "date": "22 Aug 2022", "rating": {"bg_color": "#346000", "title": "5"}}, {"user_name": "Hina", "user_image": "usr.image", "review_text": "Good staff", "date": "21 Aug 2022", "rating": {"bg_color": "#346000", "title": "5"}}, {"user_name": "Hina", "user_image": "usr.image", "review_text": "Nice stay", "date": "21 Aug 2022", "rating": {"bg_color": "#346000", "title": "5"}}, {"user_name": "deeksha Pandey", "user_image": "usr.image", "review_text": "Good hotel nice stay", "date": "21 Aug 2022", "rating": {"bg_color": "#346000", "title": "5"}}, {"user_name": "Kapil Pandey", "user_image": "usr.image", "review_text": "Nice hotel", "date": "21 Aug 2022", "rating": {"bg_color": "#346000", "title": "5"}}, {"user_name": "Mayank Kumar", "user_image": "usr.image", "review_text": "Nice", "date": "21 Aug 2022", "rating": {"bg_color": "#346000", "title": "5"}}, {"user_name": "Anit KumarSabal", "user_image": "usr.image", "review_text": "Nice stay", "date": "20 Aug 2022", "rating": {"bg_color": "#346000", "title": "5"}}, {"user_name": "avnya", "user_image": "usr.image", "review_text": "Good stay blessed always with them", "date": "19 Aug 2022", "rating": {"bg_color": "#346000", "title": "5"}}, {"user_name": "deeksha Pandey", "user_image": "usr.image", "review_text": "Nice hotel", "date": "19 Aug 2022", "rating": {"bg_color": "#346000", "title": "5"}}, {"user_name": "Pardeep nambardaar", "user_image": "usr.image", "review_text": "Nice stay", "date": "19 Aug 2022", "rating": {"bg_color": "#346000", "title": "5"}}, {"user_name": "Dindayal Kumawat", "user_image": "usr.image", "review_text": "Nice hotel good service", "date": "19 Aug 2022", "rating": {"bg_color": "#346000", "title": "5"}}, {"user_name": "Hina", "user_image": "usr.image", "review_text": "Nice hotel good service", "date": "18 Aug 2022", "rating": {"bg_color": "#346000", "title": "5"}}, {"user_name": "Hina", "user_image": "usr.image", "review_text": "Nice hotel good service", "date": "18 Aug 2022", "rating": {"bg_color": "#346000", "title": "5"}}, {"user_name": "Vinod Kumar", "user_image": "usr.image", "review_text": "Nice stay good service", "date": "18 Aug 2022", "rating": {"bg_color": "#346000", "title": "5"}}, {"user_name": "SawanKumar", "user_image": "usr.image", "review_text": "Nice", "date": "18 Aug 2022", "rating": {"bg_color": "#346000", "title": "5"}}, {"user_name": "ravi kumar", "user_image": "usr.image", "review_text": "Nice", "date": "18 Aug 2022", "rating": {"bg_color": "#346000", "title": "5"}}, {"user_name": "Sandeep", "user_image": "usr.image", "review_text": "Nice", "date": "17 Aug 2022", "rating": {"bg_color": "#346000", "title": "5"}}, {"user_name": "Suraj Sharma", "user_image": "usr.image", "review_text": "Nice stay", "date": "17 Aug 2022", "rating": {"bg_color": "#346000", "title": "5"}}, {"user_name": "Vijay saras", "user_image": "usr.image", "review_text": "Nice hotel", "date": "17 Aug 2022", "rating": {"bg_color": "#346000", "title": "5"}}, {"user_name": "Riya", "user_image": "usr.image", "review_text": "Nice hotel good stay", "date": "17 Aug 2022", "rating": {"bg_color": "#346000", "title": "5"}}, {"user_name": "Deepanshu", "user_image": "usr.image", "review_text": "Nice", "date": "17 Aug 2022", "rating": {"bg_color": "#346000", "title": "5"}}, {"user_name": "PRINCE KUMAR", "user_image": "usr.image", "review_text": "Nice stay", "date": "16 Aug 2022", "rating": {"bg_color": "#346000", "title": "5"}}, {"user_name": "Sourabh Singh", "user_image": "usr.image", "review_text": "Nice hotel good service", "date": "16 Aug 2022", "rating": {"bg_color": "#346000", "title": "5"}}, {"user_name": "Sumit Gulati", "user_image": "usr.image", "review_text": "Excellent hotel and location near to taj mahal", "date": "15 Aug 2022", "rating": {"bg_color": "#346000", "title": "5"}}, {"user_name": "Akash shri", "user_image": "usr.image", "review_text": "Nice hotel", "date": "15 Aug 2022", "rating": {"bg_color": "#346000", "title": "5"}}, {"user_name": "Omkar Verma", "user_image": "usr.image", "review_text": "Nice hotel \ud83d\ude42", "date": "15 Aug 2022", "rating": {"bg_color": "#346000", "title": "5"}}, {"user_name": "SALMAN SARKAR", "user_image": "usr.image", "review_text": "Nice hotel \ud83e\udd70", "date": "14 Aug 2022", "rating": {"bg_color": "#346000", "title": "5"}}, {"user_name": "Omkar Verma", "user_image": "usr.image", "review_text": "Nice hotel", "date": "14 Aug 2022", "rating": {"bg_color": "#346000", "title": "5"}}, {"user_name": "avnya", "user_image": "usr.image", "review_text": "Nice stay good hotel", "date": "14 Aug 2022", "rating": {"bg_color": "#346000", "title": "5"}}, {"user_name": "Arnab Das", "user_image": "usr.image", "review_text": "Good service, cleanliness could be improved", "date": "14 Aug 2022", "rating": {"bg_color": "#346000", "title": "5"}}, {"user_name": "Dikshaom", "user_image": "usr.image", "review_text": "Nice", "date": "13 Aug 2022", "rating": {"bg_color": "#346000", "title": "5"}}, {"user_name": "Deepankur Sahu", "user_image": "usr.image", "review_text": "Nice", "date": "12 Aug 2022", "rating": {"bg_color": "#346000", "title": "5"}}, {"user_name": "avnya", "user_image": "usr.image", "review_text": "Nice stay", "date": "12 Aug 2022", "rating": {"bg_color": "#346000", "title": "5"}}, {"user_name": "Shikhar", "user_image": "usr.image", "review_text": "Nice", "date": "12 Aug 2022", "rating": {"bg_color": "#346000", "title": "5"}}, {"user_name": "sonu sharma", "user_image": "usr.image", "review_text": "Nice hotel", "date": "12 Aug 2022", "rating": {"bg_color": "#346000", "title": "5"}}, {"user_name": "Nitesh sharma", "user_image": "usr.image", "review_text": "Nice hotel \ud83c\udfe8", "date": "12 Aug 2022", "rating": {"bg_color": "#346000", "title": "5"}}, {"user_name": "Rakesh", "user_image": "usr.image", "review_text": "Nice hotel good services,", "date": "11 Aug 2022", "rating": {"bg_color": "#346000", "title": "5"}}, {"user_name": "Arshad Raza", "user_image": "usr.image", "review_text": "Nice hotel good service", "date": "11 Aug 2022", "rating": {"bg_color": "#346000", "title": "5"}}, {"user_name": "Mohd Tazir", "user_image": "usr.image", "review_text": "Nice", "date": "11 Aug 2022", "rating": {"bg_color": "#346000", "title": "5"}}, {"user_name": "Rahul Gupta", "user_image": "usr.image", "review_text": "Nice hotel", "date": "08 Aug 2022", "rating": {"bg_color": "#346000", "title": "5"}}, {"user_name": "bhupendra", "user_image": "usr.image", "review_text": "Good service \ud83d\udc4d", "date": "07 Aug 2022", "rating": {"bg_color": "#346000", "title": "5"}}, {"user_name": "Dilip Kumar", "user_image": "usr.image", "review_text": "Nice", "date": "07 Aug 2022", "rating": {"bg_color": "#346000", "title": "5"}}, {"user_name": "rishabh gupta", "user_image": "usr.image", "review_text": "Nice hotel good service good food\ud83d\ude0d", "date": "07 Aug 2022", "rating": {"bg_color": "#346000", "title": "5"}}, {"user_name": "Mohit Sharma", "user_image": "usr.image", "review_text": "Nice hotel good food", "date": "06 Aug 2022", "rating": {"bg_color": "#346000", "title": "5"}}, {"user_name": "Ronak Kumar", "user_image": "usr.image", "review_text": "Nice hotel", "date": "06 Aug 2022", "rating": {"bg_color": "#346000", "title": "5"}}, {"user_name": "CHANDRASHEKHAR PATEL", "user_image": "usr.image", "review_text": "Good service", "date": "05 Aug 2022", "rating": {"bg_color": "#346000", "title": "5"}}, {"user_name": "Akash shri", "user_image": "usr.image", "review_text": "Nice hotel", "date": "04 Aug 2022", "rating": {"bg_color": "#346000", "title": "5"}}, {"user_name": "Khushi Kushwaha", "user_image": "usr.image", "review_text": "Nice hotel", "date": "03 Aug 2022", "rating": {"bg_color": "#346000", "title": "5"}}, {"user_name": "Aayash", "user_image": "usr.image", "review_text": "Nice hotel", "date": "01 Aug 2022", "rating": {"bg_color": "#346000", "title": "5"}}, {"user_name": "Puneet Saini", "user_image": "usr.image", "review_text": "Nice", "date": "01 Aug 2022", "rating": {"bg_color": "#346000", "title": "5"}}, {"user_name": "avnya", "user_image": "usr.image", "review_text": "Nice", "date": "01 Aug 2022", "rating": {"bg_color": "#346000", "title": "5"}}, {"user_name": "deeksha Pandey", "user_image": "usr.image", "review_text": "Nice", "date": "31 Jul 2022", "rating": {"bg_color": "#346000", "title": "5"}}, {"user_name": "avnya", "user_image": "usr.image", "review_text": "Nice", "date": "31 Jul 2022", "rating": {"bg_color": "#346000", "title": "5"}}, {"user_name": "Aasif choudhary", "user_image": "usr.image", "review_text": "Very good stay", "date": "30 Jul 2022", "rating": {"bg_color": "#346000", "title": "5"}}, {"user_name": "Sunil Kumar", "user_image": "usr.image", "review_text": "Very good stay", "date": "30 Jul 2022", "rating": {"bg_color": "#346000", "title": "5"}}, {"user_name": "Rahul Yadav", "user_image": "usr.image", "review_text": "Very good", "date": "30 Jul 2022", "rating": {"bg_color": "#346000", "title": "5"}}, {"user_name": "Neha Chaudhary", "user_image": "usr.image", "review_text": "Nice stay", "date": "30 Jul 2022", "rating": {"bg_color": "#346000", "title": "5"}}, {"user_name": "Vivek Kumar", "user_image": "usr.image", "review_text": "Nice stay", "date": "30 Jul 2022", "rating": {"bg_color": "#346000", "title": "5"}}, {"user_name": "Rachit", "user_image": "usr.image", "review_text": "Great hotel\nAwesome stay with friends\nPolite staff", "date": "25 Jul 2022", "rating": {"bg_color": "#346000", "title": "5"}}, {"user_name": "Chhavi", "user_image": "usr.image", "review_text": "nice", "date": "13 Jul 2022", "rating": {"bg_color": "#346000", "title": "5"}}, {"user_name": "Pankaj", "user_image": "usr.image", "review_text": "Good", "date": "12 Jul 2022", "rating": {"bg_color": "#346000", "title": "5"}}, {"user_name": "Rahul Sharma", "user_image": "usr.image", "review_text": "service", "date": "12 Jul 2022", "rating": {"bg_color": "#346000", "title": "5"}}, {"user_name": "Naman Kumar", "user_image": "usr.image", "review_text": "wonderful", "date": "09 Jul 2022", "rating": {"bg_color": "#346000", "title": "5"}, "user_image_feedback_list": [{"image_name": "hotel_image_95534503-f955-4107-a57e-5107ceab9d255179026495806548960.jpeg", "image_url": "https://images.oyoroomscdn.com/ugc-feedback-uploads/hotel_image_95534503-f955-4107-a57e-5107ceab9d255179026495806548960.jpeg", "type": "jpeg", "uploaded_at": "2022-07-09", "image_id": "93305"}]}, {"user_name": "Naman Kumar", "user_image": "usr.image", "review_text": "very good", "date": "08 Jul 2022", "rating": {"bg_color": "#346000", "title": "5"}, "user_image_feedback_list": [{"image_name": "hotel_image_799fa778-7b99-4385-83dc-b45900aa81ff2405199249268215728.jpeg", "image_url": "https://images.oyoroomscdn.com/ugc-feedback-uploads/hotel_image_799fa778-7b99-4385-83dc-b45900aa81ff2405199249268215728.jpeg", "type": "jpeg", "uploaded_at": "2022-07-08", "image_id": "92897"}]}, {"user_name": "avnya", "user_image": "usr.image", "review_text": "good  staff behaviour nice hotel", "date": "30 Jun 2022", "rating": {"bg_color": "#346000", "title": "5"}}, {"user_name": "avnya", "user_image": "usr.image", "review_text": "good hotel \ud83d\ude09", "date": "30 Jun 2022", "rating": {"bg_color": "#346000", "title": "5"}}, {"user_name": "avnya", "user_image": "usr.image", "review_text": "nice hotel \u263a\ufe0f staff is so good", "date": "28 Jun 2022", "rating": {"bg_color": "#346000", "title": "5"}}, {"user_name": "Abhinandan", "user_image": "usr.image", "review_text": "nice", "date": "09 Jun 2022", "rating": {"bg_color": "#346000", "title": "5"}}, {"user_name": "ratan", "user_image": "usr.image", "review_text": "Stay is pretty good...staff is also good...bed sheet and towels are not so hygienic...and the taste of water is awful..sometimes they charge extra money...but overall stay for 2-3 days is pretty good their. Will recommend going their and will go again.", "date": "28 Jan 2023", "rating": {"bg_color": "#58ac00", "title": "4"}}, {"user_name": "Mohammad Manish", "user_image": "usr.image", "review_text": "Goood", "date": "24 Jan 2023", "rating": {"bg_color": "#58ac00", "title": "4"}}, {"user_name": "Akash", "user_image": "usr.image", "review_text": "Everything was good but geizure was not present.", "date": "20 Nov 2022", "rating": {"bg_color": "#58ac00", "title": "4"}}, {"user_name": "SunilRastogi", "user_image": "usr.image", "review_text": "Nice location, tidy rooms polite and well behaved staff.", "date": "08 Nov 2022", "rating": {"bg_color": "#58ac00", "title": "4"}}, {"user_name": "Sumit Singh", "user_image": "usr.image", "review_text": "The hotel was good but the water of the hotel's bathroom is so bad, sand is also coming along with water from tap. And the owner of that hotel take extra money from us because he is saying that in his phone oyo app shows that there is booking for only one person but i done for two person. So, we have to give extra money (800rs) to them.", "date": "05 Sep 2022", "rating": {"bg_color": "#58ac00", "title": "4"}}, {"user_name": "Vikas Kumawat", "user_image": "usr.image", "review_text": "Nice hotel \ud83e\udd20\ud83e\udd20", "date": "26 Jul 2022", "rating": {"bg_color": "#58ac00", "title": "4"}}, {"user_name": "Javed", "user_image": "usr.image", "review_text": "Hotel good but water supply quality so bad", "date": "22 Mar 2023", "rating": {"bg_color": "#8fc402", "title": "3"}}, {"user_name": "Sachin Chaudhary", "user_image": "usr.image", "review_text": "Everything is good but they denied the policy which are been return by the Oyo app", "date": "11 Dec 2022", "rating": {"bg_color": "#8fc402", "title": "3"}}, {"user_name": "Kartik", "user_image": "usr.image", "review_text": "Food was good, but services are slow and water is very salty  to take bath", "date": "04 Dec 2022", "rating": {"bg_color": "#8fc402", "title": "3"}}, {"user_name": "Aditya Varshney", "user_image": "usr.image", "review_text": "Hotel staff was very rude.they were asking for extra money during check in apart from amount displayed during oyo  application booking.", "date": "25 Nov 2022", "rating": {"bg_color": "#8fc402", "title": "3"}}, {"user_name": "Pardeep Singh", "user_image": "usr.image", "review_text": "AC was not working\nFood supply was delay", "date": "13 Sep 2022", "rating": {"bg_color": "#8fc402", "title": "3"}}, {"user_name": "Nagendra SinghRajput", "user_image": "usr.image", "review_text": "Hi everyone who is reading this review here are some pro and cons for this hotel stay let\u2019s start with pros 1 Good staff and their behaviour was nice and helpful . 2 rooms are well maintained and cleaned. 3 privacy is completely maintained you don\u2019t find any creepy thing around your stay. Now let\u2019s move to cons 1 They try to fool you for charging more by giving stupid and irritating reasons like GST alag se dena padega or We have updated our prices so you have to pay new price or you are free to reach customer care and this will ruin you that day as customer cares are not full fill your demand instantly so make 2 bookings before going to this hotel or hotel jalsa which was owned by same owner. 2nd toilets are smelly so keep that door close. 3rd Don\u2019t even think of taking bath cause water in toilets is saltier than you sweat\u2026.. hope this review will help you", "date": "02 Sep 2022", "rating": {"bg_color": "#8fc402", "title": "3"}}, {"user_name": "Rahul Ranjan", "user_image": "usr.image", "review_text": "High ratings are because manger gives rating my himself by asking for customers phone. Cheap rooms with airconditioner. \nNo working television. \nDirty bedsheets, \ndirty pillows, dirty bathroom. Salty water which will ruin your health.", "date": "29 Aug 2022", "rating": {"bg_color": "#8fc402", "title": "3"}}, {"user_name": "Naman Kumar", "user_image": "usr.image", "review_text": "Receptionist very bad behaviour", "date": "07 Aug 2022", "rating": {"bg_color": "#8fc402", "title": "3"}}, {"user_name": "Hardeep", "user_image": "usr.image", "review_text": "water in washroom was so salty when I shower & shampoo my hairs leather wasn't rinsed off of me & skin felt wierd all day", "date": "21 Jul 2022", "rating": {"bg_color": "#8fc402", "title": "3"}}, {"user_name": "Sachin Chaudhary", "user_image": "usr.image", "review_text": "I dong check in they denied the check in", "date": "21 Dec 2022", "rating": {"bg_color": "#feba00", "title": "2"}}, {"user_name": "Kaustubh Anand", "user_image": "usr.image", "review_text": "Ac not working , paid extra amount for check in", "date": "28 Oct 2022", "rating": {"bg_color": "#feba00", "title": "2"}}, {"user_name": "Sheelam Shankar", "user_image": "usr.image", "date": "07 Oct 2022", "rating": {"bg_color": "#feba00", "title": "2"}, "user_image_feedback_list": [{"image_name": "IMG_20220925_080226683c7e58-0c8e-4919-9b87-2d851c6aa467.jpg", "image_url": "https://images.oyoroomscdn.com/ugc-feedback-uploads/IMG_20220925_080226683c7e58-0c8e-4919-9b87-2d851c6aa467.jpg", "type": "jpg", "uploaded_at": "2022-10-07", "image_id": "130256"}, {"image_name": "IMG_20220925_0801181a33bdb1-4796-4809-9f98-c81b50c828a1.jpg", "image_url": "https://images.oyoroomscdn.com/ugc-feedback-uploads/IMG_20220925_0801181a33bdb1-4796-4809-9f98-c81b50c828a1.jpg", "type": "jpg", "uploaded_at": "2022-10-07", "image_id": "130257"}, {"image_name": "IMG_20220925_0801442a86c298-5e10-4244-9493-194bf95f4972.jpg", "image_url": "https://images.oyoroomscdn.com/ugc-feedback-uploads/IMG_20220925_0801442a86c298-5e10-4244-9493-194bf95f4972.jpg", "type": "jpg", "uploaded_at": "2022-10-07", "image_id": "130258"}, {"image_name": "IMG_20220925_080130870e6b71-c783-465c-b057-99006072ab86.jpg", "image_url": "https://images.oyoroomscdn.com/ugc-feedback-uploads/IMG_20220925_080130870e6b71-c783-465c-b057-99006072ab86.jpg", "type": "jpg", "uploaded_at": "2022-10-07", "image_id": "130255"}, {"image_name": "IMG_20220925_0802019769bf59-f8c7-4d47-9e66-78e9dd578349.jpg", "image_url": "https://images.oyoroomscdn.com/ugc-feedback-uploads/IMG_20220925_0802019769bf59-f8c7-4d47-9e66-78e9dd578349.jpg", "type": "jpg", "uploaded_at": "2022-10-07", "image_id": "130254"}]}, {"user_name": "Dheeraj Maurya", "user_image": "usr.image", "review_text": "Washroom was not in good Condition and room is also not in good condition bedsheet and pellow cover are dirty and smiling very bad, and unprofessional staff.", "date": "27 Jul 2022", "rating": {"bg_color": "#feba00", "title": "2"}}, {"user_name": "tariq khan", "user_image": "usr.image", "date": "22 May 2023", "rating": {"bg_color": "#ff4742", "title": "1"}, "user_image_feedback_list": [{"image_name": "B756A996-F64B-4134-91F2-22B8EC8287E95e8f8acb-001a-4528-a6c8-46a5bf28f2ef.jpeg", "image_url": "https://images.oyoroomscdn.com/ugc-feedback-uploads/B756A996-F64B-4134-91F2-22B8EC8287E95e8f8acb-001a-4528-a6c8-46a5bf28f2ef.jpeg", "type": "jpeg", "uploaded_at": "2023-05-22", "image_id": "204992"}, {"image_name": "60CD2F7A-C8E6-4C2B-BDED-CCC5F6AF11CE675f70ab-00c1-4968-800f-fdf70a7abd57.jpeg", "image_url": "https://images.oyoroomscdn.com/ugc-feedback-uploads/60CD2F7A-C8E6-4C2B-BDED-CCC5F6AF11CE675f70ab-00c1-4968-800f-fdf70a7abd57.jpeg", "type": "jpeg", "uploaded_at": "2023-05-22", "image_id": "204991"}, {"image_name": "82BD942B-48E2-4DEC-B41D-5D6C57301185475e415a-7479-4062-b25d-c58b1c17503d.jpeg", "image_url": "https://images.oyoroomscdn.com/ugc-feedback-uploads/82BD942B-48E2-4DEC-B41D-5D6C57301185475e415a-7479-4062-b25d-c58b1c17503d.jpeg", "type": "jpeg", "uploaded_at": "2023-05-22", "image_id": "204990"}, {"image_name": "7DCDDB45-DE6D-43A3-97FA-E489804AB08Ebe6cfda6-f162-4f88-b6c1-5b66042de2af.jpeg", "image_url": "https://images.oyoroomscdn.com/ugc-feedback-uploads/7DCDDB45-DE6D-43A3-97FA-E489804AB08Ebe6cfda6-f162-4f88-b6c1-5b66042de2af.jpeg", "type": "jpeg", "uploaded_at": "2023-05-22", "image_id": "204989"}, {"image_name": "00FF1CEE-66E1-411E-83E0-A5D1DC9B77F8f72c1f7e-2139-40b0-a6de-c2a8214f0a5c.jpeg", "image_url": "https://images.oyoroomscdn.com/ugc-feedback-uploads/00FF1CEE-66E1-411E-83E0-A5D1DC9B77F8f72c1f7e-2139-40b0-a6de-c2a8214f0a5c.jpeg", "type": "jpeg", "uploaded_at": "2023-05-22", "image_id": "204988"}, {"image_name": "21A8DA80-3E1F-454B-BF87-E40FE80B3D8F96c99081-6b33-4bc6-8e84-23fb3d54dc51.jpeg", "image_url": "https://images.oyoroomscdn.com/ugc-feedback-uploads/21A8DA80-3E1F-454B-BF87-E40FE80B3D8F96c99081-6b33-4bc6-8e84-23fb3d54dc51.jpeg", "type": "jpeg", "uploaded_at": "2023-05-22", "image_id": "204987"}, {"image_name": "7B24098E-03AF-4B69-8047-CFEBA7D34D58b1518d69-a903-4ea7-88b6-1f5695521c6f.jpeg", "image_url": "https://images.oyoroomscdn.com/ugc-feedback-uploads/7B24098E-03AF-4B69-8047-CFEBA7D34D58b1518d69-a903-4ea7-88b6-1f5695521c6f.jpeg", "type": "jpeg", "uploaded_at": "2023-05-22", "image_id": "204993"}]}, {"user_name": "kalim", "user_image": "usr.image", "review_text": "oyo is biggest scam now a days. \ndoubly charged and they did not gave reciept also. \nin app they will give offers for prepaid after paying when you arrive at hotel they will charge you again saying that you will get refund of pre paid amount but you wont get that.\n  \nI got cheated by this recently two times i called them and complained about this but no response to it.", "date": "01 Apr 2023", "rating": {"bg_color": "#ff4742", "title": "1"}}, {"user_name": "Gabriel", "user_image": "usr.image", "review_text": "Property Manager Asked for extra money at the time of check in", "date": "08 Jan 2023", "rating": {"bg_color": "#ff4742", "title": "1"}}, {"user_name": "Gaurav Gupta", "user_image": "usr.image", "review_text": "We had left our belongings at the hotel and we are sure that it is there but hotel management are very non cooperative. we have asked them to find and keep the belongings so that we can collect it later today but they are not helping us and not picking our calls or responding us. We believe that Oyo takes the responsibility for such a poor service and help us find our belongings.", "date": "03 Jan 2023", "rating": {"bg_color": "#ff4742", "title": "1"}}, {"user_name": "Shivanshu Agarwal", "user_image": "usr.image", "review_text": "Poor service, TV was not working after complaining many times, lobby's light and lift was not working in the evening", "date": "03 Jan 2023", "rating": {"bg_color": "#ff4742", "title": "1"}}, {"user_name": "atish ghosal", "user_image": "usr.image", "review_text": "Rooms very suffocating, no ventilation, staff not at all cooperating, no proper management, no complimentry water.", "date": "12 Dec 2022", "rating": {"bg_color": "#ff4742", "title": "1"}}, {"user_name": "Aslam", "user_image": "usr.image", "review_text": "Did not stayed at the hotel as the hotel guy asked for extra amount to pay", "date": "07 Dec 2022", "rating": {"bg_color": "#ff4742", "title": "1"}}, {"user_name": "Jerry", "user_image": "usr.image", "review_text": "Very bad hotel...not at all recommendeble\nNo hot water\nSalt water in taps\nNot clean\nUsed bedsheets\nCharged me extra as compared to Oyo recommended cost\nOverall the experience is very bad...\nDon't try going here", "date": "05 Dec 2022", "rating": {"bg_color": "#ff4742", "title": "1"}}, {"user_name": "Anurag Shrivastav", "user_image": "usr.image", "review_text": "The manager denied to check in", "date": "04 Dec 2022", "rating": {"bg_color": "#ff4742", "title": "1"}}, {"user_name": "pavan sharma", "user_image": "usr.image", "review_text": "3rd class hotel", "date": "01 Dec 2022", "rating": {"bg_color": "#ff4742", "title": "1"}}, {"user_name": "Ashis KumarDas", "user_image": "usr.image", "review_text": "Water was very salty. I had a problem in checking in. They charged extra 700 even though the amount was paid in advance.", "date": "25 Nov 2022", "rating": {"bg_color": "#ff4742", "title": "1"}}]}}, {"data": {"title": "222 Verified Reviews", "rating_data": {"title": "4.2", "bg_color": "#58ac00", "tag": "Very Good", "subtitle": "645 ratings on verified stays by guests"}, "sort_options": [{"type": "date-high", "title": "Recent reviews"}, {"type": "rating-high", "title": "High to low ratings"}, {"type": "rating-low", "title": "Low to high ratings"}], "is_last": true, "reviews": [{"user_name": "Rakhi Kushwah", "user_image": "usr.image", "review_text": "One of most ghatiya hotel in AGRA  pathetic service water was salted in washroom's no cleaning at all... Recommend to everyone please don't go in this hotel.. Very disappointed", "date": "19 Nov 2022", "rating": {"bg_color": "#ff4742", "title": "1"}}, {"user_name": "Prafful Wasnik", "user_image": "usr.image", "review_text": "Very poor service and menu card is not trustful and also framing not well", "date": "18 Nov 2022", "rating": {"bg_color": "#ff4742", "title": "1"}}, {"user_name": "Adi Tripathi", "user_image": "usr.image", "review_text": "Water is so salty that you cant even brush your teeth bathroom was not clean and working nothing was in order to call that hell as hotel", "date": "02 Nov 2022", "rating": {"bg_color": "#ff4742", "title": "1"}}, {"user_name": "Manish Mahapatra", "user_image": "usr.image", "review_text": "untidy, zero maintained, wrong distance on map, the staff increased the price to double on spot", "date": "28 Oct 2022", "rating": {"bg_color": "#ff4742", "title": "1"}}, {"user_name": "Adarsh", "user_image": "usr.image", "review_text": "The room was so dirty what can I say about that bloody room. The bed linen was yellow and I want to say about the washroom of this hotel. The hotel's washroom was very neat and clean because i was saved from falling unconscious or else the hospital bill would have come. have you drink sea water i think even sea water will be sweeter than here and there is no drinking water if you are coming there for stay then you should keep your own water bottel", "date": "20 Sep 2022", "rating": {"bg_color": "#ff4742", "title": "1"}}, {"user_name": "Vivek Singh", "user_image": "usr.image", "review_text": "The hotel denies to pay the invoice during the checkout. \nAnd they charged extra money for every single item", "date": "11 Sep 2022", "rating": {"bg_color": "#ff4742", "title": "1"}}, {"user_name": "Amit", "user_image": "usr.image", "review_text": "Hotel charged me 500 rs more for the booking..please take action against them", "date": "11 Sep 2022", "rating": {"bg_color": "#ff4742", "title": "1"}}, {"user_name": "Harish Patidar", "user_image": "usr.image", "review_text": "bad", "date": "07 Sep 2022", "rating": {"bg_color": "#ff4742", "title": "1"}}, {"user_name": "Dharmendra Yadav", "user_image": "usr.image", "review_text": "Please don't prefer this property here very bad service and after booking money they demanding extra money. Smelling room no clean bathroom and I can't explain how bad services this hotel giving. Please don't go this hotel Oyo must take proper action against this hotel.. thank you", "date": "07 Sep 2022", "rating": {"bg_color": "#ff4742", "title": "1"}}, {"user_name": "Vivek Gupta", "user_image": "usr.image", "review_text": "Firstly the Staff is downright Arrogant! They denied me Checkin , Then asked for Extra Money 500\u20b9 ! I did the online payment on OYO app but Hotel asked for extra money and when i asked for Bill they said we'll give during checkout! At the time of check-out they were making excuses that accountant isn't here we'll WhatsApp you the bill this and that ! Farzi Hotel !", "date": "03 Sep 2022", "rating": {"bg_color": "#ff4742", "title": "1"}}, {"user_name": "Arshad", "user_image": "usr.image", "review_text": "Hotal not good", "date": "26 Aug 2022", "rating": {"bg_color": "#ff4742", "title": "1"}}, {"user_name": "Archit Matta", "user_image": "usr.image", "review_text": "This is my worst experience of oyo. I have booked 2 rooms and in 1 room A.C is not working and the water is not coming in the bathroom and in both the room it was not hygiene and the T.V is also not working in both the rooms. And no intercom in the rooms and does not give complimentary breakfast to us.", "date": "21 Aug 2022", "rating": {"bg_color": "#ff4742", "title": "1"}}, {"user_name": "Rohit meghani", "user_image": "usr.image", "review_text": "not service", "date": "08 Aug 2022", "rating": {"bg_color": "#ff4742", "title": "1"}}, {"user_name": "Avin Kumar", "user_image": "usr.image", "review_text": "Ac is not working", "date": "06 Aug 2022", "rating": {"bg_color": "#ff4742", "title": "1"}}, {"user_name": "Krishna Singh", "user_image": "usr.image", "review_text": "Charged extra money and room was not clean", "date": "20 Jul 2022", "rating": {"bg_color": "#ff4742", "title": "1"}}, {"user_name": "Abhay", "user_image": "usr.image", "review_text": "not  good don't book this townhouse  I give extra money because they demand me and no direct Oyo  payment facility give they give own QR code .\nroom service is bad .\nbed cover is dirty .", "date": "11 Jul 2022", "rating": {"bg_color": "#ff4742", "title": "1"}}, {"user_name": "itendra", "user_image": "usr.image", "review_text": "They charged extra money other than booking amount and hotel was not having towels, glass nothing", "date": "06 Jul 2022", "rating": {"bg_color": "#ff4742", "title": "1"}}, {"user_name": "Sween", "user_image": "usr.image", "review_text": "Worst service\u2026..never book this one", "date": "05 Jul 2022", "rating": {"bg_color": "#ff4742", "title": "1"}}, {"user_name": "Jitendra Meena", "user_image": "usr.image", "review_text": "wrong address.\ndemand of extra money.\nI couldn't find hotel,\nmy money waste", "date": "19 Jun 2022", "rating": {"bg_color": "#ff4742", "title": "1"}}, {"user_name": "Madhur", "user_image": "usr.image", "review_text": "It was a pathetic property\u2026will never be recommending OYO", "date": "06 Jun 2022", "rating": {"bg_color": "#ff4742", "title": "1"}}]}}]