[{"data": {"title": "4 Verified Reviews", "rating_data": {"title": "4.1", "bg_color": "#58ac00", "tag": "Very Good", "subtitle": "57 ratings on verified stays by guests"}, "sort_options": [{"type": "date-high", "title": "Recent reviews"}, {"type": "rating-high", "title": "High to low ratings"}, {"type": "rating-low", "title": "Low to high ratings"}], "is_last": true, "reviews": [{"user_name": "Aditya Tripathi", "user_image": "usr.image", "review_text": "Best hotel in agra I like to thank mr Sunil from hotel was very gd person", "date": "20 Dec 2022", "rating": {"bg_color": "#346000", "title": "5"}}, {"user_name": "Sunil Yadav", "user_image": "usr.image", "review_text": "Good hotel also owner of hotel Mr sunil is very kind", "date": "20 Dec 2022", "rating": {"bg_color": "#346000", "title": "5"}}, {"user_name": "Aniket Singh", "user_image": "usr.image", "review_text": "Location is wrong", "date": "25 Jan 2023", "rating": {"bg_color": "#ff4742", "title": "1"}}, {"user_name": "yatin", "user_image": "usr.image", "review_text": "no such locations found", "date": "22 Dec 2022", "rating": {"bg_color": "#ff4742", "title": "1"}}]}}]