[{"data": {"title": "15 Verified Reviews", "rating_data": {"title": "4.4", "bg_color": "#58ac00", "tag": "Very Good", "subtitle": "46 ratings on verified stays by guests"}, "sort_options": [{"type": "date-high", "title": "Recent reviews"}, {"type": "rating-high", "title": "High to low ratings"}, {"type": "rating-low", "title": "Low to high ratings"}], "is_last": true, "reviews": [{"user_name": "Rachna", "user_image": "usr.image", "date": "07 May 2023", "rating": {"bg_color": "#346000", "title": "5"}, "user_image_feedback_list": [{"image_name": "JPEG_20230507_105916_17919138104130161386ecfe109-d027-4f96-a3ab-ba6325b85df7.jpg", "image_url": "https://images.oyoroomscdn.com/ugc-feedback-uploads/JPEG_20230507_105916_17919138104130161386ecfe109-d027-4f96-a3ab-ba6325b85df7.jpg", "type": "jpg", "uploaded_at": "2023-05-07", "image_id": "200581"}, {"image_name": "JPEG_20230507_105859_246380022434945743715e7c03c-f661-4342-a4d6-509681bd6f3a.jpg", "image_url": "https://images.oyoroomscdn.com/ugc-feedback-uploads/JPEG_20230507_105859_246380022434945743715e7c03c-f661-4342-a4d6-509681bd6f3a.jpg", "type": "jpg", "uploaded_at": "2023-05-07", "image_id": "200580"}]}, {"user_name": "Jatin", "user_image": "usr.image", "review_text": "Nice hotel in Agra good facilities and saff behaviour is good", "date": "24 Apr 2023", "rating": {"bg_color": "#346000", "title": "5"}}, {"user_name": "Prashant", "user_image": "usr.image", "review_text": "Nice hotel staff and behave like a family better then Booking.com", "date": "23 Apr 2023", "rating": {"bg_color": "#346000", "title": "5"}}, {"user_name": "Mamtasingh", "user_image": "usr.image", "review_text": "Nice", "date": "23 Apr 2023", "rating": {"bg_color": "#346000", "title": "5"}}, {"user_name": "Gulshan Gulshan", "user_image": "usr.image", "review_text": "Nice hotel in Agra", "date": "23 Apr 2023", "rating": {"bg_color": "#346000", "title": "5"}}, {"user_name": "Dinesh Rana", "user_image": "usr.image", "review_text": "Hotel staff was very polite and friendly. Location of property is very good. Rooms are clean and hygienic.", "date": "16 Apr 2023", "rating": {"bg_color": "#346000", "title": "5"}}, {"user_name": "Dilipan M", "user_image": "usr.image", "review_text": "Good", "date": "15 Apr 2023", "rating": {"bg_color": "#346000", "title": "5"}}, {"user_name": "Ghanshyam Singh", "user_image": "usr.image", "review_text": "Very good", "date": "13 Apr 2023", "rating": {"bg_color": "#346000", "title": "5"}}, {"user_name": "Deepak joshi", "user_image": "usr.image", "review_text": "Nice staff", "date": "11 Apr 2023", "rating": {"bg_color": "#346000", "title": "5"}}, {"user_name": "Pramod das", "user_image": "usr.image", "review_text": "Excellent hotel", "date": "09 Apr 2023", "rating": {"bg_color": "#346000", "title": "5"}}, {"user_name": "Mayank", "user_image": "usr.image", "review_text": "Nice hotels", "date": "09 Apr 2023", "rating": {"bg_color": "#346000", "title": "5"}}, {"user_name": "Md Dilshad Babji", "user_image": "usr.image", "review_text": "Nice hotel cleaning work in hotel", "date": "09 Apr 2023", "rating": {"bg_color": "#346000", "title": "5"}}, {"user_name": "Ankit", "user_image": "usr.image", "review_text": "It was great experience all out. Staff out here is very friendly and supportive.", "date": "08 Apr 2023", "rating": {"bg_color": "#346000", "title": "5"}}, {"user_name": "Ajay Yadav", "user_image": "usr.image", "review_text": "Hospitality is good and staff is also nice.", "date": "17 Apr 2023", "rating": {"bg_color": "#58ac00", "title": "4"}}, {"user_name": "Manish Verma", "user_image": "usr.image", "review_text": "Nyc", "date": "15 Apr 2023", "rating": {"bg_color": "#58ac00", "title": "4"}}]}}]