[{"data": {"title": "14 Verified Reviews", "rating_data": {"title": "2.8", "bg_color": "#feba00", "tag": "Fair", "subtitle": "120 ratings on verified stays by guests"}, "sort_options": [{"type": "date-high", "title": "Recent reviews"}, {"type": "rating-high", "title": "High to low ratings"}, {"type": "rating-low", "title": "Low to high ratings"}], "is_last": true, "reviews": [{"user_name": "Lalit", "user_image": "usr.image", "date": "18 May 2023", "rating": {"bg_color": "#346000", "title": "5"}, "user_image_feedback_list": [{"image_name": "CA992522-08A3-47D6-82CA-F835531DF7C66f44dd5b-0ce2-4877-b486-fe43dda29f51.jpeg", "image_url": "https://images.oyoroomscdn.com/ugc-feedback-uploads/CA992522-08A3-47D6-82CA-F835531DF7C66f44dd5b-0ce2-4877-b486-fe43dda29f51.jpeg", "type": "jpeg", "uploaded_at": "2023-05-18", "image_id": "203830"}]}, {"user_name": "Shivam sharma", "user_image": "usr.image", "review_text": "Good", "date": "18 Mar 2023", "rating": {"bg_color": "#346000", "title": "5"}}, {"user_name": "Shivshyam Kumar", "user_image": "usr.image", "review_text": "Good facilities available", "date": "31 Dec 2022", "rating": {"bg_color": "#346000", "title": "5"}}, {"user_name": "Neeraj Kumar", "user_image": "usr.image", "review_text": "Superb", "date": "01 Dec 2022", "rating": {"bg_color": "#346000", "title": "5"}}, {"user_name": "Dharmender", "user_image": "usr.image", "review_text": "Staff of Hotel is so co-operative. Neeraj ji and his helping hand is also too good and co-operated. Room condition is also good. Feeling is good \ud83d\ude0a\ud83d\ude0a.", "date": "03 Feb 2023", "rating": {"bg_color": "#58ac00", "title": "4"}}, {"user_name": "Shivam", "user_image": "usr.image", "review_text": "Staff behaviour was so polite", "date": "23 Dec 2022", "rating": {"bg_color": "#58ac00", "title": "4"}}, {"user_name": "tayyab", "user_image": "usr.image", "review_text": "Service was good chek in was good but the thing is that they took double charges to me as i booked room for Rs492  and they took Rs 800 after alot of bargain\u2026. Nd that because i reached their at 1:30AM at night so they took advantage of it\u2026. Thats very baddd customer should confirmed about the price before confirm the booking", "date": "04 Apr 2023", "rating": {"bg_color": "#8fc402", "title": "3"}}, {"user_name": "sandeep", "user_image": "usr.image", "review_text": "Room was messy", "date": "02 Jan 2023", "rating": {"bg_color": "#feba00", "title": "2"}}, {"user_name": "Shailesh Kumar", "user_image": "usr.image", "review_text": "Room has not been provided to me at booking hotel", "date": "09 Mar 2023", "rating": {"bg_color": "#ff4742", "title": "1"}}, {"user_name": "Shubham. .", "user_image": "usr.image", "review_text": "Beware! They are scammers..Do not book this hotel, they all are scammers and you will end up paying more to them.", "date": "08 Mar 2023", "rating": {"bg_color": "#ff4742", "title": "1"}}, {"user_name": "prateek", "user_image": "usr.image", "review_text": "When i checked it at 11:15 AM they charged me 50% extra of my booking amount for early check-in charges but after confirming from oyo they said that there is no early check-in charges from 10AM TO 12Noon instead of which they forced me to pay early check in charges otherwise they would cancel my booking. Hotel management is very poor but oyo helped me in checkin without any charges.", "date": "07 Mar 2023", "rating": {"bg_color": "#ff4742", "title": "1"}}, {"user_name": "Vaibhav Bhardwaj", "user_image": "usr.image", "review_text": "Very low quality hotel. When I reached hotel they were saying that there is no room available. While I  had done already payment. Then they give me sharing room and room condition was not also good.", "date": "06 Mar 2023", "rating": {"bg_color": "#ff4742", "title": "1"}}, {"user_name": "yogesh kumar", "user_image": "usr.image", "review_text": "500rs Extra money charged by hotel staff. It's very bad experience nd all hotel staff behaviour is very bad they are used abuse language...", "date": "21 Jan 2023", "rating": {"bg_color": "#ff4742", "title": "1"}}, {"user_name": "Mahesh", "user_image": "usr.image", "review_text": "bad room, oyo response zero", "date": "24 Dec 2022", "rating": {"bg_color": "#ff4742", "title": "1"}}]}}]