[{"data": {"title": "5 Verified Reviews", "rating_data": {"title": "3.3", "bg_color": "#8fc402", "tag": "Fair", "subtitle": "60 ratings on verified stays by guests"}, "sort_options": [{"type": "date-high", "title": "Recent reviews"}, {"type": "rating-high", "title": "High to low ratings"}, {"type": "rating-low", "title": "Low to high ratings"}], "is_last": true, "reviews": [{"user_name": "Naveen kumar", "user_image": "usr.image", "review_text": "We recently had the opportunity to stay at the hotel and I was pleasantly surprised. The staff was very helpful and accommodating, the beds were comfortable, and the washroom was clean which was always a plus. The hotel was one of my best budget-friendly choices.", "date": "27 Jun 2022", "rating": {"bg_color": "#346000", "title": "5"}}, {"user_name": "Rohit rajput", "user_image": "usr.image", "review_text": "hotel was atrauli location, room and washroom were clean and hygienic. staff was helpful, but amenities like fan tv wifi, parking, and food provided were not available.", "date": "04 Sep 2022", "rating": {"bg_color": "#58ac00", "title": "4"}}, {"user_name": "Amrit Punj", "user_image": "usr.image", "review_text": "Room and Service was Good.\nThey charged extra money just like some other hotels saying OYO offering low price.", "date": "17 Jul 2022", "rating": {"bg_color": "#58ac00", "title": "4"}}, {"user_name": "Saurabh Rajput", "user_image": "usr.image", "review_text": "Very poor", "date": "09 Feb 2023", "rating": {"bg_color": "#ff4742", "title": "1"}}, {"user_name": "Rakesh Kumar", "user_image": "usr.image", "review_text": "Money taken more than online booking,bed cover is poor condition (sperm spot),AC not working , washroom is not clean,", "date": "21 Aug 2022", "rating": {"bg_color": "#ff4742", "title": "1"}, "user_image_feedback_list": [{"image_name": "IMG_20220821_105353e2bad077-60c5-4ff8-b025-2b846391de89.jpg", "image_url": "https://images.oyoroomscdn.com/ugc-feedback-uploads/IMG_20220821_105353e2bad077-60c5-4ff8-b025-2b846391de89.jpg", "type": "jpg", "uploaded_at": "2022-08-21", "image_id": "110966"}]}]}}]