[{"data": {"title": "7 Verified Reviews", "rating_data": {"title": "4.1", "bg_color": "#58ac00", "tag": "Very Good", "subtitle": "74 ratings on verified stays by guests"}, "sort_options": [{"type": "date-high", "title": "Recent reviews"}, {"type": "rating-high", "title": "High to low ratings"}, {"type": "rating-low", "title": "Low to high ratings"}], "is_last": true, "reviews": [{"user_name": "Gagan Shakya", "user_image": "usr.image", "review_text": "Staff was well behaving nature , every thing was Easley available because of good location, every one appreciate visit", "date": "11 Mar 2023", "rating": {"bg_color": "#346000", "title": "5"}}, {"user_name": "Himanshu", "user_image": "usr.image", "review_text": "Nys and pleasure think and cleaning and safe", "date": "11 Feb 2023", "rating": {"bg_color": "#346000", "title": "5"}}, {"user_name": "satendra kumar", "user_image": "usr.image", "review_text": "Good", "date": "25 Apr 2023", "rating": {"bg_color": "#58ac00", "title": "4"}}, {"user_name": "Junaid Moni", "user_image": "usr.image", "review_text": "It's quite good rooms are not big but reliable and not touch expensive affordable prices after all the place is good and affordable", "date": "18 Apr 2023", "rating": {"bg_color": "#58ac00", "title": "4"}}, {"user_name": "Shiv", "user_image": "usr.image", "review_text": "I loved stayin in", "date": "05 Apr 2023", "rating": {"bg_color": "#58ac00", "title": "4"}}, {"user_name": "Vijay KumarChauhan", "user_image": "usr.image", "review_text": "The hotel is good for stay and clean experience was good when we are stay at this hotel I will again stay in this hotel room", "date": "29 Mar 2023", "rating": {"bg_color": "#58ac00", "title": "4"}}, {"user_name": "Rahul", "user_image": "usr.image", "review_text": "Good", "date": "18 Mar 2023", "rating": {"bg_color": "#8fc402", "title": "3"}}]}}]