[{"data": {"title": "18 Verified Reviews", "rating_data": {"title": "2.6", "bg_color": "#feba00", "tag": "Fair", "subtitle": "8 ratings on verified stays by guests"}, "sort_options": [{"type": "date-high", "title": "Recent reviews"}, {"type": "rating-high", "title": "High to low ratings"}, {"type": "rating-low", "title": "Low to high ratings"}], "is_last": true, "reviews": [{"user_name": "Ram Singh", "user_image": "usr.image", "review_text": "Room are too good", "date": "16 Apr 2023", "rating": {"bg_color": "#346000", "title": "5"}}, {"user_name": "Vineet Bhati", "user_image": "usr.image", "review_text": "No delay in service everything was on time. Good thing about hotel is having Professional BAR for party.", "date": "15 Apr 2023", "rating": {"bg_color": "#346000", "title": "5"}}, {"user_name": "Vineet Bhati", "user_image": "usr.image", "review_text": "Nice Stay. No issue found while staying at hotel.", "date": "15 Apr 2023", "rating": {"bg_color": "#346000", "title": "5"}}, {"user_name": "Vineet Bhati", "user_image": "usr.image", "review_text": "Best hotel.", "date": "15 Apr 2023", "rating": {"bg_color": "#346000", "title": "5"}}, {"user_name": "Raj Bala", "user_image": "usr.image", "review_text": "I like the room and staff service. No delay.", "date": "15 Apr 2023", "rating": {"bg_color": "#346000", "title": "5"}}, {"user_name": "Anjali Kumari", "user_image": "usr.image", "review_text": "Perfect space to spend quality time.", "date": "15 Apr 2023", "rating": {"bg_color": "#346000", "title": "5"}}, {"user_name": "Kumari Tanu", "user_image": "usr.image", "review_text": "Best hotel for couples...", "date": "15 Apr 2023", "rating": {"bg_color": "#346000", "title": "5"}}, {"user_name": "Kumari Tanu", "user_image": "usr.image", "review_text": "Best hotel for Family.", "date": "15 Apr 2023", "rating": {"bg_color": "#346000", "title": "5"}}, {"user_name": "Kumari Anjali", "user_image": "usr.image", "review_text": "Perfect room and service best.", "date": "15 Apr 2023", "rating": {"bg_color": "#346000", "title": "5"}}, {"user_name": "Kumari Anjali", "user_image": "usr.image", "review_text": "All good.", "date": "15 Apr 2023", "rating": {"bg_color": "#346000", "title": "5"}}, {"user_name": "Monu Thakur", "user_image": "usr.image", "review_text": "Staff was very supportive.", "date": "15 Apr 2023", "rating": {"bg_color": "#346000", "title": "5"}}, {"user_name": "VISHAL singh", "user_image": "usr.image", "review_text": "Hotel was good .", "date": "15 Apr 2023", "rating": {"bg_color": "#346000", "title": "5"}}, {"user_name": "VISHAL singh", "user_image": "usr.image", "review_text": "Very cooperative staff and service was good.", "date": "15 Apr 2023", "rating": {"bg_color": "#346000", "title": "5"}}, {"user_name": "Sexy Boy", "user_image": "usr.image", "review_text": "Great hospitality! Very enjoyable stay, Thanks alot.Na", "date": "14 Apr 2023", "rating": {"bg_color": "#346000", "title": "5"}}, {"user_name": "VISHAL singh", "user_image": "usr.image", "review_text": "Great stay. Wonderful room, super beakfast, warm &amp; inviting hosts. We&#39;ll definitely be back!.Na", "date": "14 Apr 2023", "rating": {"bg_color": "#346000", "title": "5"}}, {"user_name": "VISHAL singh", "user_image": "usr.image", "review_text": "Thanks for a wonderful stay just perfect.Nothing", "date": "14 Apr 2023", "rating": {"bg_color": "#346000", "title": "5"}}, {"user_name": "Rahul Bhardwaj", "user_image": "usr.image", "review_text": "Room is okay.. But electricity is not proper.. Light come and go again and again. .. It is a average room...", "date": "11 Apr 2023", "rating": {"bg_color": "#8fc402", "title": "3"}}, {"user_name": "Pushpendra Singh", "user_image": "usr.image", "review_text": "Very bedCleanness was very poor, room was very bed, online photos of room was fake.Very poor hotel and room. Bad and gadda was 3rd quality", "date": "15 Apr 2023", "rating": {"bg_color": "#ff4742", "title": "1"}}]}}]