[{"data": {"title": "65 Verified Reviews", "rating_data": {"title": "3.4", "bg_color": "#8fc402", "tag": "Fair", "subtitle": "376 ratings on verified stays by guests"}, "sort_options": [{"type": "date-high", "title": "Recent reviews"}, {"type": "rating-high", "title": "High to low ratings"}, {"type": "rating-low", "title": "Low to high ratings"}], "is_last": true, "reviews": [{"user_name": "VISHAL singh", "user_image": "usr.image", "review_text": "Best staff ever! Very friendly and super helpful :) Great breakfast and good location also, close to the Railway station &amp; Bus stand. I had an amazing experience here!.", "date": "26 Apr 2023", "rating": {"bg_color": "#346000", "title": "5"}}, {"user_name": "Monu singh", "user_image": "usr.image", "review_text": "Best staff ever! Very friendly and super helpful :) Great breakfast and good location also, close to the Railway station &amp; Bus stand. I had an amazing experience here!.", "date": "26 Apr 2023", "rating": {"bg_color": "#346000", "title": "5"}}, {"user_name": "Monu singh", "user_image": "usr.image", "review_text": "Best staff ever! Very friendly and super helpful :) Great breakfast and good location also, close to the Railway station &amp; Bus stand. I had an amazing experience here!.", "date": "26 Apr 2023", "rating": {"bg_color": "#346000", "title": "5"}}, {"user_name": "VISHAL singh", "user_image": "usr.image", "review_text": "Best staff ever! Very friendly and super helpful :) Great breakfast and good location also, close to the Railway station &amp; Bus stand. I had an amazing experience here!.", "date": "26 Apr 2023", "rating": {"bg_color": "#346000", "title": "5"}}, {"user_name": "MONINDER SINGH", "user_image": "usr.image", "review_text": "The staff at the (HN) in downtown (L) were fantastic. Great attitude. Helpful, and always available. The bed was super comfy. I will always stay at this location when traveling to or through (L", "date": "17 Apr 2023", "rating": {"bg_color": "#346000", "title": "5"}}, {"user_name": "Vineet Bhati", "user_image": "usr.image", "review_text": "Overall, I had a great experience with the (HN); staff was incredibly helpful, and the amenities were great. The room was wonderful, clean, and perfect to celebrate a birthday weekend.", "date": "17 Apr 2023", "rating": {"bg_color": "#346000", "title": "5"}}, {"user_name": "Vineet Bhati", "user_image": "usr.image", "review_text": "Excellent property and very convenient to USC activities. Front desk staff is extremely efficient, pleasant and helpful. Property is clean and has a fantastic old time charm.", "date": "17 Apr 2023", "rating": {"bg_color": "#346000", "title": "5"}}, {"user_name": "Vineet Bhati", "user_image": "usr.image", "review_text": "The staff at this property are all great! They all go above and beyond to make your stay comfortable. Please (HN) give your staff awards!.", "date": "17 Apr 2023", "rating": {"bg_color": "#346000", "title": "5"}}, {"user_name": "Vineet Bhati", "user_image": "usr.image", "review_text": "I had a wonderful experience at the (HN). Every staff member I encountered, from the valet to the check- in to the cleaning staff were delightful and eager to help! Thank you! Will recommend to my colleagues!.", "date": "17 Apr 2023", "rating": {"bg_color": "#346000", "title": "5"}}, {"user_name": "Kumari Tanu", "user_image": "usr.image", "review_text": "They were extremely accommodating and allowed us to check in early at like 10am. We got to hotel super early and I didn\u2019t wanna wait. So this was a big plus. The sevice was exceptional as well. Would definitely send a friend there.", "date": "17 Apr 2023", "rating": {"bg_color": "#346000", "title": "5"}}, {"user_name": "Kumari Anjali", "user_image": "usr.image", "review_text": "The rooms were clean, very comfortable, and the staff was amazing. They went over and beyond to help make our stay enjoyable. I highly recommend this hotel for anyone visiting downtown.", "date": "17 Apr 2023", "rating": {"bg_color": "#346000", "title": "5"}}, {"user_name": "Kumari Anjali", "user_image": "usr.image", "review_text": "Our rooms were very large and the beds were extremely comfortable however we struggled to get a good hot shower during our stay. Luke warm to cold most of the time, maybe we were showering in peak usage.", "date": "17 Apr 2023", "rating": {"bg_color": "#346000", "title": "5"}}, {"user_name": "Kumari Anjali", "user_image": "usr.image", "review_text": "Very clean rooms and helpful staff who assited us with local knowledge, IPl tickets and travel in the country. There are two restaurants which are good quality and the value for money is brilliant.", "date": "17 Apr 2023", "rating": {"bg_color": "#346000", "title": "5"}}, {"user_name": "Mohit Babu", "user_image": "usr.image", "review_text": "Very cooperative staff.", "date": "17 Apr 2023", "rating": {"bg_color": "#346000", "title": "5"}}, {"user_name": "Rahul Sharma", "user_image": "usr.image", "review_text": "Hotel staff was very friendly. I like the hotel.", "date": "17 Apr 2023", "rating": {"bg_color": "#346000", "title": "5"}}, {"user_name": "VISHAL singh", "user_image": "usr.image", "review_text": "Super stay.", "date": "17 Apr 2023", "rating": {"bg_color": "#346000", "title": "5"}}, {"user_name": "ROHIT CHAUDHARY", "user_image": "usr.image", "review_text": "Hotel charges extra money for me oyo should take action against this bad behavior", "date": "11 Apr 2023", "rating": {"bg_color": "#346000", "title": "5"}}, {"user_name": "Mradul Tiwari", "user_image": "usr.image", "review_text": "It was great pleasure to stay with Oyo premium rooms. Ambience and other facilities was good. Everything was perfect and meet our expectations.", "date": "23 Mar 2023", "rating": {"bg_color": "#346000", "title": "5"}}, {"user_name": "Amit Kumar", "user_image": "usr.image", "review_text": "Thank you for your service....i m impressed your compliment service...good behaviour and room clean and safe ... thank you", "date": "18 Feb 2023", "rating": {"bg_color": "#346000", "title": "5"}}, {"user_name": "Rahul Gupta", "user_image": "usr.image", "review_text": "Nice Room & best facilities", "date": "12 Nov 2022", "rating": {"bg_color": "#346000", "title": "5"}}, {"user_name": "Kapil Khan", "user_image": "usr.image", "review_text": "Very nice", "date": "07 Nov 2022", "rating": {"bg_color": "#346000", "title": "5"}}, {"user_name": "SANDEEP CHAUDHARY", "user_image": "usr.image", "review_text": "According to price this is best for stay in aligarh city", "date": "24 Sep 2022", "rating": {"bg_color": "#346000", "title": "5"}}, {"user_name": "Akshay", "user_image": "usr.image", "review_text": "Very good service and polite staff memebers or food is also good overall very nice place in low price", "date": "23 Jul 2022", "rating": {"bg_color": "#346000", "title": "5"}}, {"user_name": "Pankaj Yadav", "user_image": "usr.image", "review_text": "Good environment", "date": "18 Jul 2022", "rating": {"bg_color": "#346000", "title": "5"}}, {"user_name": "Asif Reza", "user_image": "usr.image", "review_text": "I enjoyed my stay at the hotel. The room was neat and clean, the bathroom was hygenic and the location was perfect. I had a great experience and would stay again.", "date": "08 Jul 2022", "rating": {"bg_color": "#346000", "title": "5"}}, {"user_name": "Shariq Khan", "user_image": "usr.image", "review_text": "nice", "date": "08 Jul 2022", "rating": {"bg_color": "#346000", "title": "5"}}, {"user_name": "Shariq Khan", "user_image": "usr.image", "review_text": "good & clean hotel", "date": "08 Jul 2022", "rating": {"bg_color": "#346000", "title": "5"}}, {"user_name": "Prakash Kumar", "user_image": "usr.image", "review_text": "clean rooms and good staff.", "date": "08 Jul 2022", "rating": {"bg_color": "#346000", "title": "5"}}, {"user_name": "Prakash Kumar", "user_image": "usr.image", "review_text": "very clean rooms and good washroom", "date": "08 Jul 2022", "rating": {"bg_color": "#346000", "title": "5"}}, {"user_name": "Devendra Pachauri", "user_image": "usr.image", "review_text": "The hotel was a nice place to stay. The service was quick and the rooms are clean. I had never had an issue with the cleanliness of the staff, which for me is a huge plus. If you're looking for an affordable hotel, then I recommend this one.", "date": "08 Jun 2022", "rating": {"bg_color": "#346000", "title": "5"}}, {"user_name": "Aman kumar", "user_image": "usr.image", "review_text": "Good", "date": "31 Mar 2023", "rating": {"bg_color": "#58ac00", "title": "4"}}, {"user_name": "equbal jouhar", "user_image": "usr.image", "review_text": "This  is nice hotel for rest and whatever a traveler want This hotel provided all facilities to a guest who came in the hotel .They provided soap,shampoo ,moisturizer and also provided tiffin facility's .The hotel is neat and clean and staff are have so good behavior and this hotel is located in nice area where all type of store present. However it is good or not but I shall give him five star to their behavior. Thanks.", "date": "19 Mar 2023", "rating": {"bg_color": "#58ac00", "title": "4"}}, {"user_name": "Niaz UlKabir", "user_image": "usr.image", "review_text": "Nice staff good room service and other things affordable rates.......................................", "date": "03 Mar 2023", "rating": {"bg_color": "#58ac00", "title": "4"}}, {"user_name": "Aman", "user_image": "usr.image", "review_text": "Clean and hygienic rooms, staff are also nice", "date": "02 Mar 2023", "rating": {"bg_color": "#58ac00", "title": "4"}}, {"user_name": "Aman", "user_image": "usr.image", "review_text": "Budget friendly stay, room are hygienic, staff are also quiet good", "date": "02 Mar 2023", "rating": {"bg_color": "#58ac00", "title": "4"}}, {"user_name": "Mohd Aslam", "user_image": "usr.image", "date": "05 Jan 2023", "rating": {"bg_color": "#58ac00", "title": "4"}, "user_image_feedback_list": [{"image_name": "IMG_20230104_08263312fbb1bc-011a-4231-b2e6-46c25375d02e.jpg", "image_url": "https://images.oyoroomscdn.com/ugc-feedback-uploads/IMG_20230104_08263312fbb1bc-011a-4231-b2e6-46c25375d02e.jpg", "type": "jpg", "uploaded_at": "2023-01-05", "image_id": "164230"}, {"image_name": "IMG_20230104_082633~2bdf062d3-eafd-4347-842f-9d4383b6e88b.jpg", "image_url": "https://images.oyoroomscdn.com/ugc-feedback-uploads/IMG_20230104_082633~2bdf062d3-eafd-4347-842f-9d4383b6e88b.jpg", "type": "jpg", "uploaded_at": "2023-01-05", "image_id": "164231"}]}, {"user_name": "SANDEEP CHAUDHARY", "user_image": "usr.image", "review_text": "It's good hotel according to price", "date": "28 Sep 2022", "rating": {"bg_color": "#58ac00", "title": "4"}}, {"user_name": "Manish Kumar", "user_image": "usr.image", "review_text": "Nice", "date": "22 Aug 2022", "rating": {"bg_color": "#58ac00", "title": "4"}}, {"user_name": "Cool Boy", "user_image": "usr.image", "review_text": "It was good stay there. I enjoy the cooperation of staff . Its  peaceful place \n\nWonderful \nThe room was clean", "date": "15 Aug 2022", "rating": {"bg_color": "#58ac00", "title": "4"}}, {"user_name": "Siddharth Shukla", "user_image": "usr.image", "review_text": "I had a great experience at the hotel. The staff was very friendly and helpful, and the room was clean and comfortable. I would recommend this hotel to anyone looking for a place to stay in Aligarh. but the hotel charges me an extra Rs200 for check-in But I think it's worth it Because Their room service was great.", "date": "19 Jun 2022", "rating": {"bg_color": "#58ac00", "title": "4"}}, {"user_name": "Varun Jaiswal", "user_image": "usr.image", "review_text": "location is perfect.", "date": "15 Jun 2022", "rating": {"bg_color": "#58ac00", "title": "4"}}, {"user_name": "Avanish Dubey", "user_image": "usr.image", "review_text": "The hotel was very good, its demand was also very good. Hotel parking also had a lot of facilities. staff is good", "date": "15 Jun 2022", "rating": {"bg_color": "#58ac00", "title": "4"}}, {"user_name": "Ankur Saini", "user_image": "usr.image", "review_text": "I recently stayed at the hotel and it was a great experience. The room was very clean, the bed was very comfortable, and I had no issue during check-in. The location was perfect, near the train station, and the price was really good.", "date": "13 Jun 2022", "rating": {"bg_color": "#58ac00", "title": "4"}}, {"user_name": "Pawan Yadav", "user_image": "usr.image", "review_text": "The rooms were clean and with comfortable beds and amenities such as ac, tv, which worked. The staff was courteous, friendly, and helpful. The location is convenient as it's not too far from the bus station. I would highly recommend this hotel to people looking for a budget hotel with all the basic amenities.", "date": "06 Jun 2022", "rating": {"bg_color": "#58ac00", "title": "4"}}, {"user_name": "SunilKumarVerma USHAINTERNATIONALLTD", "user_image": "usr.image", "review_text": "Oyo Bill not received yet. My booking price was 519 but at Hotel he charged 600 Rs. This is not right.", "date": "17 Mar 2023", "rating": {"bg_color": "#8fc402", "title": "3"}}, {"user_name": "Manoj", "user_image": "usr.image", "review_text": "Location is good & room is average", "date": "03 Oct 2022", "rating": {"bg_color": "#8fc402", "title": "3"}}, {"user_name": "Rahul Singh", "user_image": "usr.image", "review_text": "Rooms are little bit dirty", "date": "23 Sep 2022", "rating": {"bg_color": "#8fc402", "title": "3"}}, {"user_name": "Vineet Tomar", "user_image": "usr.image", "review_text": "OnLy Room but Food Service not Available & Towale not Clear", "date": "11 Sep 2022", "rating": {"bg_color": "#8fc402", "title": "3"}}, {"user_name": "anuj pathak", "user_image": "usr.image", "review_text": "Good but not better", "date": "20 Aug 2022", "rating": {"bg_color": "#8fc402", "title": "3"}}, {"user_name": "Ajay Singh", "user_image": "usr.image", "review_text": "location good", "date": "17 Jun 2022", "rating": {"bg_color": "#8fc402", "title": "3"}}, {"user_name": "AKASH", "user_image": "usr.image", "review_text": "Cleaning is batter but in hotel canteen food is very chameap quality", "date": "27 Sep 2022", "rating": {"bg_color": "#feba00", "title": "2"}}, {"user_name": "Aaliya Khan", "user_image": "usr.image", "review_text": "No ac and had to ask for drinking water where as every hotel offers water in room itself...", "date": "05 Jun 2022", "rating": {"bg_color": "#feba00", "title": "2"}}, {"user_name": "Girdhar Gopal", "user_image": "usr.image", "review_text": "Not provided water and soap no towel and dimand extra rupees and misbehave", "date": "03 Apr 2023", "rating": {"bg_color": "#ff4742", "title": "1"}}, {"user_name": "Md AyanAnsari", "user_image": "usr.image", "review_text": "very dirty room staff is very", "date": "20 Mar 2023", "rating": {"bg_color": "#ff4742", "title": "1"}}, {"user_name": "Mohit", "user_image": "usr.image", "review_text": "The hotel kept on cancelling my booking, the OYO representative called me upfront to pay offline instead of paying it through the app, as the booking amount was lesser than the room expenditure.", "date": "13 Mar 2023", "rating": {"bg_color": "#ff4742", "title": "1"}}, {"user_name": "Prem", "user_image": "usr.image", "review_text": "Location is good,But blanket was not clean,floor was dirty,No room service,It was altogether different as shown in image..", "date": "18 Feb 2023", "rating": {"bg_color": "#ff4742", "title": "1"}, "user_image_feedback_list": [{"image_name": "IMG20230217204338033035cd-66d0-4185-b065-fdd9d4499e4f.jpg", "image_url": "https://images.oyoroomscdn.com/ugc-feedback-uploads/IMG20230217204338033035cd-66d0-4185-b065-fdd9d4499e4f.jpg", "type": "jpg", "uploaded_at": "2023-02-18", "image_id": "177282"}, {"image_name": "IMG20230217204404ce42f294-7c4e-4c7b-9318-ef721f768b9f.jpg", "image_url": "https://images.oyoroomscdn.com/ugc-feedback-uploads/IMG20230217204404ce42f294-7c4e-4c7b-9318-ef721f768b9f.jpg", "type": "jpg", "uploaded_at": "2023-02-18", "image_id": "177281"}, {"image_name": "IMG2023021720433149868c13-4432-4782-aeb3-6ea3cb27e7e1.jpg", "image_url": "https://images.oyoroomscdn.com/ugc-feedback-uploads/IMG2023021720433149868c13-4432-4782-aeb3-6ea3cb27e7e1.jpg", "type": "jpg", "uploaded_at": "2023-02-18", "image_id": "177280"}]}, {"user_name": "Ramakant", "user_image": "usr.image", "review_text": "Very poor standard and bad convenience room facilities is poor", "date": "01 Sep 2022", "rating": {"bg_color": "#ff4742", "title": "1"}}, {"user_name": "Shivam Chaudhary", "user_image": "usr.image", "review_text": "Hotel have no parking\nHe did not allowed couple", "date": "29 Aug 2022", "rating": {"bg_color": "#ff4742", "title": "1"}}, {"user_name": "Haney Sajwan", "user_image": "usr.image", "review_text": "First of all you should give an option if it's available for 1 guest or 2. The hotel guy said the booking was for 1 person so had to give him extra money so that we could stay and secondly the hotel was not at all like in photo.\nAnyway what can we expect when we were getting a hotel at 363.", "date": "11 Aug 2022", "rating": {"bg_color": "#ff4742", "title": "1"}}, {"user_name": "Er.Rohit Tripathi", "user_image": "usr.image", "review_text": "he has taken much more rupees  than its booking  cost.", "date": "30 Jul 2022", "rating": {"bg_color": "#ff4742", "title": "1"}}, {"user_name": "Danish", "user_image": "usr.image", "review_text": "Very bad experience.", "date": "19 Jul 2022", "rating": {"bg_color": "#ff4742", "title": "1"}}, {"user_name": "Tanveer Alam", "user_image": "usr.image", "date": "09 Jul 2022", "rating": {"bg_color": "#ff4742", "title": "1"}, "user_image_feedback_list": [{"image_name": "IMG_20220709_075856a76a883f-b6cf-4b98-80df-024e6308ebad.jpg", "image_url": "https://images.oyoroomscdn.com/ugc-feedback-uploads/IMG_20220709_075856a76a883f-b6cf-4b98-80df-024e6308ebad.jpg", "type": "jpg", "uploaded_at": "2022-07-09", "image_id": "93263"}]}, {"user_name": "Devendra Pachauri", "user_image": "usr.image", "review_text": "extra charges", "date": "02 Jul 2022", "rating": {"bg_color": "#ff4742", "title": "1"}}, {"user_name": "Badal Jadaun", "user_image": "usr.image", "review_text": "no double bed no tc no AC no food no wifi no hygiene &cleanliness no staff no sanitization", "date": "30 Jun 2022", "rating": {"bg_color": "#ff4742", "title": "1"}}, {"user_name": "Avinash Kumar", "user_image": "usr.image", "review_text": "room is not given similar as seen photos of your app and bedsheet is not change d even after request.", "date": "15 Jun 2022", "rating": {"bg_color": "#ff4742", "title": "1"}}]}}]