[{"data": {"title": "23 Verified Reviews", "rating_data": {"title": "3.1", "bg_color": "#8fc402", "tag": "Fair", "subtitle": "125 ratings on verified stays by guests"}, "sort_options": [{"type": "date-high", "title": "Recent reviews"}, {"type": "rating-high", "title": "High to low ratings"}, {"type": "rating-low", "title": "Low to high ratings"}], "is_last": true, "reviews": [{"user_name": "Nasir", "user_image": "usr.image", "review_text": "hotel prince plaza good location", "date": "17 Apr 2023", "rating": {"bg_color": "#346000", "title": "5"}}, {"user_name": "Rakesh Kumar", "user_image": "usr.image", "review_text": "Best for couples", "date": "13 Mar 2023", "rating": {"bg_color": "#346000", "title": "5"}}, {"user_name": "Md Saif", "user_image": "usr.image", "review_text": "Staffs were good", "date": "24 Oct 2022", "rating": {"bg_color": "#346000", "title": "5"}}, {"user_name": "Sahil", "user_image": "usr.image", "review_text": "Ok", "date": "06 Oct 2022", "rating": {"bg_color": "#346000", "title": "5"}}, {"user_name": "sunil mittal", "user_image": "usr.image", "review_text": "Good staff and clean room", "date": "26 Sep 2022", "rating": {"bg_color": "#346000", "title": "5"}}, {"user_name": "sunil mittal", "user_image": "usr.image", "review_text": "So best experience", "date": "21 Sep 2022", "rating": {"bg_color": "#346000", "title": "5"}}, {"user_name": "Numan Alam", "user_image": "usr.image", "review_text": "Good", "date": "14 Aug 2022", "rating": {"bg_color": "#346000", "title": "5"}}, {"user_name": "Sagar Alfraid", "user_image": "usr.image", "review_text": "Very nice spacious rooms,nice service", "date": "08 Aug 2022", "rating": {"bg_color": "#346000", "title": "5"}}, {"user_name": "hukam chand choudhary", "user_image": "usr.image", "review_text": "Osmm hotel services \nClean rooms \nNd good talking staff \nThis is my bestest review of hotels in ajmer", "date": "27 Apr 2023", "rating": {"bg_color": "#58ac00", "title": "4"}}, {"user_name": "Arkam", "user_image": "usr.image", "review_text": "It was a pleasure staying at this Brand new property, which is 5 minutes walking from the Mall. It is a nice hotel with excellent food and service. They offer complementary fruit, chocolates and coffee in the room. Breakfast is good and you can choose: Indian, continental, etc. Also the restaurant is very good and reasonably priced. Overall the experience was brilliant and enjoyed or weekend getaway a lot. I will definitely stay there again.", "date": "06 Apr 2023", "rating": {"bg_color": "#58ac00", "title": "4"}, "user_image_feedback_list": [{"image_name": "Snapchat-96702392919fd4080-f94f-420f-9d62-0c29dbdada40.jpg", "image_url": "https://images.oyoroomscdn.com/ugc-feedback-uploads/Snapchat-96702392919fd4080-f94f-420f-9d62-0c29dbdada40.jpg", "type": "jpg", "uploaded_at": "2023-04-06", "image_id": "192023"}]}, {"user_name": "Aman Gupta", "user_image": "usr.image", "review_text": "It\u2019s really nice owner is cooperative", "date": "03 Apr 2023", "rating": {"bg_color": "#58ac00", "title": "4"}}, {"user_name": "Himanshu Thakur", "user_image": "usr.image", "review_text": "I like only room, I don't get any towel,soap means not get essential things overall experience is good because I stay only 3-4 hours.", "date": "20 Mar 2023", "rating": {"bg_color": "#58ac00", "title": "4"}}, {"user_name": "Bhagwandas Meena", "user_image": "usr.image", "review_text": "Hotel staff is nice , check in check out smooth", "date": "17 Sep 2022", "rating": {"bg_color": "#58ac00", "title": "4"}}, {"user_name": "Manshur Anshari", "user_image": "usr.image", "review_text": "Hotel clean and safe", "date": "26 Aug 2022", "rating": {"bg_color": "#58ac00", "title": "4"}}, {"user_name": "Sonu", "user_image": "usr.image", "review_text": "No ac, no wifi, no towel , so bad ,I am not in next book this hotel", "date": "18 Sep 2022", "rating": {"bg_color": "#feba00", "title": "2"}}, {"user_name": "Mursalin Biswas", "user_image": "usr.image", "date": "19 May 2023", "rating": {"bg_color": "#ff4742", "title": "1"}, "user_image_feedback_list": [{"image_name": "IMG20230519073404f831b83c-02b2-4abc-ad9a-d425101b6c8f.jpg", "image_url": "https://images.oyoroomscdn.com/ugc-feedback-uploads/IMG20230519073404f831b83c-02b2-4abc-ad9a-d425101b6c8f.jpg", "type": "jpg", "uploaded_at": "2023-05-19", "image_id": "204154"}, {"image_name": "IMG20230519073509f1bbea5f-6107-4d42-88b7-805ebcaf60eb.jpg", "image_url": "https://images.oyoroomscdn.com/ugc-feedback-uploads/IMG20230519073509f1bbea5f-6107-4d42-88b7-805ebcaf60eb.jpg", "type": "jpg", "uploaded_at": "2023-05-19", "image_id": "204153"}, {"image_name": "IMG20230519073349088764f9-0d1b-4d20-95e4-4e7d3996141c.jpg", "image_url": "https://images.oyoroomscdn.com/ugc-feedback-uploads/IMG20230519073349088764f9-0d1b-4d20-95e4-4e7d3996141c.jpg", "type": "jpg", "uploaded_at": "2023-05-19", "image_id": "204152"}, {"image_name": "IMG20230519073354733c4fb1-15d0-4c5e-9b96-af29ae88a74a.jpg", "image_url": "https://images.oyoroomscdn.com/ugc-feedback-uploads/IMG20230519073354733c4fb1-15d0-4c5e-9b96-af29ae88a74a.jpg", "type": "jpg", "uploaded_at": "2023-05-19", "image_id": "204151"}, {"image_name": "IMG2023051907334243188c30-1ad5-4392-a3e1-ba535635214d.jpg", "image_url": "https://images.oyoroomscdn.com/ugc-feedback-uploads/IMG2023051907334243188c30-1ad5-4392-a3e1-ba535635214d.jpg", "type": "jpg", "uploaded_at": "2023-05-19", "image_id": "204150"}]}, {"user_name": "Azeem", "user_image": "usr.image", "review_text": "The hotel staff is very uncompromising and there service is very poor the rooms are small and electricity can go any time and a.c is not working at all they said they\u2019ll give u ac room per when u reach the property they say that is non ac booking", "date": "09 Apr 2023", "rating": {"bg_color": "#ff4742", "title": "1"}}, {"user_name": "Baba fakuruddin", "user_image": "usr.image", "review_text": "The picture in which they are showing heater...it is not working... only room is okay.. price High", "date": "08 Apr 2023", "rating": {"bg_color": "#ff4742", "title": "1"}}, {"user_name": "\u00e1\u00b4\u008d\u00e1\u00b4\u0080\u00ea\u009c\u00b0\u00e1\u00b4\u008f\u00e1\u00b4\u008f\u00e1\u00b4\u00a2 \u00e1\u00b4\u0080\u00e1\u00b4\u008d\u00e1\u00b4\u0087\u00e1\u00b4\u0085", "user_image": "usr.image", "review_text": "Service is not good", "date": "02 Apr 2023", "rating": {"bg_color": "#ff4742", "title": "1"}}, {"user_name": "Harsheka Kar", "user_image": "usr.image", "review_text": "Very unprofessional staff. Talk to us rudely, room was in very poor condition. Dirty bedsheet and spider webs all over the place. Only we know how we stayed there. Worst experience in Oyo. I really DO NOT RECOMMEND GOING THERE.", "date": "24 Mar 2023", "rating": {"bg_color": "#ff4742", "title": "1"}}, {"user_name": "Sheeraz", "user_image": "usr.image", "review_text": "hotel is far away from dargah. they don't go as booking snd cheat customer. ask extra money and not polite to customer. I booked classic room with achi and they were telling to give non ac room and asked extra money", "date": "18 Sep 2022", "rating": {"bg_color": "#ff4742", "title": "1"}}, {"user_name": "Arvind Patidar", "user_image": "usr.image", "review_text": "Room not clean properly..no electricity backup", "date": "17 Sep 2022", "rating": {"bg_color": "#ff4742", "title": "1"}}, {"user_name": "Ummer Siddiq", "user_image": "usr.image", "review_text": "they charged me 1000 rs as it was showing 507 rs when I booked after speaking Oyo I did not get any response", "date": "11 Jun 2022", "rating": {"bg_color": "#ff4742", "title": "1"}}]}}]