[{"data": {"title": "146 Verified Reviews", "rating_data": {"title": "4.3", "bg_color": "#58ac00", "tag": "Very Good", "subtitle": "1243 ratings on verified stays by guests"}, "sort_options": [{"type": "date-high", "title": "Recent reviews"}, {"type": "rating-high", "title": "High to low ratings"}, {"type": "rating-low", "title": "Low to high ratings"}], "is_last": false, "next_offset": 101, "reviews": [{"user_name": "Subham Burman", "user_image": "usr.image", "review_text": "Best hotel in asansol best service/ behaviour everything \u2728", "date": "24 Apr 2023", "rating": {"bg_color": "#346000", "title": "5"}}, {"user_name": "shibu das", "user_image": "usr.image", "review_text": "Good service , Staffs are very good  ND cooperative", "date": "18 Apr 2023", "rating": {"bg_color": "#346000", "title": "5"}}, {"user_name": "nikhil", "user_image": "usr.image", "review_text": "Room was enough big and all the facility available in the room only. The room service is also good.", "date": "17 Apr 2023", "rating": {"bg_color": "#346000", "title": "5"}}, {"user_name": "PRINCE ABHIK", "user_image": "usr.image", "review_text": "nice property", "date": "16 Apr 2023", "rating": {"bg_color": "#346000", "title": "5"}}, {"user_name": "Akash Verma", "user_image": "usr.image", "review_text": "Excellent", "date": "13 Apr 2023", "rating": {"bg_color": "#346000", "title": "5"}}, {"user_name": "Durgesh Rajbhar", "user_image": "usr.image", "review_text": "Nice hotel for me! staff is very good and service is too good\ud83d\ude0a", "date": "12 Apr 2023", "rating": {"bg_color": "#346000", "title": "5"}}, {"user_name": "pancham lal", "user_image": "usr.image", "review_text": "Excellent", "date": "12 Apr 2023", "rating": {"bg_color": "#346000", "title": "5"}}, {"user_name": "Biswajit Singh", "user_image": "usr.image", "review_text": "Thank for cooperation staff is so coperative", "date": "12 Apr 2023", "rating": {"bg_color": "#346000", "title": "5"}}, {"user_name": "Youbraj", "user_image": "usr.image", "review_text": "Excellent", "date": "11 Apr 2023", "rating": {"bg_color": "#346000", "title": "5"}}, {"user_name": "Ansh Goswami", "user_image": "usr.image", "review_text": "Not good at all", "date": "11 Apr 2023", "rating": {"bg_color": "#346000", "title": "5"}}, {"user_name": "Surya kumar Hazra", "user_image": "usr.image", "review_text": "Good", "date": "03 Apr 2023", "rating": {"bg_color": "#346000", "title": "5"}}, {"user_name": "Ravi Kumar", "user_image": "usr.image", "review_text": "Excellent", "date": "29 Mar 2023", "rating": {"bg_color": "#346000", "title": "5"}}, {"user_name": "Prabhjot Singh", "user_image": "usr.image", "review_text": "Excellent", "date": "19 Mar 2023", "rating": {"bg_color": "#346000", "title": "5"}}, {"user_name": "Nandan kr", "user_image": "usr.image", "review_text": "Excellent", "date": "19 Mar 2023", "rating": {"bg_color": "#346000", "title": "5"}}, {"user_name": "Sourav Ghosal", "user_image": "usr.image", "review_text": "Best hotel ever", "date": "15 Mar 2023", "rating": {"bg_color": "#346000", "title": "5"}}, {"user_name": "Shreya Karmakar", "user_image": "usr.image", "review_text": "Good and friendly staff ,clean room and good ambience", "date": "15 Mar 2023", "rating": {"bg_color": "#346000", "title": "5"}}, {"user_name": "akash", "user_image": "usr.image", "review_text": "Excellent", "date": "11 Feb 2023", "rating": {"bg_color": "#346000", "title": "5"}}, {"user_name": "Pratima", "user_image": "usr.image", "review_text": "Excellent", "date": "11 Feb 2023", "rating": {"bg_color": "#346000", "title": "5"}}, {"user_name": "Pratima", "user_image": "usr.image", "review_text": "Superb service", "date": "11 Feb 2023", "rating": {"bg_color": "#346000", "title": "5"}}, {"user_name": "Vinay Singh", "user_image": "usr.image", "review_text": "Excellent", "date": "09 Feb 2023", "rating": {"bg_color": "#346000", "title": "5"}}, {"user_name": "SK AinulHaque", "user_image": "usr.image", "review_text": "Best hotel to stay in Asansol", "date": "09 Feb 2023", "rating": {"bg_color": "#346000", "title": "5"}}, {"user_name": "Praveen Singh", "user_image": "usr.image", "review_text": "Superb", "date": "08 Feb 2023", "rating": {"bg_color": "#346000", "title": "5"}}, {"user_name": "Shekhar Patra", "user_image": "usr.image", "review_text": "Excellent", "date": "06 Feb 2023", "rating": {"bg_color": "#346000", "title": "5"}}, {"user_name": "Pitamber", "user_image": "usr.image", "review_text": "excellent", "date": "04 Feb 2023", "rating": {"bg_color": "#346000", "title": "5"}}, {"user_name": "Samrat Singh", "user_image": "usr.image", "review_text": "Awesome Hotel.... Best hotel in Asansol", "date": "04 Feb 2023", "rating": {"bg_color": "#346000", "title": "5"}}, {"user_name": "Abhishek Rajak", "user_image": "usr.image", "review_text": "Excellent", "date": "29 Jan 2023", "rating": {"bg_color": "#346000", "title": "5"}}, {"user_name": "Bubai Ghosh", "user_image": "usr.image", "review_text": "Excellent", "date": "13 Jan 2023", "rating": {"bg_color": "#346000", "title": "5"}}, {"user_name": "Niraj Kumar", "user_image": "usr.image", "review_text": "One of the best hotel in asansol", "date": "12 Jan 2023", "rating": {"bg_color": "#346000", "title": "5"}}, {"user_name": "Avishek Kumar", "user_image": "usr.image", "review_text": "Excellent", "date": "10 Jan 2023", "rating": {"bg_color": "#346000", "title": "5"}}, {"user_name": "Manish kumar", "user_image": "usr.image", "review_text": "A1 hotel", "date": "10 Jan 2023", "rating": {"bg_color": "#346000", "title": "5"}}, {"user_name": "Ravi", "user_image": "usr.image", "review_text": "Excellent", "date": "04 Jan 2023", "rating": {"bg_color": "#346000", "title": "5"}}, {"user_name": "Raghav Singh", "user_image": "usr.image", "review_text": "Best hotel in Asansol", "date": "04 Jan 2023", "rating": {"bg_color": "#346000", "title": "5"}}, {"user_name": "maddy maddy", "user_image": "usr.image", "review_text": "Excellent", "date": "02 Jan 2023", "rating": {"bg_color": "#346000", "title": "5"}}, {"user_name": "Ak K", "user_image": "usr.image", "review_text": "Excellent it you are looking for privacy.", "date": "30 Dec 2022", "rating": {"bg_color": "#346000", "title": "5"}}, {"user_name": "Puja Goswami", "user_image": "usr.image", "review_text": "Good service", "date": "29 Dec 2022", "rating": {"bg_color": "#346000", "title": "5"}}, {"user_name": "Abhishek Roy", "user_image": "usr.image", "review_text": "Awesome", "date": "29 Dec 2022", "rating": {"bg_color": "#346000", "title": "5"}}, {"user_name": "Akash Kumar", "user_image": "usr.image", "review_text": "Superb", "date": "28 Dec 2022", "rating": {"bg_color": "#346000", "title": "5"}}, {"user_name": "Ujjal Dey", "user_image": "usr.image", "review_text": "Excellent", "date": "28 Dec 2022", "rating": {"bg_color": "#346000", "title": "5"}}, {"user_name": "Uditanshu", "user_image": "usr.image", "review_text": "Excellent", "date": "28 Dec 2022", "rating": {"bg_color": "#346000", "title": "5"}}, {"user_name": "Chandan Agarwal", "user_image": "usr.image", "review_text": "Excellent", "date": "28 Dec 2022", "rating": {"bg_color": "#346000", "title": "5"}}, {"user_name": "BIRENDRA", "user_image": "usr.image", "review_text": "Excellent", "date": "28 Dec 2022", "rating": {"bg_color": "#346000", "title": "5"}}, {"user_name": "Akash kumar", "user_image": "usr.image", "review_text": "One of greatest property in asansol", "date": "26 Dec 2022", "rating": {"bg_color": "#346000", "title": "5"}}, {"user_name": "M Asif", "user_image": "usr.image", "review_text": "Excellent", "date": "26 Dec 2022", "rating": {"bg_color": "#346000", "title": "5"}}, {"user_name": "parwez anwar", "user_image": "usr.image", "review_text": "Excellent", "date": "25 Dec 2022", "rating": {"bg_color": "#346000", "title": "5"}}, {"user_name": "XXX XXX", "user_image": "usr.image", "review_text": "Excellent", "date": "25 Dec 2022", "rating": {"bg_color": "#346000", "title": "5"}}, {"user_name": "Nilotpal Laha", "user_image": "usr.image", "review_text": "Excellent", "date": "25 Dec 2022", "rating": {"bg_color": "#346000", "title": "5"}}, {"user_name": "Anusree Ghosal", "user_image": "usr.image", "date": "21 Aug 2022", "rating": {"bg_color": "#346000", "title": "5"}, "user_image_feedback_list": [{"image_name": "IMG-20220821-WA0004cf287142-1acb-4d26-b283-d4e7a90e6c09.jpg", "image_url": "https://images.oyoroomscdn.com/ugc-feedback-uploads/IMG-20220821-WA0004cf287142-1acb-4d26-b283-d4e7a90e6c09.jpg", "type": "jpg", "uploaded_at": "2022-08-21", "image_id": "110850"}, {"image_name": "IMG-20220821-WA0003fcfcc92a-b40d-4551-aea7-41bec06096c6.jpg", "image_url": "https://images.oyoroomscdn.com/ugc-feedback-uploads/IMG-20220821-WA0003fcfcc92a-b40d-4551-aea7-41bec06096c6.jpg", "type": "jpg", "uploaded_at": "2022-08-21", "image_id": "110849"}]}, {"user_name": "Niku", "user_image": "usr.image", "review_text": "it's good to find a hotel any location and it's gd service", "date": "07 Aug 2022", "rating": {"bg_color": "#346000", "title": "5"}}, {"user_name": "Pradip Bharati", "user_image": "usr.image", "review_text": "Superb service", "date": "20 Jul 2022", "rating": {"bg_color": "#346000", "title": "5"}}, {"user_name": "Arijit Mondal", "user_image": "usr.image", "review_text": "continuous 2 yr m going same location its all good i dnt like to never stay others hotel.... only food items some time disappointed me,m never happy with their food always disappoint me nd also resturant staff who received call he jast stupid person he dnt know anything about food", "date": "19 Jul 2022", "rating": {"bg_color": "#346000", "title": "5"}}, {"user_name": "MD ARSHAD", "user_image": "usr.image", "review_text": "Its good to see the hotel management and also the staffs are very well", "date": "11 Jul 2022", "rating": {"bg_color": "#346000", "title": "5"}}, {"user_name": "Abhijeet Das", "user_image": "usr.image", "review_text": "good", "date": "11 Jul 2022", "rating": {"bg_color": "#346000", "title": "5"}}, {"user_name": "Subhash Kumar", "user_image": "usr.image", "review_text": "customer service not good check in time is 12 pm but the are given room 2 pm so it's too bad thing and it's not just one time i am always go and all time same things happen", "date": "09 Jul 2022", "rating": {"bg_color": "#346000", "title": "5"}}, {"user_name": "Aishik Bhattacharyya", "user_image": "usr.image", "review_text": "Nice room with big size\ud83d\udc4d", "date": "03 Jul 2022", "rating": {"bg_color": "#346000", "title": "5"}}, {"user_name": "Jha", "user_image": "usr.image", "review_text": "best service", "date": "03 Jul 2022", "rating": {"bg_color": "#346000", "title": "5"}}, {"user_name": "Doli Shaw", "user_image": "usr.image", "review_text": "Best hotel in Asansol", "date": "01 Jul 2022", "rating": {"bg_color": "#346000", "title": "5"}}, {"user_name": "Debabrata Bag", "user_image": "usr.image", "review_text": "good", "date": "01 Jul 2022", "rating": {"bg_color": "#346000", "title": "5"}}, {"user_name": "arif raza", "user_image": "usr.image", "review_text": "Room. Is very good", "date": "30 Jun 2022", "rating": {"bg_color": "#346000", "title": "5"}}, {"user_name": "vickyrawat", "user_image": "usr.image", "review_text": "Almost Good", "date": "24 Jun 2022", "rating": {"bg_color": "#346000", "title": "5"}}, {"user_name": "Rahul Shaw", "user_image": "usr.image", "review_text": "excellent", "date": "24 Jun 2022", "rating": {"bg_color": "#346000", "title": "5"}}, {"user_name": "Subham Kumar", "user_image": "usr.image", "review_text": "A1 service", "date": "20 Jun 2022", "rating": {"bg_color": "#346000", "title": "5"}}, {"user_name": "Vishal", "user_image": "usr.image", "review_text": "A1 service", "date": "20 Jun 2022", "rating": {"bg_color": "#346000", "title": "5"}}, {"user_name": "Meraj Ansari", "user_image": "usr.image", "review_text": "Best hotel in Asansol", "date": "16 Jun 2022", "rating": {"bg_color": "#346000", "title": "5"}}, {"user_name": "Vikash Ranjan", "user_image": "usr.image", "review_text": "best hotel", "date": "16 Jun 2022", "rating": {"bg_color": "#346000", "title": "5"}}, {"user_name": "Bijay Ruidas", "user_image": "usr.image", "review_text": "Best Hotel in Asansol", "date": "15 Jun 2022", "rating": {"bg_color": "#346000", "title": "5"}}, {"user_name": "Abhijit Sinha", "user_image": "usr.image", "review_text": "excellent", "date": "10 Jun 2022", "rating": {"bg_color": "#346000", "title": "5"}}, {"user_name": "Joy", "user_image": "usr.image", "review_text": "Excellent Hotel in Asansol \nEspecially Rounak Singh is very Helpful and Supportive", "date": "03 Jun 2022", "rating": {"bg_color": "#346000", "title": "5"}}, {"user_name": "Rahul kahar", "user_image": "usr.image", "review_text": "Nice room", "date": "10 Apr 2023", "rating": {"bg_color": "#58ac00", "title": "4"}}, {"user_name": "Ruby", "user_image": "usr.image", "review_text": "Restaurant very poor service", "date": "10 Apr 2023", "rating": {"bg_color": "#58ac00", "title": "4"}}, {"user_name": "Amit Pramanik", "user_image": "usr.image", "review_text": "Hotel place nice.  Room big and comfortable. Bathroom nice but not vary clean.  Staff behavior very good.  Food always testy and nice.", "date": "06 Apr 2023", "rating": {"bg_color": "#58ac00", "title": "4"}}, {"user_name": "Mrinmoy Das", "user_image": "usr.image", "review_text": "Cleaning stuff is hood", "date": "25 Mar 2023", "rating": {"bg_color": "#58ac00", "title": "4"}}, {"user_name": "AVISHEK BHATTACHARYA", "user_image": "usr.image", "review_text": "It is a good hotel. Location is good. Food is ok. Ok to stay for official purpose. Basic amenities are there", "date": "10 Jan 2023", "rating": {"bg_color": "#58ac00", "title": "4"}}, {"user_name": "Aashmuraalam", "user_image": "usr.image", "review_text": "Goood", "date": "26 Dec 2022", "rating": {"bg_color": "#58ac00", "title": "4"}}, {"user_name": "Piyush", "user_image": "usr.image", "review_text": "A good stay but money charge different when arrive hotel", "date": "29 Jul 2022", "rating": {"bg_color": "#58ac00", "title": "4"}}, {"user_name": "Shivam Kumar", "user_image": "usr.image", "review_text": "Good", "date": "20 Jul 2022", "rating": {"bg_color": "#58ac00", "title": "4"}}, {"user_name": "Prashant Kumar", "user_image": "usr.image", "review_text": "Safe and worthy hotel", "date": "19 Jul 2022", "rating": {"bg_color": "#58ac00", "title": "4"}}, {"user_name": "Ravikant", "user_image": "usr.image", "review_text": "Excellent", "date": "13 Jul 2022", "rating": {"bg_color": "#58ac00", "title": "4"}}, {"user_name": "Hrishav Chakraborty", "user_image": "usr.image", "review_text": "good hotel", "date": "12 Jul 2022", "rating": {"bg_color": "#58ac00", "title": "4"}}, {"user_name": "Umesh Mandal", "user_image": "usr.image", "review_text": "room cleanliness", "date": "02 Jul 2022", "rating": {"bg_color": "#58ac00", "title": "4"}}, {"user_name": "Md chand", "user_image": "usr.image", "review_text": "good", "date": "01 Jul 2022", "rating": {"bg_color": "#58ac00", "title": "4"}}, {"user_name": "Sweta Hazra", "user_image": "usr.image", "review_text": "check in time problem", "date": "13 Jun 2022", "rating": {"bg_color": "#58ac00", "title": "4"}}, {"user_name": "Ranjeet Kumar", "user_image": "usr.image", "review_text": "only amount take more than my booking confirm amount", "date": "09 Jun 2022", "rating": {"bg_color": "#58ac00", "title": "4"}}, {"user_name": "Pravin Kumar", "user_image": "usr.image", "review_text": "Customer support poor", "date": "09 Jun 2022", "rating": {"bg_color": "#58ac00", "title": "4"}}, {"user_name": "Arpit", "user_image": "usr.image", "review_text": "Hotel was good ,but we had to shift from one room to another room as the AC was not working ,so just a request that plz allocate rooms that have all equipment\u2019s in working condition. Overall the room was very good n the hotel staff was also very kind .", "date": "25 Apr 2023", "rating": {"bg_color": "#8fc402", "title": "3"}}, {"user_name": "Niwash Mandal", "user_image": "usr.image", "review_text": "Room is not looks like as a foto table and switches are broken", "date": "14 Feb 2023", "rating": {"bg_color": "#8fc402", "title": "3"}}, {"user_name": "Rajiv Singh", "user_image": "usr.image", "review_text": "washroom is very dirty.\nstaff not done proper behavior", "date": "11 Jan 2023", "rating": {"bg_color": "#8fc402", "title": "3"}}, {"user_name": "919905534593 Kumar", "user_image": "usr.image", "review_text": "room service is not good", "date": "09 Jul 2022", "rating": {"bg_color": "#8fc402", "title": "3"}}, {"user_name": "Bipin KumarMathuri", "user_image": "usr.image", "review_text": "Rooms are good but staff behaviour are not very good.", "date": "06 Jul 2022", "rating": {"bg_color": "#8fc402", "title": "3"}}, {"user_name": "Pintu Shaw", "user_image": "usr.image", "review_text": "given selected options need to be more improvement", "date": "02 Jul 2022", "rating": {"bg_color": "#8fc402", "title": "3"}}, {"user_name": "Sonu Kumar", "user_image": "usr.image", "review_text": "bed is not clean\u0964", "date": "26 Jun 2022", "rating": {"bg_color": "#8fc402", "title": "3"}}, {"user_name": "Abhijeet Kumar", "user_image": "usr.image", "review_text": "TV not working, Flush not working , booking amount increased at the time of check in.", "date": "21 Jun 2022", "rating": {"bg_color": "#8fc402", "title": "3"}}, {"user_name": "Sanu Mitra", "user_image": "usr.image", "review_text": "TV not working.. after saying several times no action Taken.", "date": "12 Jun 2022", "rating": {"bg_color": "#8fc402", "title": "3"}}, {"user_name": "Mousam Bhattacherya", "user_image": "usr.image", "review_text": "Location is very good.\nRoom interior is very good.\n\nWashroom is not much clean. Most of the bathroom fittings are not working properly.\nHotel don't provide the OYO kit, or anything.\nHotel don't provide the Water Jug or Water in the room. You have to purchase the water at double price of MRP against instant cash from the hotel.\nFor outside food, hotel don't provide the dish / cutlery.\nHotel provide towel only after you asked for it.\nWiFy is not working. \n\nFor Breakfast they charged \u20b9100 but don't have much choices. There was bread but no one was there for make toste. Omlet or Boiled Egg is not available. If you want you have to pay extra for it. Puri + Sabji was there, those are too cold.\n\nHigh price", "date": "11 Jun 2022", "rating": {"bg_color": "#8fc402", "title": "3"}}, {"user_name": "Kranthi", "user_image": "usr.image", "review_text": "it's average", "date": "08 Jun 2022", "rating": {"bg_color": "#8fc402", "title": "3"}}, {"user_name": "Basudeb Roy", "user_image": "usr.image", "review_text": "TV & WiFi,Staff & service", "date": "06 Jun 2022", "rating": {"bg_color": "#8fc402", "title": "3"}}, {"user_name": "Ishika Shaikh ", "user_image": "usr.image", "review_text": "WiFi not working", "date": "03 Jun 2022", "rating": {"bg_color": "#8fc402", "title": "3"}}, {"user_name": "Tarasankar Hazra", "user_image": "usr.image", "review_text": "staff behaviour was very poor ..no roomboy was available for anything..even the tv was not working.", "date": "22 Apr 2023", "rating": {"bg_color": "#feba00", "title": "2"}}, {"user_name": "RAMESH DAGA", "user_image": "usr.image", "review_text": "NO ROOM SERVICE, AC NOT WORKING ,LIFT NOT WORKING AND LACK OF STAFF MAKES IT MORE PATHETIC. \nFOODING IS ALSO NOT AS PER PRICE", "date": "17 Apr 2023", "rating": {"bg_color": "#feba00", "title": "2"}}, {"user_name": "Ranjit Kr", "user_image": "usr.image", "review_text": "Stay at hotel for official purpose where my experience was not good. Out of four CFL Light, two found fuse. Side table and wardrobe found brocken. Room not clean and electrical wire hanging all over the room.", "date": "19 Mar 2023", "rating": {"bg_color": "#feba00", "title": "2"}}, {"user_name": "NMTG", "user_image": "usr.image", "review_text": "poor cleaning", "date": "13 Jan 2023", "rating": {"bg_color": "#feba00", "title": "2"}}]}}, {"data": {"title": "146 Verified Reviews", "rating_data": {"title": "4.3", "bg_color": "#58ac00", "tag": "Very Good", "subtitle": "1243 ratings on verified stays by guests"}, "sort_options": [{"type": "date-high", "title": "Recent reviews"}, {"type": "rating-high", "title": "High to low ratings"}, {"type": "rating-low", "title": "Low to high ratings"}], "is_last": true, "reviews": [{"user_name": "Akhilesh Yadav", "user_image": "usr.image", "review_text": "They charges extra money even after booked form oyo and paid through upi online", "date": "12 Jul 2022", "rating": {"bg_color": "#feba00", "title": "2"}}, {"user_name": "maveric mr.prinace.", "user_image": "usr.image", "review_text": "Bed was dirty.....I thought they don't change the bed cover also.....room also not good...... drinking water facility also unavailable.....u have to buy....", "date": "11 Jul 2022", "rating": {"bg_color": "#feba00", "title": "2"}}, {"user_name": "Susanta Mandi", "user_image": "usr.image", "review_text": "Shows a rate when booking and increases the rate when going to the hotel", "date": "09 Jul 2022", "rating": {"bg_color": "#feba00", "title": "2"}}, {"user_name": "Aman Hussain", "user_image": "usr.image", "review_text": "They charge\u2019s me extra money at the counter", "date": "06 Jul 2022", "rating": {"bg_color": "#feba00", "title": "2"}}, {"user_name": "Abhijeet Kumar", "user_image": "usr.image", "review_text": "hotel price increases at the time of check in. \nhotel asks 30% of the booking price for 30 mins early check in. They have rooms but they keep guests waiting at the lobby. worst experience. I prefer treebo if available", "date": "04 Jul 2022", "rating": {"bg_color": "#feba00", "title": "2"}}, {"user_name": "KAUSHIK SINGHA", "user_image": "usr.image", "review_text": "bad behaviour", "date": "26 Jun 2022", "rating": {"bg_color": "#feba00", "title": "2"}}, {"user_name": "Sanjay Paul", "user_image": "usr.image", "review_text": "Nothing.Service,  HK, everything,  AC was not working at all, intercoms was not working. Picture in the website is different then the real rooms", "date": "11 Apr 2023", "rating": {"bg_color": "#ff4742", "title": "1"}}, {"user_name": "Suddhasattwa Das", "user_image": "usr.image", "review_text": "Torn pillow covers\ndirty floor\ndirty bathroom\ndirty toilet seat dirty tables\nvery low lights inside the room\ndisrespectful check-in experience as they said \u7ab6\u5ff1ou can stay with 2 ladies\u7ab6\u30fbwhereas i booked for my wife and daughter! forcing to take 2nd room. No provision for breakfast all photos are 10 years old and have no resemblance with reality. Please don\u7ab6\u51b2 recommend this hotel to any guest", "date": "19 Mar 2023", "rating": {"bg_color": "#ff4742", "title": "1"}}, {"user_name": "Faisal Alam", "user_image": "usr.image", "review_text": "Too delay for check in and check out management are pooor service", "date": "12 Feb 2023", "rating": {"bg_color": "#ff4742", "title": "1"}}, {"user_name": "Soumya Ranjan", "user_image": "usr.image", "review_text": "Very bad place to stay in Asansol, Clearing issue, Employees  don't know how to behave.  Before book this hotel think twice.", "date": "02 Feb 2023", "rating": {"bg_color": "#ff4742", "title": "1"}}, {"user_name": "Harsh Shaw", "user_image": "usr.image", "review_text": "Service very bad", "date": "05 Aug 2022", "rating": {"bg_color": "#ff4742", "title": "1"}}, {"user_name": "Ranjeet Kumar", "user_image": "usr.image", "review_text": "Property manager not allowed for stay due to online payment", "date": "05 Aug 2022", "rating": {"bg_color": "#ff4742", "title": "1"}}, {"user_name": "Tanmoy Bhowmik", "user_image": "usr.image", "review_text": "Don't go with this hotel. Unprofessional behaviour manager. No service.", "date": "30 Jul 2022", "rating": {"bg_color": "#ff4742", "title": "1"}}, {"user_name": "Raju vishwakarma", "user_image": "usr.image", "review_text": "Mat, towal, chair, food table, mini freeze, are not available.", "date": "28 Jul 2022", "rating": {"bg_color": "#ff4742", "title": "1"}}, {"user_name": "Begraj Saini", "user_image": "usr.image", "review_text": "Same on hotel service", "date": "21 Jul 2022", "rating": {"bg_color": "#ff4742", "title": "1"}}, {"user_name": "Shekhar", "user_image": "usr.image", "review_text": "the price rised when I was checking in. false pricing by Oyo very much unsatisfied with oyo", "date": "17 Jul 2022", "rating": {"bg_color": "#ff4742", "title": "1"}}, {"user_name": "iswar sarkar", "user_image": "usr.image", "review_text": "Utterly disastrous hotelIt&#39;s nothing much.It&#39;s being the worst experience in a hotel , utterly unclean room with cond*m lying in window pannel ,no flush knob staff kept me waiting for one hr before checking also , rude in approach, i would not recommend this hotel to anyone.", "date": "14 Jul 2022", "rating": {"bg_color": "#ff4742", "title": "1"}}, {"user_name": "sheo shankarpandit", "user_image": "usr.image", "review_text": "changing extra 699rs    check in time", "date": "13 Jul 2022", "rating": {"bg_color": "#ff4742", "title": "1"}}, {"user_name": "AKHIL Kumar", "user_image": "usr.image", "review_text": "Misconception of rates", "date": "13 Jul 2022", "rating": {"bg_color": "#ff4742", "title": "1"}}, {"user_name": "Manoj Mandal", "user_image": "usr.image", "review_text": "Took extra money for the stay.", "date": "13 Jul 2022", "rating": {"bg_color": "#ff4742", "title": "1"}}, {"user_name": "JITENDRA BONDE", "user_image": "usr.image", "review_text": "Location.Not good for business work accommodation", "date": "12 Jul 2022", "rating": {"bg_color": "#ff4742", "title": "1"}}, {"user_name": "Md Irfan", "user_image": "usr.image", "date": "10 Jul 2022", "rating": {"bg_color": "#ff4742", "title": "1"}, "user_image_feedback_list": [{"image_name": "hotel_image_d88bb385-08ab-44d9-9bdd-f574464286838028831335313963426.jpeg", "image_url": "https://images.oyoroomscdn.com/ugc-feedback-uploads/hotel_image_d88bb385-08ab-44d9-9bdd-f574464286838028831335313963426.jpeg", "type": "jpeg", "uploaded_at": "2022-07-10", "image_id": "94312"}]}, {"user_name": "Jaya Chatterjee", "user_image": "usr.image", "review_text": "worst experience ever... it's showing an amount earlier..and at the last moment added extra amount for no reason... had to pay double for stay....", "date": "10 Jul 2022", "rating": {"bg_color": "#ff4742", "title": "1"}, "user_image_feedback_list": [{"image_name": "hotel_image_c93ace50-f8ff-4bc2-807e-2fca2833ee455566148132882325162.jpeg", "image_url": "https://images.oyoroomscdn.com/ugc-feedback-uploads/hotel_image_c93ace50-f8ff-4bc2-807e-2fca2833ee455566148132882325162.jpeg", "type": "jpeg", "uploaded_at": "2022-07-10", "image_id": "93939"}]}, {"user_name": "Susmita Roy", "user_image": "usr.image", "review_text": "they charge more then double then the app shows ......charged 1600 but ac is not working room is not clean in one sentence jhatu hotel .I'm not going to visit such type of this hotel .....", "date": "09 Jul 2022", "rating": {"bg_color": "#ff4742", "title": "1"}}, {"user_name": "Karan Mandal", "user_image": "usr.image", "review_text": "extra money", "date": "06 Jul 2022", "rating": {"bg_color": "#ff4742", "title": "1"}}, {"user_name": "Aman", "user_image": "usr.image", "review_text": "First shown in app 60% off when I done my booking & paid the amount bill online,my booking was conform at 60% off. When I went  to Reception there was No off on hotel,and the rest of the amount I paid in cash. Very bad app.", "date": "04 Jul 2022", "rating": {"bg_color": "#ff4742", "title": "1"}}, {"user_name": "Mahesh Shaw", "user_image": "usr.image", "review_text": "very rude and insulating people at reception please don't go unmarried couples. worst experience also they charge extra charged other then Oyo. they will trying to hrash and make you laugh at reception. \n\nalso TV is not working no recharge available in set up box", "date": "04 Jul 2022", "rating": {"bg_color": "#ff4742", "title": "1"}}, {"user_name": "Sambad Das", "user_image": "usr.image", "review_text": "Very Bad Condition of room, Very bad service", "date": "03 Jul 2022", "rating": {"bg_color": "#ff4742", "title": "1"}}, {"user_name": "Souvik Mandal", "user_image": "usr.image", "date": "02 Jul 2022", "rating": {"bg_color": "#ff4742", "title": "1"}, "user_image_feedback_list": [{"image_name": "hotel_image_b51eef29-3f78-4df1-a5c8-a30883e3a7a22019236559705504587.jpeg", "image_url": "https://images.oyoroomscdn.com/ugc-feedback-uploads/hotel_image_b51eef29-3f78-4df1-a5c8-a30883e3a7a22019236559705504587.jpeg", "type": "jpeg", "uploaded_at": "2022-07-02", "image_id": "90579"}, {"image_name": "hotel_image_b51eef29-3f78-4df1-a5c8-a30883e3a7a24134557361175643607.jpeg", "image_url": "https://images.oyoroomscdn.com/ugc-feedback-uploads/hotel_image_b51eef29-3f78-4df1-a5c8-a30883e3a7a24134557361175643607.jpeg", "type": "jpeg", "uploaded_at": "2022-07-02", "image_id": "90581"}, {"image_name": "hotel_image_b51eef29-3f78-4df1-a5c8-a30883e3a7a22820582987059521873.jpeg", "image_url": "https://images.oyoroomscdn.com/ugc-feedback-uploads/hotel_image_b51eef29-3f78-4df1-a5c8-a30883e3a7a22820582987059521873.jpeg", "type": "jpeg", "uploaded_at": "2022-07-02", "image_id": "90580"}]}, {"user_name": "Uditanshu", "user_image": "usr.image", "review_text": "One of the worst hotel ever in my life", "date": "02 Jul 2022", "rating": {"bg_color": "#ff4742", "title": "1"}}, {"user_name": "Sumanta Chakraborty", "user_image": "usr.image", "review_text": "Worst behaviour at reception. Dirty hotel", "date": "30 Jun 2022", "rating": {"bg_color": "#ff4742", "title": "1"}}, {"user_name": "Servender pandey", "user_image": "usr.image", "review_text": "Double charges apply by your YoYo by online i pay 600 and then 750 charges at hotel so it's too bad service by YOYO", "date": "30 Jun 2022", "rating": {"bg_color": "#ff4742", "title": "1"}}, {"user_name": "Rahul Ranjan", "user_image": "usr.image", "review_text": "Room not clean bathroom not clean very disappointed bed sheet was crashed and not clean", "date": "30 Jun 2022", "rating": {"bg_color": "#ff4742", "title": "1"}}, {"user_name": "Ashit Das", "user_image": "usr.image", "review_text": "check in problem..Harashed while check in time...why we wait for check in if we already booked the room and paid for the same", "date": "27 Jun 2022", "rating": {"bg_color": "#ff4742", "title": "1"}}, {"user_name": "Anuj KumarPoddar", "user_image": "usr.image", "review_text": "Very rude behavior and was wrongly charged", "date": "24 Jun 2022", "rating": {"bg_color": "#ff4742", "title": "1"}}, {"user_name": "Deb pijush", "user_image": "usr.image", "review_text": "Very untidy. AC was not working. Dirty wash room. Staff and reception people ill behaviour. Though constantly reported AC not working no response.", "date": "21 Jun 2022", "rating": {"bg_color": "#ff4742", "title": "1"}}, {"user_name": "Kayal Subhajit", "user_image": "usr.image", "review_text": "Staff behaviour.Price of room", "date": "17 Jun 2022", "rating": {"bg_color": "#ff4742", "title": "1"}}, {"user_name": "Suvrajit Dhar", "user_image": "usr.image", "date": "17 Jun 2022", "rating": {"bg_color": "#ff4742", "title": "1"}, "user_image_feedback_list": [{"image_name": "hotel_image_f03bac69-8bec-4fd1-85ab-d4c8b00ed6288747838962553906912.jpeg", "image_url": "https://images.oyoroomscdn.com/ugc-feedback-uploads/hotel_image_f03bac69-8bec-4fd1-85ab-d4c8b00ed6288747838962553906912.jpeg", "type": "jpeg", "uploaded_at": "2022-06-17", "image_id": "83451"}]}, {"user_name": "Chiranjit Sen", "user_image": "usr.image", "review_text": "I booked a room before 3 day of my check in through customer care and they told me if you pay full payment it will be charged 1147 only. then I make full payment and i saw my payment is successful and there are no any amount due. when I checked in they charged me extra 350 rs. then suddenly I checked it on app there also shows that I have to make more 350 rs. when I asked to the reception they told me it is updated today 9 am and you have to pay more amount. In this situation I can't cancel this booking because it was not refundable after 9 am.\nhotel name is meera international in asansol 713304.\nand customer support from Oyo is worst. It call customer care and it was 1 hour call but no one received my call.\nworse experience from Oyo.", "date": "16 Jun 2022", "rating": {"bg_color": "#ff4742", "title": "1"}}, {"user_name": "Souvik Mandal", "user_image": "usr.image", "review_text": "price issue..I have paid my bill online..after that they had charged 700 Xtra...this is ridiculous..I have never seen this kind of service anywhere in India.. worst hotel...", "date": "16 Jun 2022", "rating": {"bg_color": "#ff4742", "title": "1"}}, {"user_name": "Barun KumarSingh", "user_image": "usr.image", "review_text": "staff service no much fair", "date": "16 Jun 2022", "rating": {"bg_color": "#ff4742", "title": "1"}}, {"user_name": "Sayan Mondal", "user_image": "usr.image", "review_text": "Worst experience, blaming OYO need a call back. Harrassing guest by the name of Police.", "date": "16 Jun 2022", "rating": {"bg_color": "#ff4742", "title": "1"}}, {"user_name": "Biplab Sardar", "user_image": "usr.image", "review_text": "poor service", "date": "16 Jun 2022", "rating": {"bg_color": "#ff4742", "title": "1"}}, {"user_name": "Sayak", "user_image": "usr.image", "review_text": "very poor service and behaviour", "date": "11 Jun 2022", "rating": {"bg_color": "#ff4742", "title": "1"}}, {"user_name": "Komal Shukla", "user_image": "usr.image", "review_text": "the staff is very cheap\nac is not working I will stay one day and change the room two time... in night all staff are drunk.. it's not safe for a single woman stay", "date": "04 Jun 2022", "rating": {"bg_color": "#ff4742", "title": "1"}}]}}]