[{"data": {"title": "23 Verified Reviews", "rating_data": {"title": "3.9", "bg_color": "#b4da55", "tag": "Good", "subtitle": "81 ratings on verified stays by guests"}, "sort_options": [{"type": "date-high", "title": "Recent reviews"}, {"type": "rating-high", "title": "High to low ratings"}, {"type": "rating-low", "title": "Low to high ratings"}], "is_last": true, "reviews": [{"user_name": "Rahul Kumar", "user_image": "usr.image", "review_text": "First of all room are very nice, clean and well maintained. Behaviour of all staff are so good and humble.\n\nRoom and food service both are available here, you can order from the room or you go with the Restaurant in same place.\n\nYou can reach here from Kalipahari railway station which is located in main city of Asansol.", "date": "05 Sep 2022", "rating": {"bg_color": "#346000", "title": "5"}}, {"user_name": "Sandip KumarGourh", "user_image": "usr.image", "review_text": "Food is exceptional well and quantity is more than enough for a meal shared by two person", "date": "31 Aug 2022", "rating": {"bg_color": "#346000", "title": "5"}}, {"user_name": "karan", "user_image": "usr.image", "review_text": "Nice experience", "date": "31 Aug 2022", "rating": {"bg_color": "#346000", "title": "5"}}, {"user_name": "MIHIR BISWAKARMA", "user_image": "usr.image", "review_text": "Nice room", "date": "28 Aug 2022", "rating": {"bg_color": "#346000", "title": "5"}}, {"user_name": "Satrughan Prasad", "user_image": "usr.image", "review_text": "Nice place and safty for friendly couple", "date": "26 Aug 2022", "rating": {"bg_color": "#346000", "title": "5"}}, {"user_name": "Ankita Singh", "user_image": "usr.image", "review_text": "very nice", "date": "28 Jun 2022", "rating": {"bg_color": "#346000", "title": "5"}}, {"user_name": "Surajit Paul", "user_image": "usr.image", "review_text": "good", "date": "10 Jun 2022", "rating": {"bg_color": "#346000", "title": "5"}}, {"user_name": "Laxman Kumar", "user_image": "usr.image", "review_text": "nice", "date": "09 Jun 2022", "rating": {"bg_color": "#346000", "title": "5"}}, {"user_name": "Saif Khan", "user_image": "usr.image", "review_text": "Hotel was clean and well maintained. Staffs behavior was ok not much good. They charged extra money at check in.", "date": "27 Nov 2022", "rating": {"bg_color": "#58ac00", "title": "4"}}, {"user_name": "chandan kumar", "user_image": "usr.image", "review_text": "Nice to stay here", "date": "04 Sep 2022", "rating": {"bg_color": "#58ac00", "title": "4"}}, {"user_name": "vinay rajbhar", "user_image": "usr.image", "review_text": "Room are clean and small", "date": "31 Aug 2022", "rating": {"bg_color": "#58ac00", "title": "4"}}, {"user_name": "Rahul Mahadani", "user_image": "usr.image", "review_text": "quite big & nit & clean sanitised room.perfect for staying.ac is working properly.also one can get good quality tasty foods here.bathroom is huge & very clean.", "date": "18 Jul 2022", "rating": {"bg_color": "#58ac00", "title": "4"}, "user_image_feedback_list": [{"image_name": "IMG_20220718_16302010342927-3696-4d04-8470-7ac6738108d3.jpg", "image_url": "https://images.oyoroomscdn.com/ugc-feedback-uploads/IMG_20220718_16302010342927-3696-4d04-8470-7ac6738108d3.jpg", "type": "jpg", "uploaded_at": "2022-07-18", "image_id": "97821"}, {"image_name": "IMG_20220718_1630088ec62d18-b7f3-4dde-b2ca-0b7fc72e8f5d.jpg", "image_url": "https://images.oyoroomscdn.com/ugc-feedback-uploads/IMG_20220718_1630088ec62d18-b7f3-4dde-b2ca-0b7fc72e8f5d.jpg", "type": "jpg", "uploaded_at": "2022-07-18", "image_id": "97823"}, {"image_name": "IMG_20220718_16301718756555-7f00-4da9-9956-290c15ec03d0.jpg", "image_url": "https://images.oyoroomscdn.com/ugc-feedback-uploads/IMG_20220718_16301718756555-7f00-4da9-9956-290c15ec03d0.jpg", "type": "jpg", "uploaded_at": "2022-07-18", "image_id": "97822"}]}, {"user_name": "Sourav Char", "user_image": "usr.image", "review_text": "Good", "date": "26 Jun 2022", "rating": {"bg_color": "#58ac00", "title": "4"}}, {"user_name": "----", "user_image": "usr.image", "review_text": "Rooms are small but well organised, dustbin was missing, same space for toilet and bathroom and the most weird thing is that you will struggle to find where is the hotel. Although manger was polite and staffs were also kind", "date": "25 Jun 2022", "rating": {"bg_color": "#58ac00", "title": "4"}}, {"user_name": "Samir Dhara", "user_image": "usr.image", "review_text": "The hotel was clean and the staff was cooperative all the time. The price was ok and the amenities were good. The room was neat and cleaned. The location of this hotel was nearby Grand Trunk Rd.", "date": "08 Jun 2022", "rating": {"bg_color": "#58ac00", "title": "4"}}, {"user_name": "Soumesh Tapadar", "user_image": "usr.image", "review_text": "Power cut..", "date": "01 Jun 2022", "rating": {"bg_color": "#8fc402", "title": "3"}}, {"user_name": "Ayon Kumarchakraborty", "user_image": "usr.image", "review_text": "Ac not work , No tv no wifi", "date": "14 Jun 2022", "rating": {"bg_color": "#feba00", "title": "2"}}, {"user_name": "ARGHYA JYOTI", "user_image": "usr.image", "review_text": "Poor service by oyo.. I Have to pay extra money", "date": "07 Dec 2022", "rating": {"bg_color": "#ff4742", "title": "1"}}, {"user_name": "Mantu", "user_image": "usr.image", "review_text": "Very bed", "date": "29 Aug 2022", "rating": {"bg_color": "#ff4742", "title": "1"}}, {"user_name": "Arvind Kumar", "user_image": "usr.image", "review_text": "chitting apps and this company employer so verry cheater i m old custmer for oyo but 1st august harasmentsfor hotel booking and already debit for phn pay  3time debit for my aaccount and i m visit for Hotel and taalk to manager so manager reply already living 1month cllosed only for resturant open so pls talk to oyo custmer care but i m alredy taalk to oyo manger then reply after 2hours credit in your accout for debit amount.but till now not credit my debit amount 646, 731, 585 this is my debit aamount.", "date": "14 Aug 2022", "rating": {"bg_color": "#ff4742", "title": "1"}}, {"user_name": "Bikash", "user_image": "usr.image", "date": "26 Jun 2022", "rating": {"bg_color": "#ff4742", "title": "1"}, "user_image_feedback_list": [{"image_name": "hotel_image_def21ec6-0510-4322-bef8-a594044a4cfe6891318250014641479.jpeg", "image_url": "https://images.oyoroomscdn.com/ugc-feedback-uploads/hotel_image_def21ec6-0510-4322-bef8-a594044a4cfe6891318250014641479.jpeg", "type": "jpeg", "uploaded_at": "2022-06-26", "image_id": "87663"}]}, {"user_name": "Satvant", "user_image": "usr.image", "review_text": "room is not good many mosquito in the room and no any mirror", "date": "24 Jun 2022", "rating": {"bg_color": "#ff4742", "title": "1"}}, {"user_name": "Ayan Dey", "user_image": "usr.image", "review_text": "vary bad experience no wifi no tv no toiletries not even good bed provide and after food oder they charge 40 rs extra for room service vary bad experience don't go to this hotel", "date": "18 Jun 2022", "rating": {"bg_color": "#ff4742", "title": "1"}}]}}]