[{"data": {"title": "1 Verified Reviews", "rating_data": {"title": "2.2", "bg_color": "#feba00", "tag": "Fair", "subtitle": "6 ratings on verified stays by guests"}, "sort_options": [{"type": "date-high", "title": "Recent reviews"}, {"type": "rating-high", "title": "High to low ratings"}, {"type": "rating-low", "title": "Low to high ratings"}], "is_last": true, "reviews": [{"user_name": "rakesh", "user_image": "usr.image", "date": "21 May 2023", "rating": {"bg_color": "#ff4742", "title": "1"}, "user_image_feedback_list": [{"image_name": "IMG_20230516_1001251f6f6caa-5f3f-4f33-9c10-e1ba0ff74bfd.jpg", "image_url": "https://images.oyoroomscdn.com/ugc-feedback-uploads/IMG_20230516_1001251f6f6caa-5f3f-4f33-9c10-e1ba0ff74bfd.jpg", "type": "jpg", "uploaded_at": "2023-05-21", "image_id": "204561"}, {"image_name": "IMG_20230516_1001218fa1314e-7bea-47c0-bfea-e341ce7214e9.jpg", "image_url": "https://images.oyoroomscdn.com/ugc-feedback-uploads/IMG_20230516_1001218fa1314e-7bea-47c0-bfea-e341ce7214e9.jpg", "type": "jpg", "uploaded_at": "2023-05-21", "image_id": "204562"}]}]}}]