[{"data": {"title": "12 Verified Reviews", "rating_data": {"title": "3.5", "bg_color": "#b4da55", "tag": "Good", "subtitle": "83 ratings on verified stays by guests"}, "sort_options": [{"type": "date-high", "title": "Recent reviews"}, {"type": "rating-high", "title": "High to low ratings"}, {"type": "rating-low", "title": "Low to high ratings"}], "is_last": true, "reviews": [{"user_name": "shubham ashoksonwane", "user_image": "usr.image", "review_text": "Everything is perfect \ud83e\udd70", "date": "15 Jan 2023", "rating": {"bg_color": "#346000", "title": "5"}}, {"user_name": "Aditya", "user_image": "usr.image", "review_text": "Great", "date": "16 Dec 2022", "rating": {"bg_color": "#346000", "title": "5"}}, {"user_name": "Laxman Kadam", "user_image": "usr.image", "review_text": "Very good staff\nOn Extra payment Requirement and very nice service this Hotel fast service thank you so mach.", "date": "12 Dec 2022", "rating": {"bg_color": "#346000", "title": "5"}}, {"user_name": "Parmeshwar Rathod", "user_image": "usr.image", "review_text": "Room is good and also staff services", "date": "22 Nov 2022", "rating": {"bg_color": "#346000", "title": "5"}}, {"user_name": "Anurag", "user_image": "usr.image", "review_text": "Gud but hygiene was not good enough", "date": "04 Jan 2023", "rating": {"bg_color": "#8fc402", "title": "3"}}, {"user_name": "Mrityunjay", "user_image": "usr.image", "review_text": "Bad Smell everywhere,  it's a local bar, not hotel, not recommended for family.", "date": "28 Dec 2022", "rating": {"bg_color": "#8fc402", "title": "3"}}, {"user_name": "rohita", "user_image": "usr.image", "date": "16 Dec 2022", "rating": {"bg_color": "#ff4742", "title": "1"}, "user_image_feedback_list": [{"image_name": "hotel_image_6e3221dd-c46d-4f91-bbff-2a69d239c0917733589678262744094.jpeg", "image_url": "https://images.oyoroomscdn.com/ugc-feedback-uploads/hotel_image_6e3221dd-c46d-4f91-bbff-2a69d239c0917733589678262744094.jpeg", "type": "jpeg", "uploaded_at": "2022-12-16", "image_id": "155941"}]}, {"user_name": "Sharad shirgire", "user_image": "usr.image", "review_text": "not mentioned\npoor", "date": "09 Jul 2022", "rating": {"bg_color": "#ff4742", "title": "1"}}, {"user_name": "Arjun Farkade", "user_image": "usr.image", "review_text": "Extra payment charge", "date": "02 Jul 2022", "rating": {"bg_color": "#ff4742", "title": "1"}}, {"user_name": "Chetan Bhatu", "user_image": "usr.image", "review_text": "ask for extra 300 rs at time of check in", "date": "23 Jun 2022", "rating": {"bg_color": "#ff4742", "title": "1"}}, {"user_name": "Lokesh Kumar", "user_image": "usr.image", "review_text": "The hotel owner was threatening. Forced to pay additional 800rs. Oyo customer operators also left me on my own.", "date": "16 Jun 2022", "rating": {"bg_color": "#ff4742", "title": "1"}, "user_image_feedback_list": [{"image_name": "hotel_image_2399e57a-82e9-431e-8760-d7323dad439c4062962806401601431.jpeg", "image_url": "https://images.oyoroomscdn.com/ugc-feedback-uploads/hotel_image_2399e57a-82e9-431e-8760-d7323dad439c4062962806401601431.jpeg", "type": "jpeg", "uploaded_at": "2022-06-16", "image_id": "82763"}, {"image_name": "hotel_image_2399e57a-82e9-431e-8760-d7323dad439c1787676075742551341.jpeg", "image_url": "https://images.oyoroomscdn.com/ugc-feedback-uploads/hotel_image_2399e57a-82e9-431e-8760-d7323dad439c1787676075742551341.jpeg", "type": "jpeg", "uploaded_at": "2022-06-16", "image_id": "82762"}, {"image_name": "hotel_image_2399e57a-82e9-431e-8760-d7323dad439c6393748833457035476.jpeg", "image_url": "https://images.oyoroomscdn.com/ugc-feedback-uploads/hotel_image_2399e57a-82e9-431e-8760-d7323dad439c6393748833457035476.jpeg", "type": "jpeg", "uploaded_at": "2022-06-16", "image_id": "82761"}, {"image_name": "hotel_image_2399e57a-82e9-431e-8760-d7323dad439c8855561163426312860.jpeg", "image_url": "https://images.oyoroomscdn.com/ugc-feedback-uploads/hotel_image_2399e57a-82e9-431e-8760-d7323dad439c8855561163426312860.jpeg", "type": "jpeg", "uploaded_at": "2022-06-16", "image_id": "82760"}]}, {"user_name": "Vijayraj Gadage", "user_image": "usr.image", "review_text": "very bad experience, and receptionist asked for 150 Rs extra apart from your payment...will never look for your app", "date": "05 Jun 2022", "rating": {"bg_color": "#ff4742", "title": "1"}, "user_image_feedback_list": [{"image_name": "hotel_image_151fa098-c1bf-4221-8ba1-977d3665ca541018288785.jpeg", "image_url": "https://images.oyoroomscdn.com/ugc-feedback-uploads/hotel_image_151fa098-c1bf-4221-8ba1-977d3665ca541018288785.jpeg", "type": "jpeg", "uploaded_at": "2022-06-05", "image_id": "77056"}, {"image_name": "hotel_image_151fa098-c1bf-4221-8ba1-977d3665ca54722462807.jpeg", "image_url": "https://images.oyoroomscdn.com/ugc-feedback-uploads/hotel_image_151fa098-c1bf-4221-8ba1-977d3665ca54722462807.jpeg", "type": "jpeg", "uploaded_at": "2022-06-05", "image_id": "77055"}, {"image_name": "hotel_image_151fa098-c1bf-4221-8ba1-977d3665ca541570659571.jpeg", "image_url": "https://images.oyoroomscdn.com/ugc-feedback-uploads/hotel_image_151fa098-c1bf-4221-8ba1-977d3665ca541570659571.jpeg", "type": "jpeg", "uploaded_at": "2022-06-05", "image_id": "77059"}, {"image_name": "hotel_image_151fa098-c1bf-4221-8ba1-977d3665ca541002815163.jpeg", "image_url": "https://images.oyoroomscdn.com/ugc-feedback-uploads/hotel_image_151fa098-c1bf-4221-8ba1-977d3665ca541002815163.jpeg", "type": "jpeg", "uploaded_at": "2022-06-05", "image_id": "77058"}]}]}}]