[{"data": {"title": "21 Verified Reviews", "rating_data": {"title": "4.0", "bg_color": "#58ac00", "tag": "Very Good", "subtitle": "187 ratings on verified stays by guests"}, "sort_options": [{"type": "date-high", "title": "Recent reviews"}, {"type": "rating-high", "title": "High to low ratings"}, {"type": "rating-low", "title": "Low to high ratings"}], "is_last": true, "reviews": [{"user_name": "yagnik", "user_image": "usr.image", "review_text": "Best", "date": "23 Jan 2023", "rating": {"bg_color": "#346000", "title": "5"}}, {"user_name": "vinay", "user_image": "usr.image", "review_text": "Great choice\ud83d\udc4d", "date": "30 Dec 2022", "rating": {"bg_color": "#346000", "title": "5"}}, {"user_name": "Arun Rana", "user_image": "usr.image", "review_text": "Room was very Neat and Clean and comfortable", "date": "06 Sep 2022", "rating": {"bg_color": "#346000", "title": "5"}}, {"user_name": "Sagar Nahak", "user_image": "usr.image", "review_text": "Hotel was good, owner is helpful", "date": "08 Aug 2022", "rating": {"bg_color": "#346000", "title": "5"}}, {"user_name": "Ank Sh", "user_image": "usr.image", "review_text": "Location is goid", "date": "19 Sep 2022", "rating": {"bg_color": "#8fc402", "title": "3"}}, {"user_name": "Ajay Kumar", "user_image": "usr.image", "review_text": "Average", "date": "06 Sep 2022", "rating": {"bg_color": "#8fc402", "title": "3"}}, {"user_name": "vishal singh", "user_image": "usr.image", "review_text": "service oye poor", "date": "01 Sep 2022", "rating": {"bg_color": "#8fc402", "title": "3"}}, {"user_name": "Namita Singh", "user_image": "usr.image", "review_text": "Room was okay locality is also good. but bed sheet & pillows were very dirty. There was no dustbin no washroom cleaning. Water bottle of 20r. They charged us for that 30 rs.", "date": "19 Sep 2022", "rating": {"bg_color": "#feba00", "title": "2"}}, {"user_name": "Happy", "user_image": "usr.image", "review_text": "very Bad services and rooms are also not in good condition", "date": "18 Jul 2022", "rating": {"bg_color": "#feba00", "title": "2"}}, {"user_name": "Sahil Madotra", "user_image": "usr.image", "review_text": "worst hotel .taking extra charges even after booking online.", "date": "23 Apr 2023", "rating": {"bg_color": "#ff4742", "title": "1"}}, {"user_name": "Prabhjot Singh", "user_image": "usr.image", "review_text": "Not working very very dirty", "date": "29 Sep 2022", "rating": {"bg_color": "#ff4742", "title": "1"}}, {"user_name": "Akash Yadav", "user_image": "usr.image", "review_text": "One of the Disgusting hotel... Unhygienic washroom, electricity issue, TV was not working... pathetic service... painful and worst experience... I booked the hotel and selected the option to pay at hotel but when I tried to pay at hotel via Oyo application then hotel owner said make the payment directly to me then I said that I'll pay via Oyo app then he said that if you'll make the payment via Oyo app then Oyo can change your room and they can provide any room like without AC or small room... They tried manipulating and I was aware that if I'll not pay directly then definitely they will change the room... That's kind of service they are providing....", "date": "22 Sep 2022", "rating": {"bg_color": "#ff4742", "title": "1"}}, {"user_name": "Loitongbam Laimanai Singh", "user_image": "usr.image", "review_text": "All receptionists and management team,s behaviour and way of taking to guests are at worse level. They treat guests like alien. Ac not provided in Deluxe booking at first then lastly provided after complaint to OYO. Tv not serviceable at all. Room provided was not at par Deluxe standard. Cleanliness not good at all. They think their Hotel is the only one in the entire Amritsar city. Worst experience in life.", "date": "19 Sep 2022", "rating": {"bg_color": "#ff4742", "title": "1"}}, {"user_name": "Jony Sharma", "user_image": "usr.image", "review_text": "Very bad experience", "date": "15 Sep 2022", "rating": {"bg_color": "#ff4742", "title": "1"}}, {"user_name": "Navin tak", "user_image": "usr.image", "review_text": "Bad", "date": "14 Sep 2022", "rating": {"bg_color": "#ff4742", "title": "1"}}, {"user_name": "Arunaditya Ghosh", "user_image": "usr.image", "review_text": "Room was too darty, no room service available, Fan was broken and daily 2 Times elasticity cut. Bathroom was also darty. TV not working, very bad Hotel", "date": "12 Sep 2022", "rating": {"bg_color": "#ff4742", "title": "1"}}, {"user_name": "dev", "user_image": "usr.image", "review_text": "Very bad experience with hotel and oyo . Dirty bathroom , Dirty bedsheet no cleaning when ask hotel staff say Safaiwala on leave During checkout \nManager Room boy saffaiwala everybody was there to ask Tip\nAnd even person sitting on manager chair\nWas asking for Tip.\nNever book hotel with oyo\nHotel ask for extra money for AC.and oyo coustomer executive can feel only sorry and change in property which will be far away and they will try to compensate with priseless oyo money", "date": "11 Sep 2022", "rating": {"bg_color": "#ff4742", "title": "1"}}, {"user_name": "Amit Kumar", "user_image": "usr.image", "date": "11 Sep 2022", "rating": {"bg_color": "#ff4742", "title": "1"}, "user_image_feedback_list": [{"image_name": "IMG-20220911-WA00078311f9f2-2a9e-421b-be7e-708d4a17df80.jpg", "image_url": "https://images.oyoroomscdn.com/ugc-feedback-uploads/IMG-20220911-WA00078311f9f2-2a9e-421b-be7e-708d4a17df80.jpg", "type": "jpg", "uploaded_at": "2022-09-11", "image_id": "118140"}, {"image_name": "IMG-20220911-WA000606d7cd63-bfa2-41af-a52f-b5ffababc0b5.jpg", "image_url": "https://images.oyoroomscdn.com/ugc-feedback-uploads/IMG-20220911-WA000606d7cd63-bfa2-41af-a52f-b5ffababc0b5.jpg", "type": "jpg", "uploaded_at": "2022-09-11", "image_id": "118139"}, {"image_name": "IMG-20220911-WA00042992dc26-d762-4e0f-9a5d-41fc9cdce233.jpg", "image_url": "https://images.oyoroomscdn.com/ugc-feedback-uploads/IMG-20220911-WA00042992dc26-d762-4e0f-9a5d-41fc9cdce233.jpg", "type": "jpg", "uploaded_at": "2022-09-11", "image_id": "118141"}]}, {"user_name": "Monu KingSharma", "user_image": "usr.image", "review_text": "Hotel mangar not pic the cal im not stay the properties", "date": "10 Sep 2022", "rating": {"bg_color": "#ff4742", "title": "1"}}, {"user_name": "Arun Singh", "user_image": "usr.image", "review_text": "Very pathetic condition of the room\nI will not use Oyo next time\nWorst service ever", "date": "06 Sep 2022", "rating": {"bg_color": "#ff4742", "title": "1"}, "user_image_feedback_list": [{"image_name": "IMG_20220906_070904_6917056edb4-d21e-4256-8ce0-6fea7a8726df.jpg", "image_url": "https://images.oyoroomscdn.com/ugc-feedback-uploads/IMG_20220906_070904_6917056edb4-d21e-4256-8ce0-6fea7a8726df.jpg", "type": "jpg", "uploaded_at": "2022-09-06", "image_id": "116396"}, {"image_name": "IMG_20220906_070900_9334e3d1291-d82e-4439-bf88-20f075ca6ecf.jpg", "image_url": "https://images.oyoroomscdn.com/ugc-feedback-uploads/IMG_20220906_070900_9334e3d1291-d82e-4439-bf88-20f075ca6ecf.jpg", "type": "jpg", "uploaded_at": "2022-09-06", "image_id": "116395"}, {"image_name": "IMG_20220906_070953_381a02de146-1167-4e0d-bce4-86904c11911f.jpg", "image_url": "https://images.oyoroomscdn.com/ugc-feedback-uploads/IMG_20220906_070953_381a02de146-1167-4e0d-bce4-86904c11911f.jpg", "type": "jpg", "uploaded_at": "2022-09-06", "image_id": "116393"}, {"image_name": "IMG_20220906_070922_29011a2a9e2-1016-49a4-96b0-bbe67631ac1c.jpg", "image_url": "https://images.oyoroomscdn.com/ugc-feedback-uploads/IMG_20220906_070922_29011a2a9e2-1016-49a4-96b0-bbe67631ac1c.jpg", "type": "jpg", "uploaded_at": "2022-09-06", "image_id": "116397"}, {"image_name": "IMG_20220906_070931_4229bbebae4-fbcd-44cf-a509-8fc925a58a06.jpg", "image_url": "https://images.oyoroomscdn.com/ugc-feedback-uploads/IMG_20220906_070931_4229bbebae4-fbcd-44cf-a509-8fc925a58a06.jpg", "type": "jpg", "uploaded_at": "2022-09-06", "image_id": "116394"}, {"image_name": "IMG_20220906_070940_924c5a5f3c0-2bc5-4624-8588-b6d9fdd6e562.jpg", "image_url": "https://images.oyoroomscdn.com/ugc-feedback-uploads/IMG_20220906_070940_924c5a5f3c0-2bc5-4624-8588-b6d9fdd6e562.jpg", "type": "jpg", "uploaded_at": "2022-09-06", "image_id": "116392"}]}, {"user_name": "Rahul Kumar", "user_image": "usr.image", "review_text": "There were 2 room booked and charged extra for AC . Other cigarate smell in all room. You harassed 2 sr. Citizens.", "date": "27 Jul 2022", "rating": {"bg_color": "#ff4742", "title": "1"}}]}}]