[{"data": {"title": "103 Verified Reviews", "rating_data": {"title": "3.7", "bg_color": "#b4da55", "tag": "Good", "subtitle": "430 ratings on verified stays by guests"}, "sort_options": [{"type": "date-high", "title": "Recent reviews"}, {"type": "rating-high", "title": "High to low ratings"}, {"type": "rating-low", "title": "Low to high ratings"}], "is_last": false, "next_offset": 101, "reviews": [{"user_name": "Sanjh", "user_image": "usr.image", "date": "07 May 2023", "rating": {"bg_color": "#346000", "title": "5"}, "user_image_feedback_list": [{"image_name": "IMG-20230506-WA000726f1d829-db9c-490b-88b1-a8281a1eaef0.jpg", "image_url": "https://images.oyoroomscdn.com/ugc-feedback-uploads/IMG-20230506-WA000726f1d829-db9c-490b-88b1-a8281a1eaef0.jpg", "type": "jpg", "uploaded_at": "2023-05-07", "image_id": "200517"}, {"image_name": "IMG-20230506-WA0004a7809ee8-f463-4110-a8e4-7dca3315c35f.jpg", "image_url": "https://images.oyoroomscdn.com/ugc-feedback-uploads/IMG-20230506-WA0004a7809ee8-f463-4110-a8e4-7dca3315c35f.jpg", "type": "jpg", "uploaded_at": "2023-05-07", "image_id": "200516"}]}, {"user_name": "Anand Batra", "user_image": "usr.image", "review_text": "Very good hotel staff was also very good hotel was great near bus stand 10/10", "date": "24 Apr 2023", "rating": {"bg_color": "#346000", "title": "5"}}, {"user_name": "Danish vir", "user_image": "usr.image", "review_text": "Platium hotel beautiful and excellent hotel and then hotel staff very good and good nature helpfull and food is very tasty. So my all family happy in this hotel you are another person booking in this hotel \nThank you", "date": "18 Apr 2023", "rating": {"bg_color": "#346000", "title": "5"}}, {"user_name": "NareshAhuja", "user_image": "usr.image", "review_text": "Good", "date": "04 Apr 2023", "rating": {"bg_color": "#346000", "title": "5"}}, {"user_name": "Aayush", "user_image": "usr.image", "review_text": "Behavior and room services good.", "date": "21 Mar 2023", "rating": {"bg_color": "#346000", "title": "5"}}, {"user_name": "aditya singh", "user_image": "usr.image", "review_text": "Very nice hotel and staf is also very welcoming,", "date": "20 Jan 2023", "rating": {"bg_color": "#346000", "title": "5"}}, {"user_name": "Varinder Kalyan", "user_image": "usr.image", "review_text": "The hotel staff was too good. The check-in was also smooth. Bathroom was clean too. Bed sheet are good.", "date": "17 Jan 2023", "rating": {"bg_color": "#346000", "title": "5"}}, {"user_name": "Abhishek", "user_image": "usr.image", "review_text": "Room was very good and staff also very good i like it very much", "date": "23 Dec 2022", "rating": {"bg_color": "#346000", "title": "5"}}, {"user_name": "muzamil saudagar", "user_image": "usr.image", "review_text": "The hotel was good. I enjoy the location of hotel. Also the top view of the hotel was good and almost I was having good experience", "date": "10 Dec 2022", "rating": {"bg_color": "#346000", "title": "5"}}, {"user_name": "Mukesh Kumar", "user_image": "usr.image", "review_text": "Good location very good hotel neat and clean...staff behaviour also good", "date": "08 Nov 2022", "rating": {"bg_color": "#346000", "title": "5"}}, {"user_name": "Rajat Thakur", "user_image": "usr.image", "review_text": "Everything is perfect ...nice ambience staff \n\nCleaningness \n\n\n\n\n\n\n\n\n\n\n\n\n\n\n\n\n\n\n\n\n\n\n\n\n\n\n\n\n\n\n\n\n\n\n\n\n\nGud staff behaviour", "date": "25 Oct 2022", "rating": {"bg_color": "#346000", "title": "5"}}, {"user_name": "Manish", "user_image": "usr.image", "review_text": "Nice hotel.but bathroom lock was broken.", "date": "09 Oct 2022", "rating": {"bg_color": "#346000", "title": "5"}, "user_image_feedback_list": [{"image_name": "IMG_20221007_110036_1962e98a9e9-2401-4676-ba6c-3f247d9bc970.jpg", "image_url": "https://images.oyoroomscdn.com/ugc-feedback-uploads/IMG_20221007_110036_1962e98a9e9-2401-4676-ba6c-3f247d9bc970.jpg", "type": "jpg", "uploaded_at": "2022-10-09", "image_id": "131078"}]}, {"user_name": "Amit Kumar", "user_image": "usr.image", "review_text": "Hotel is good And location and food are nice", "date": "03 Oct 2022", "rating": {"bg_color": "#346000", "title": "5"}}, {"user_name": "ratnesh koushal", "user_image": "usr.image", "review_text": "Hotel is good food is also goon and a good staff they\n have", "date": "24 Sep 2022", "rating": {"bg_color": "#346000", "title": "5"}}, {"user_name": "sreejith m", "user_image": "usr.image", "review_text": "Everything was very good . Rooms are very neatand clean.  Always recomend for family . And very near to golden temple", "date": "20 Sep 2022", "rating": {"bg_color": "#346000", "title": "5"}}, {"user_name": "rahul", "user_image": "usr.image", "review_text": "Good hotel", "date": "15 Sep 2022", "rating": {"bg_color": "#346000", "title": "5"}}, {"user_name": "Abhishek", "user_image": "usr.image", "review_text": "Nice staff and room was clean and good i like it", "date": "23 Aug 2022", "rating": {"bg_color": "#346000", "title": "5"}}, {"user_name": "MalkeetSingh", "user_image": "usr.image", "review_text": "I had a great experience at this hotel. I stayed here for one night and everything was so pleasant and convenient! They offered free parking which was a huge plus, the room service was good, the check-in process was smooth, and the location is a bus stand. My check-in was smooth. The staff was very much polite to me.", "date": "11 Jul 2022", "rating": {"bg_color": "#346000", "title": "5"}}, {"user_name": "Pragnesh Panchal", "user_image": "usr.image", "review_text": "good booking", "date": "07 Jul 2022", "rating": {"bg_color": "#346000", "title": "5"}}, {"user_name": "Mukesh Kumar", "user_image": "usr.image", "review_text": "All good", "date": "05 Jul 2022", "rating": {"bg_color": "#346000", "title": "5"}}, {"user_name": "Ridhima Bedi", "user_image": "usr.image", "review_text": "I just want to say that the hotel was great. I mean, it's hard to find fault in any of the staff or facilities. The only thing I would say is that room 401's AC wasn't working and I couldn't sleep a wink because it was so hot. Other than that, everything was good!", "date": "03 Jul 2022", "rating": {"bg_color": "#346000", "title": "5"}}, {"user_name": "Dalbir Singh", "user_image": "usr.image", "review_text": "good  place and environment friendly.                                                    I like. this placeits very very good for family", "date": "03 Jul 2022", "rating": {"bg_color": "#346000", "title": "5"}}, {"user_name": "Sudhir Chouhan", "user_image": "usr.image", "review_text": "Good service and good experince", "date": "02 Jul 2022", "rating": {"bg_color": "#346000", "title": "5"}}, {"user_name": "Brahmananda ReddyMekala", "user_image": "usr.image", "review_text": "The hotel was nice, the room was clean and well kept, the staff was polite and helpful, the amenities were good, and it was in a great location. I would come back again on my next trip to Amritsar!", "date": "29 Jun 2022", "rating": {"bg_color": "#346000", "title": "5"}}, {"user_name": "Nakul Gupta", "user_image": "usr.image", "review_text": "I had a good experience at the hotel. The room was nice and clean, as well as comfortable.  All of the amenities they promised were available and in order, so I didn't have any problems with anything. This hotel was a good value for the price and the location was good because it was close to the bus stop. The staff was also very helpful to answer any questions we had.", "date": "28 Jun 2022", "rating": {"bg_color": "#346000", "title": "5"}}, {"user_name": "Ankur Sharma", "user_image": "usr.image", "review_text": "Thanks for all the great gesture shown by the staff", "date": "17 Jun 2022", "rating": {"bg_color": "#346000", "title": "5"}}, {"user_name": "Ankur Sharma", "user_image": "usr.image", "review_text": "Staff is very supportive and no disturbance in stay . great to see this again if coming in future", "date": "17 Jun 2022", "rating": {"bg_color": "#346000", "title": "5"}}, {"user_name": "Mansi Gupta", "user_image": "usr.image", "review_text": "Awesome rooms.\nOwner is too polite.\nVery good Ambience", "date": "15 Jun 2022", "rating": {"bg_color": "#346000", "title": "5"}}, {"user_name": "Rahul Songara", "user_image": "usr.image", "review_text": "best hotal stop is best   hotal room in clene stop behaviour is good near goldan tampalnear bas stand", "date": "14 Jun 2022", "rating": {"bg_color": "#346000", "title": "5"}}, {"user_name": "Rohan", "user_image": "usr.image", "review_text": "The hotel was excellent. The room was clean and the amenities were top-notch. The service was excellent and the wi-fi and parking were available. The staff was professional and the check-in was easy. The location was close to the bus stop.", "date": "04 Jun 2022", "rating": {"bg_color": "#346000", "title": "5"}}, {"user_name": "Ramprosad Saha", "user_image": "usr.image", "review_text": "I had a great experience at this hotel. The staff was very helpful and the location was convenient to Golden Temple. The room was comfortable and clean, and I felt safe staying there. I would recommend this hotel to anyone looking for a place to stay in Amritsar.", "date": "01 Jun 2022", "rating": {"bg_color": "#346000", "title": "5"}}, {"user_name": "Varun Sharma", "user_image": "usr.image", "review_text": "In this hotel all things is better. I will recommend all peoples that if you will make a plan to go in Amritsar than you should book this hotel, there are certain reasons for stay in this hotel, one thing that this is near to bus stand and golden temple also. Apart from this, the staff of this hotel is very good. One thing also there is good that approx all the toor travels office is situated near this hotel. In this hotel arrangement of food is also there. There is only one thing is wrong that in the room there is some mouse which makes noise due to this I had face problems during night and my charger was cut by the mouse. Only this thing is very bad in this hotel. To separate this, platinum hotel is very good. You should visit minimum one time if you will make a plan to go in Amritsar.", "date": "19 Jan 2023", "rating": {"bg_color": "#58ac00", "title": "4"}}, {"user_name": "GauravKumarSharma", "user_image": "usr.image", "review_text": "Good service", "date": "05 Dec 2022", "rating": {"bg_color": "#58ac00", "title": "4"}}, {"user_name": "Anish", "user_image": "usr.image", "review_text": "good property and good staff", "date": "10 Nov 2022", "rating": {"bg_color": "#58ac00", "title": "4"}}, {"user_name": "Abhishek", "user_image": "usr.image", "review_text": "The room was clean and very good staff", "date": "28 Oct 2022", "rating": {"bg_color": "#58ac00", "title": "4"}}, {"user_name": "Ajeet", "user_image": "usr.image", "review_text": "location", "date": "25 Oct 2022", "rating": {"bg_color": "#58ac00", "title": "4"}}, {"user_name": "Amit KumarMahato", "user_image": "usr.image", "review_text": "Nice Stay", "date": "23 Sep 2022", "rating": {"bg_color": "#58ac00", "title": "4"}}, {"user_name": "HiteshJain", "user_image": "usr.image", "review_text": "The hotel environment was pleasant and the amenities were perfect. The parking was great and the wi-fi connection was excellent. I didn't have any issues during my stay and would recommend it to anyone looking for a place to stay in this area.", "date": "04 Sep 2022", "rating": {"bg_color": "#58ac00", "title": "4"}}, {"user_name": "Deepak Dudeja", "user_image": "usr.image", "review_text": "Everything is good", "date": "03 Aug 2022", "rating": {"bg_color": "#58ac00", "title": "4"}}, {"user_name": "Kamal", "user_image": "usr.image", "review_text": "Good room infrastructure and cleanrooms", "date": "01 Aug 2022", "rating": {"bg_color": "#58ac00", "title": "4"}}, {"user_name": "Brahmananda ReddyMekala", "user_image": "usr.image", "review_text": "I had a great experience at hotel. The staff was really helpful and the room was clean. There are all sorts of facilities available, which made my stay even more comfortable. It's close to the bus stop too.", "date": "02 Jul 2022", "rating": {"bg_color": "#58ac00", "title": "4"}}, {"user_name": "Venu", "user_image": "usr.image", "review_text": "Good", "date": "28 Jun 2022", "rating": {"bg_color": "#58ac00", "title": "4"}}, {"user_name": "Mandeep Kour", "user_image": "usr.image", "review_text": "I was very pleasantly surprised by the hotel. I was expecting a place slightly above average but it turned out to be a beautiful hotel with wonderful staff.", "date": "25 Jun 2022", "rating": {"bg_color": "#58ac00", "title": "4"}}, {"user_name": "Shashi", "user_image": "usr.image", "review_text": "nice experience", "date": "23 Jun 2022", "rating": {"bg_color": "#58ac00", "title": "4"}}, {"user_name": "Rinku", "user_image": "usr.image", "review_text": "The hotel was good but the room was not comfortable for 3 people that was one problem that I face. Other than that, the hotel is really cheap and the staff was all really helpful.", "date": "22 Jun 2022", "rating": {"bg_color": "#58ac00", "title": "4"}}, {"user_name": "Sunil Kumar", "user_image": "usr.image", "review_text": "The hotel itself is great and the location is close to the Golden Temple. Check-in was a hassle-free process and it was an affordable hotel. The amenities were good but could have been better.", "date": "21 Jun 2022", "rating": {"bg_color": "#58ac00", "title": "4"}}, {"user_name": "prince", "user_image": "usr.image", "review_text": "Staff is very good but bed sheet is no fine because it was little bit dirty and washroom facilities great provide useful", "date": "10 Apr 2023", "rating": {"bg_color": "#8fc402", "title": "3"}}, {"user_name": "Bhavik Jain", "user_image": "usr.image", "review_text": "room bed sheets not neat and clean washroom door lock not working hot water not available in washroom", "date": "12 Mar 2023", "rating": {"bg_color": "#8fc402", "title": "3"}}, {"user_name": "M Arief", "user_image": "usr.image", "review_text": "The rooms were of good dimensions, but without any ventilation, thereby stinky. Neither Bathrooms nor bed sheets were clean. Service was 0.\nHowever, the staff was friendly.", "date": "12 Feb 2023", "rating": {"bg_color": "#8fc402", "title": "3"}}, {"user_name": "Parampreet Singh", "user_image": "usr.image", "review_text": "Room was not in proper condition and no led was there.", "date": "11 Jan 2023", "rating": {"bg_color": "#8fc402", "title": "3"}}, {"user_name": "Sumedha", "user_image": "usr.image", "review_text": "Room could have much more clean and with good lighting and could be much better than excepted", "date": "30 Nov 2022", "rating": {"bg_color": "#8fc402", "title": "3"}}, {"user_name": "Shub kumar", "user_image": "usr.image", "review_text": "No towels supplied after makimg a call", "date": "28 Nov 2022", "rating": {"bg_color": "#8fc402", "title": "3"}}, {"user_name": "Chandreyee Kundu", "user_image": "usr.image", "review_text": "Food handling in bad....and staff availability is very low.", "date": "04 Oct 2022", "rating": {"bg_color": "#8fc402", "title": "3"}}, {"user_name": "Gurpreet Singh", "user_image": "usr.image", "review_text": "Room was Good in condition and clean , Staff was also nice", "date": "04 Oct 2022", "rating": {"bg_color": "#8fc402", "title": "3"}}, {"user_name": "Suraj SinghSandhu", "user_image": "usr.image", "review_text": "It bit difficult to find out location of the hotel through Google maps.", "date": "30 Sep 2022", "rating": {"bg_color": "#8fc402", "title": "3"}}, {"user_name": "Deepak Dudeja", "user_image": "usr.image", "review_text": "The r no provide television in classic room", "date": "15 Sep 2022", "rating": {"bg_color": "#8fc402", "title": "3"}}, {"user_name": "Kulwinder Singh", "user_image": "usr.image", "review_text": "Room was ok. TV was not working because there is no set top box in room. Toiletries were not provided by hotel.", "date": "15 Sep 2022", "rating": {"bg_color": "#8fc402", "title": "3"}}, {"user_name": "Nitin Shekhar", "user_image": "usr.image", "review_text": "Bedsheets was not properly cleaned.", "date": "16 Aug 2022", "rating": {"bg_color": "#8fc402", "title": "3"}}, {"user_name": "918866693215", "user_image": "usr.image", "review_text": "Hotel was very good. Staff behaviour was very good. Only one problem and I think that was big problem was that the bed mattress was very loose. Even if you sit u will feel sitting in a hole or some loose spring. While sleeping body pain started due to poor quality old mattress.", "date": "11 Aug 2022", "rating": {"bg_color": "#8fc402", "title": "3"}}, {"user_name": "Satwindar Pal", "user_image": "usr.image", "review_text": "Room facility poor", "date": "24 Jul 2022", "rating": {"bg_color": "#8fc402", "title": "3"}}, {"user_name": "SANYAM KALRA", "user_image": "usr.image", "review_text": "not gejar in room with room clean not and also light issue not satisfied from the service......", "date": "27 Jun 2022", "rating": {"bg_color": "#8fc402", "title": "3"}}, {"user_name": "Jd", "user_image": "usr.image", "review_text": "1- FAN WORKING WITH NOISE \n2- FLUSH NOT WORKING \n3- AC WITHOUT REMOTE", "date": "12 Mar 2023", "rating": {"bg_color": "#feba00", "title": "2"}}, {"user_name": "Mozam Bhat", "user_image": "usr.image", "review_text": "Bed was very uncomfortable & Room was sticking with no proper ventilation", "date": "12 Dec 2022", "rating": {"bg_color": "#feba00", "title": "2"}}, {"user_name": "Vijay Kumar", "user_image": "usr.image", "review_text": "Room was not good as seen in the pics. Staff behaviour was not good. Land line phone was not working. Electricity went off 5 to 6 times. AC was not working. Worst experience. Not recommended to this", "date": "08 Nov 2022", "rating": {"bg_color": "#feba00", "title": "2"}}, {"user_name": "manjit", "user_image": "usr.image", "review_text": "When we reached the hotal thay say that we have only deluxe rooms available so pay extra", "date": "26 Sep 2022", "rating": {"bg_color": "#feba00", "title": "2"}}, {"user_name": "Manav", "user_image": "usr.image", "review_text": "Stains on bed sheet. poor management", "date": "21 Sep 2022", "rating": {"bg_color": "#feba00", "title": "2"}}, {"user_name": "lakshdeep", "user_image": "usr.image", "review_text": "leakage from Ac inside the room\nsoap not provided \nfor handwash used soap provided", "date": "03 Jul 2022", "rating": {"bg_color": "#feba00", "title": "2"}}, {"user_name": "Pratik Bangad", "user_image": "usr.image", "review_text": "Fan regulator was not there. Fan was working on only one speed. WiFi was not working for whole stay.", "date": "02 Jul 2022", "rating": {"bg_color": "#feba00", "title": "2"}}, {"user_name": "Devashish Paul", "user_image": "usr.image", "review_text": "Smelly room, not clean.", "date": "12 Jun 2022", "rating": {"bg_color": "#feba00", "title": "2"}}, {"user_name": "Upendra Srivastava", "user_image": "usr.image", "review_text": "Bad linen no lock in bathroom doors, AC was not working, TV was not working.. Fan was making sounds like ghost", "date": "23 Apr 2023", "rating": {"bg_color": "#ff4742", "title": "1"}}, {"user_name": "Rohit Kumar", "user_image": "usr.image", "review_text": "Foul smell. Unclean sheets. Rude staff. Unpleasant bed.", "date": "09 Apr 2023", "rating": {"bg_color": "#ff4742", "title": "1"}}, {"user_name": "Akshay tomar", "user_image": "usr.image", "review_text": "The hotel staff is not good including the receptionist they are not co operative at all, they try to charge extra and the rooms are very average , overall it's waste of money", "date": "04 Apr 2023", "rating": {"bg_color": "#ff4742", "title": "1"}}, {"user_name": "Kavita Pal", "user_image": "usr.image", "review_text": "Worst hotel ever not provided basic things like toilet roll and even water no room service nothing after taking   room charges they behave like they don't even know you plz don't visit", "date": "18 Mar 2023", "rating": {"bg_color": "#ff4742", "title": "1"}}, {"user_name": "Niskarsh Chaudhary", "user_image": "usr.image", "review_text": "Booked Delux room but they provided below classic room which does not have AC and much dirty rooms. No positive response from hotel manager", "date": "12 Mar 2023", "rating": {"bg_color": "#ff4742", "title": "1"}, "user_image_feedback_list": [{"image_name": "20230310_2013317c0e793f-b2ec-497c-9596-627642efea25.jpg", "image_url": "https://images.oyoroomscdn.com/ugc-feedback-uploads/20230310_2013317c0e793f-b2ec-497c-9596-627642efea25.jpg", "type": "jpg", "uploaded_at": "2023-03-12", "image_id": "184394"}, {"image_name": "20230310_2013347e09d336-f97b-4cb3-a228-3d2ad94a6a0b.jpg", "image_url": "https://images.oyoroomscdn.com/ugc-feedback-uploads/20230310_2013347e09d336-f97b-4cb3-a228-3d2ad94a6a0b.jpg", "type": "jpg", "uploaded_at": "2023-03-12", "image_id": "184393"}, {"image_name": "20230310_201322deade427-d84c-40f0-8a4d-cf7fe7547a9a.jpg", "image_url": "https://images.oyoroomscdn.com/ugc-feedback-uploads/20230310_201322deade427-d84c-40f0-8a4d-cf7fe7547a9a.jpg", "type": "jpg", "uploaded_at": "2023-03-12", "image_id": "184392"}, {"image_name": "20230310_2013254cda3347-80bc-40b4-be46-839d8d517930.jpg", "image_url": "https://images.oyoroomscdn.com/ugc-feedback-uploads/20230310_2013254cda3347-80bc-40b4-be46-839d8d517930.jpg", "type": "jpg", "uploaded_at": "2023-03-12", "image_id": "184391"}]}, {"user_name": "Manoj Jaggi", "user_image": "usr.image", "review_text": "No good service bad behavier demand extra money", "date": "04 Feb 2023", "rating": {"bg_color": "#ff4742", "title": "1"}}, {"user_name": "Reetesh Shrivastava", "user_image": "usr.image", "review_text": "Hotel is very bad staff attitude is bad. rooms are not clean switches are not working housekeeping bad very bad and horrible experience. I never suggest to anybody and also request to Oyo that please remove this hotel to Oyo side.", "date": "22 Jan 2023", "rating": {"bg_color": "#ff4742", "title": "1"}}, {"user_name": "Prince", "user_image": "usr.image", "review_text": "room is not clean Properly,smell in room is so worsed", "date": "18 Jan 2023", "rating": {"bg_color": "#ff4742", "title": "1"}}, {"user_name": "Balakrishnan Rengamani", "user_image": "usr.image", "review_text": "Waste of time and money..Waste of time and money. They don&#39;t accept paid booking. I wasted 1 hour 30 mins of time to find the hotel after tiring day and to find alternative hotel to stay inspite of paid booking. They have cooly said, they don&#39;t accept paid booking nd showed the notice print at the reception.", "date": "09 Jan 2023", "rating": {"bg_color": "#ff4742", "title": "1"}}, {"user_name": "Sunil K Nauriyal", "user_image": "usr.image", "review_text": "The room was not clean, bedsheets and pillow covers were dirty. The staff and manager did not do anything about it.", "date": "23 Dec 2022", "rating": {"bg_color": "#ff4742", "title": "1"}}, {"user_name": "Bhupinder singh", "user_image": "usr.image", "review_text": "Bad service oyo and Hottle No resive my conect no. very Destribance we ara emergency range Hottle room V v Bad service oyo nad Hottle", "date": "22 Dec 2022", "rating": {"bg_color": "#ff4742", "title": "1"}}, {"user_name": "Susmita Biswas", "user_image": "usr.image", "review_text": "I have paid 2600 for one night stay & the service which I have received not even worth 500. Wash room was broken, they don't have gizer during winter & water is super chill, food quality is poor & very expensive. A humble suggestion don't waste your money on this hotel.", "date": "18 Dec 2022", "rating": {"bg_color": "#ff4742", "title": "1"}}, {"user_name": "Subhash Chauhan", "user_image": "usr.image", "review_text": "It was a very bad stay .. the room was stinking, bed sheets were not clean.", "date": "16 Dec 2022", "rating": {"bg_color": "#ff4742", "title": "1"}}, {"user_name": "Manit Garg", "user_image": "usr.image", "review_text": "The rooms were really bad, very bad Management and Unhygienic there was blood stains on the Duvet and Bedsheets then they changed the room and there were foot prints on the duvet and bedsheet also the bedsheet was Torn. Really Bad Experience.", "date": "12 Dec 2022", "rating": {"bg_color": "#ff4742", "title": "1"}}, {"user_name": "Taranmeet", "user_image": "usr.image", "review_text": "Very bad service in hotel no hot water no clean room and washroom", "date": "09 Dec 2022", "rating": {"bg_color": "#ff4742", "title": "1"}}, {"user_name": "Satbir singh", "user_image": "usr.image", "review_text": "After hotel booking  owner have not given us room and he demand two thousand rupees extra.then long distance  we found hotel and we pay 4 thousand rupees so we are not satisfied  with the behaviour of owner", "date": "30 Nov 2022", "rating": {"bg_color": "#ff4742", "title": "1"}}, {"user_name": "Rajesh kumarswain", "user_image": "usr.image", "review_text": "Rooms smell is very bad and at the mid of night hotel staff nock my door for asking for where is room key. In this hotel no WIFI & no TV service available. Very poor quality hotel.", "date": "27 Oct 2022", "rating": {"bg_color": "#ff4742", "title": "1"}}, {"user_name": "Yash", "user_image": "usr.image", "review_text": "The room bathroom doesnt have a soap \nService was very poor", "date": "25 Oct 2022", "rating": {"bg_color": "#ff4742", "title": "1"}}, {"user_name": "Amit", "user_image": "usr.image", "review_text": "Dirty hotel . Bed, bathro, bed sheet all damage\nStaff befaviour notgood", "date": "16 Oct 2022", "rating": {"bg_color": "#ff4742", "title": "1"}}, {"user_name": "Ashwani kumarSingh", "user_image": "usr.image", "review_text": "There should be no right to the properly side to reduce or increase guest number , only guest should have right to modify booking so that hotel owner can not miss use this option.", "date": "09 Oct 2022", "rating": {"bg_color": "#ff4742", "title": "1"}}, {"user_name": "Vishal", "user_image": "usr.image", "review_text": "Room not available", "date": "06 Oct 2022", "rating": {"bg_color": "#ff4742", "title": "1"}}, {"user_name": "Nusrat Khan", "user_image": "usr.image", "review_text": "Very bad experience.. fan not working properly and toilet also very bad", "date": "28 Sep 2022", "rating": {"bg_color": "#ff4742", "title": "1"}}, {"user_name": "supriya", "user_image": "usr.image", "review_text": "Totally disappointed with the service of the staff & condition of room...Bathroom door handle was broken. I will not suggest to anyone to stay in this hotel.....", "date": "27 Sep 2022", "rating": {"bg_color": "#ff4742", "title": "1"}}, {"user_name": "Bhaskar", "user_image": "usr.image", "review_text": "Very bad service totally unhygienic worst room I had ever seen plz don't book room", "date": "21 Sep 2022", "rating": {"bg_color": "#ff4742", "title": "1"}}, {"user_name": "ARMINDER SINGH", "user_image": "usr.image", "review_text": "Hotal staff is very rud....and  room woshroom is not lock working. Room light is not working.... totally bad and poor service..", "date": "19 Sep 2022", "rating": {"bg_color": "#ff4742", "title": "1"}}, {"user_name": "Mandeep Singh", "user_image": "usr.image", "review_text": "Verry poor services", "date": "18 Sep 2022", "rating": {"bg_color": "#ff4742", "title": "1"}}, {"user_name": "Pooja prathyani", "user_image": "usr.image", "review_text": "ROom quality is worst....no geaser no tv no working ac properly", "date": "18 Sep 2022", "rating": {"bg_color": "#ff4742", "title": "1"}}, {"user_name": "Ashutosh Baluni", "user_image": "usr.image", "review_text": "Pathetic hotel and services there is so many issues pls avoid to stay here\u2026", "date": "16 Sep 2022", "rating": {"bg_color": "#ff4742", "title": "1"}}, {"user_name": "Satinder PalSingh", "user_image": "usr.image", "review_text": "Very disappointed, no water in washroom, bedsheet was so dirty, Fan and AC not working properly.  No telephone for room service.\nI had to leave the room, very first day. My money was wasted totally.  Do not recommend anyone to visit there.", "date": "15 Sep 2022", "rating": {"bg_color": "#ff4742", "title": "1"}}, {"user_name": "Simran", "user_image": "usr.image", "review_text": "I am not satisfied ur service,ur room was so dirty nd ur staff also I was so disappointed I will never book ur hotel again", "date": "11 Sep 2022", "rating": {"bg_color": "#ff4742", "title": "1"}}, {"user_name": "Abhinav Garg", "user_image": "usr.image", "review_text": "The hotel that I had booked through Oyo refused to give a room to stay. After that, Oyo arranged a room for me in another hotel. The room was in a very dirty condition and there were very dirty stains on the sheets.", "date": "18 Jul 2022", "rating": {"bg_color": "#ff4742", "title": "1"}, "user_image_feedback_list": [{"image_name": "hotel_image_44a83a7a-7a7c-44fd-874a-8e26c7f1cace8745365473989688645.jpeg", "image_url": "https://images.oyoroomscdn.com/ugc-feedback-uploads/hotel_image_44a83a7a-7a7c-44fd-874a-8e26c7f1cace8745365473989688645.jpeg", "type": "jpeg", "uploaded_at": "2022-07-18", "image_id": "97440"}, {"image_name": "hotel_image_44a83a7a-7a7c-44fd-874a-8e26c7f1cace5933281741101554663.jpeg", "image_url": "https://images.oyoroomscdn.com/ugc-feedback-uploads/hotel_image_44a83a7a-7a7c-44fd-874a-8e26c7f1cace5933281741101554663.jpeg", "type": "jpeg", "uploaded_at": "2022-07-18", "image_id": "97441"}]}]}}, {"data": {"title": "103 Verified Reviews", "rating_data": {"title": "3.7", "bg_color": "#b4da55", "tag": "Good", "subtitle": "430 ratings on verified stays by guests"}, "sort_options": [{"type": "date-high", "title": "Recent reviews"}, {"type": "rating-high", "title": "High to low ratings"}, {"type": "rating-low", "title": "Low to high ratings"}], "is_last": true, "reviews": [{"user_name": "Swapnil Nage", "user_image": "usr.image", "review_text": "TV cable not connected, staff & service was not there, not sanitization, Intercom is not working", "date": "26 Jun 2022", "rating": {"bg_color": "#ff4742", "title": "1"}}, {"user_name": "Aditya Shukla", "user_image": "usr.image", "review_text": "room is excellent but no hand wash,no shop in the washroom and tank water very poor and staff& service very terrible.i don't want visit again and I do not visit anyone.", "date": "22 Jun 2022", "rating": {"bg_color": "#ff4742", "title": "1"}, "user_image_feedback_list": [{"image_name": "hotel_image_50189f70-9fea-4f69-99c1-0c4816f25bff6455230350649029355.jpeg", "image_url": "https://images.oyoroomscdn.com/ugc-feedback-uploads/hotel_image_50189f70-9fea-4f69-99c1-0c4816f25bff6455230350649029355.jpeg", "type": "jpeg", "uploaded_at": "2022-06-22", "image_id": "86035"}]}]}}]