[{"data": {"title": "11 Verified Reviews", "rating_data": {"title": "3.2", "bg_color": "#8fc402", "tag": "Fair", "subtitle": "76 ratings on verified stays by guests"}, "sort_options": [{"type": "date-high", "title": "Recent reviews"}, {"type": "rating-high", "title": "High to low ratings"}, {"type": "rating-low", "title": "Low to high ratings"}], "is_last": true, "reviews": [{"user_name": "Kirpal", "user_image": "usr.image", "review_text": "Good", "date": "04 Apr 2023", "rating": {"bg_color": "#346000", "title": "5"}}, {"user_name": "sunny", "user_image": "usr.image", "review_text": "Good", "date": "07 Jan 2023", "rating": {"bg_color": "#346000", "title": "5"}}, {"user_name": "Sandeep", "user_image": "usr.image", "review_text": "Great service and polite behaviour staff", "date": "21 Oct 2022", "rating": {"bg_color": "#346000", "title": "5"}}, {"user_name": "Basant Gupta", "user_image": "usr.image", "review_text": "Awesome Experience.. all good", "date": "13 Sep 2022", "rating": {"bg_color": "#346000", "title": "5"}}, {"user_name": "Nikhil Kumar", "user_image": "usr.image", "review_text": "No hot water", "date": "23 Nov 2022", "rating": {"bg_color": "#8fc402", "title": "3"}}, {"user_name": "Amit Kumar", "user_image": "usr.image", "review_text": "Room and washroom is good but no exhaust. Don't try food here it'll costly and uncountable*. Owner is good.", "date": "27 Sep 2022", "rating": {"bg_color": "#8fc402", "title": "3"}}, {"user_name": "Pushpendra KumarPandey", "user_image": "usr.image", "review_text": "Not good", "date": "11 Apr 2023", "rating": {"bg_color": "#feba00", "title": "2"}}, {"user_name": "Pankaj Kaul", "user_image": "usr.image", "review_text": "Below Average", "date": "13 Feb 2023", "rating": {"bg_color": "#ff4742", "title": "1"}}, {"user_name": "Burhan Bhat", "user_image": "usr.image", "review_text": "wrost experience I have never seen.. all staff are drunked there behaviour are  not a safe for female customer.. even things  in hotel are not working properly.... drainge problem in washrooms crockreches  are inside the room .  his behaviour to his customers and drunked staffs.. I personally recommended don't go to this hotel", "date": "04 Feb 2023", "rating": {"bg_color": "#ff4742", "title": "1"}}, {"user_name": "Alok Sharma", "user_image": "usr.image", "review_text": "It's not a hotel. It's a marriage garden. \nRooms are very bad and dirty. \nService is very poor.", "date": "19 Sep 2022", "rating": {"bg_color": "#ff4742", "title": "1"}}, {"user_name": "Sukhpreet", "user_image": "usr.image", "review_text": "Very bad not good service fake rate not good dealing", "date": "07 Sep 2022", "rating": {"bg_color": "#ff4742", "title": "1"}}]}}]