[{"data": {"title": "18 Verified Reviews", "rating_data": {"title": "3.6", "bg_color": "#b4da55", "tag": "Good", "subtitle": "104 ratings on verified stays by guests"}, "sort_options": [{"type": "date-high", "title": "Recent reviews"}, {"type": "rating-high", "title": "High to low ratings"}, {"type": "rating-low", "title": "Low to high ratings"}], "is_last": true, "reviews": [{"user_name": "Pankaj Kaul", "user_image": "usr.image", "review_text": "Cooperative Staff. Amenities are Good", "date": "20 Feb 2023", "rating": {"bg_color": "#346000", "title": "5"}}, {"user_name": "Anil kasyap", "user_image": "usr.image", "review_text": "Good service", "date": "15 Feb 2023", "rating": {"bg_color": "#346000", "title": "5"}}, {"user_name": "malikaujkey Uikey", "user_image": "usr.image", "review_text": "I m so happy i just loved thanks to all staff and amritsar places it's was osm", "date": "06 Feb 2023", "rating": {"bg_color": "#346000", "title": "5"}}, {"user_name": "alok singh", "user_image": "usr.image", "review_text": "Loaction and cleanliness of hotel was excellent", "date": "15 Jan 2023", "rating": {"bg_color": "#346000", "title": "5"}}, {"user_name": "vikas joshi", "user_image": "usr.image", "review_text": "Nice to stay near golden temple \ud83d\ude4f\ud83d\ude4fIt&#39;s good experience....", "date": "21 Nov 2022", "rating": {"bg_color": "#346000", "title": "5"}}, {"user_name": "Amar Singh", "user_image": "usr.image", "review_text": "overall hotel is good, staff is very good and polite, washroom is not clean.", "date": "30 Mar 2023", "rating": {"bg_color": "#58ac00", "title": "4"}}, {"user_name": "Vipan Dass", "user_image": "usr.image", "review_text": "Good Location, Approachable, Neat & Clean, Coperative Staff, TV & Geyser In working conditions. Value for money.", "date": "15 Dec 2022", "rating": {"bg_color": "#58ac00", "title": "4"}, "user_image_feedback_list": [{"image_name": "IMG_20221208_19135938d9143f-6d2d-4ad3-8f20-8a0b6ce26816.jpg", "image_url": "https://images.oyoroomscdn.com/ugc-feedback-uploads/IMG_20221208_19135938d9143f-6d2d-4ad3-8f20-8a0b6ce26816.jpg", "type": "jpg", "uploaded_at": "2022-12-15", "image_id": "155521"}, {"image_name": "IMG_20221208_191334d824d5d3-232b-4375-b747-095cbe07e8cb.jpg", "image_url": "https://images.oyoroomscdn.com/ugc-feedback-uploads/IMG_20221208_191334d824d5d3-232b-4375-b747-095cbe07e8cb.jpg", "type": "jpg", "uploaded_at": "2022-12-15", "image_id": "155520"}, {"image_name": "IMG_20221208_191354d6e26504-758e-4244-9ded-f8d23fb627b6.jpg", "image_url": "https://images.oyoroomscdn.com/ugc-feedback-uploads/IMG_20221208_191354d6e26504-758e-4244-9ded-f8d23fb627b6.jpg", "type": "jpg", "uploaded_at": "2022-12-15", "image_id": "155522"}, {"image_name": "IMG_20221208_19132208c662ce-a01c-4d78-b259-87081e467354.jpg", "image_url": "https://images.oyoroomscdn.com/ugc-feedback-uploads/IMG_20221208_19132208c662ce-a01c-4d78-b259-87081e467354.jpg", "type": "jpg", "uploaded_at": "2022-12-15", "image_id": "155518"}, {"image_name": "IMG_20221208_191331d774432d-7f3e-4fb4-b3ea-ba1e7239368b.jpg", "image_url": "https://images.oyoroomscdn.com/ugc-feedback-uploads/IMG_20221208_191331d774432d-7f3e-4fb4-b3ea-ba1e7239368b.jpg", "type": "jpg", "uploaded_at": "2022-12-15", "image_id": "155519"}, {"image_name": "IMG_20221208_191342e4695cc1-5e7c-4dca-b712-5b312a03d39b.jpg", "image_url": "https://images.oyoroomscdn.com/ugc-feedback-uploads/IMG_20221208_191342e4695cc1-5e7c-4dca-b712-5b312a03d39b.jpg", "type": "jpg", "uploaded_at": "2022-12-15", "image_id": "155517"}]}, {"user_name": "Simon Malzer", "user_image": "usr.image", "review_text": "All good. Friendly staff and nice rooms.", "date": "16 Nov 2022", "rating": {"bg_color": "#58ac00", "title": "4"}}, {"user_name": "918826237989", "user_image": "usr.image", "review_text": "Rooms were not cleaned and hygiene. Rooms are really different from what were shown in the hotel profile page.\nLocation is different from the actual map location and rooms are very untidy", "date": "23 Dec 2022", "rating": {"bg_color": "#8fc402", "title": "3"}}, {"user_name": "savankatariya", "user_image": "usr.image", "review_text": "Cleaning not good", "date": "24 Nov 2022", "rating": {"bg_color": "#8fc402", "title": "3"}}, {"user_name": "sahil", "user_image": "usr.image", "review_text": "Room and washroom is small as compared to photos that uploaded online. Also view of room is different from the photographs", "date": "29 Apr 2023", "rating": {"bg_color": "#ff4742", "title": "1"}}, {"user_name": "Faisal", "user_image": "usr.image", "review_text": "Bad hotel I see in. Life worst experience", "date": "15 Mar 2023", "rating": {"bg_color": "#ff4742", "title": "1"}}, {"user_name": "Sai KumarBanoth", "user_image": "usr.image", "review_text": "So scary room, full of rats and management also not responding well about the issue. Outside full shouting at nights", "date": "14 Feb 2023", "rating": {"bg_color": "#ff4742", "title": "1"}}, {"user_name": "Ayush Raj", "user_image": "usr.image", "review_text": "very bad hotel. room and washroom are very samll. different from the photo. staff behavior is also very bad", "date": "06 Feb 2023", "rating": {"bg_color": "#ff4742", "title": "1"}}, {"user_name": "MajidLone", "user_image": "usr.image", "review_text": "The hotel is pathetic. The services are poor as well. I had booked the stay for my elderly father. He needs to climb a staircase of 67 steps to reach his room. He has knee issues as well. What seems beautiful on Oyo isn\u2019t beautiful. Hotel bookings offline has always  been a better experience with me.", "date": "22 Jan 2023", "rating": {"bg_color": "#ff4742", "title": "1"}}, {"user_name": "Jitesh narang", "user_image": "usr.image", "review_text": "Service is very poor", "date": "15 Jan 2023", "rating": {"bg_color": "#ff4742", "title": "1"}}, {"user_name": "Indrajit Deshmukh", "user_image": "usr.image", "review_text": "Office is not clean.Washroom is too bad. Don&#39;t stay here", "date": "10 Dec 2022", "rating": {"bg_color": "#ff4742", "title": "1"}}, {"user_name": "Jithin Gangadharan", "user_image": "usr.image", "review_text": "Not a hygienic placeLocation. It&#39;s near all the places of interest.It is not at all Hygiene", "date": "21 Nov 2022", "rating": {"bg_color": "#ff4742", "title": "1"}}]}}]