[{"data": {"title": "25 Verified Reviews", "rating_data": {"title": "4.0", "bg_color": "#58ac00", "tag": "Very Good", "subtitle": "78 ratings on verified stays by guests"}, "sort_options": [{"type": "date-high", "title": "Recent reviews"}, {"type": "rating-high", "title": "High to low ratings"}, {"type": "rating-low", "title": "Low to high ratings"}], "is_last": true, "reviews": [{"user_name": "Gagan Varn", "user_image": "usr.image", "review_text": "Great", "date": "06 Apr 2023", "rating": {"bg_color": "#346000", "title": "5"}}, {"user_name": "Ahsan Mir", "user_image": "usr.image", "review_text": "Beautiful", "date": "13 Mar 2023", "rating": {"bg_color": "#346000", "title": "5"}}, {"user_name": "Opinder Singh", "user_image": "usr.image", "review_text": "Beautiful hotel in Amritsar", "date": "12 Mar 2023", "rating": {"bg_color": "#346000", "title": "5"}}, {"user_name": "Pawanpreet Singh", "user_image": "usr.image", "review_text": "Beautiful hotel in amritsar", "date": "12 Mar 2023", "rating": {"bg_color": "#346000", "title": "5"}}, {"user_name": "Shubam Sudan", "user_image": "usr.image", "review_text": "The hotel staff was good, the catering and other services were up to time. The hotel room and washroom was clean and the basic amenities were provided.", "date": "10 Mar 2023", "rating": {"bg_color": "#346000", "title": "5"}}, {"user_name": "Johnson Gupta", "user_image": "usr.image", "review_text": "Beautifull.So beautifull hotel", "date": "08 Mar 2023", "rating": {"bg_color": "#346000", "title": "5"}}, {"user_name": "ritesh Kumar", "user_image": "usr.image", "review_text": "Beautiful hotel", "date": "07 Mar 2023", "rating": {"bg_color": "#346000", "title": "5"}}, {"user_name": "Kumar Ravinder", "user_image": "usr.image", "review_text": "BeautifulBeautiful hotel in Amritsar.", "date": "06 Mar 2023", "rating": {"bg_color": "#346000", "title": "5"}}, {"user_name": "Amar Jeet", "user_image": "usr.image", "review_text": "Beautiful location.", "date": "06 Mar 2023", "rating": {"bg_color": "#346000", "title": "5"}}, {"user_name": "Amarjeet Singh", "user_image": "usr.image", "review_text": "Beautiful hotel   in Amritsar", "date": "01 Mar 2023", "rating": {"bg_color": "#346000", "title": "5"}}, {"user_name": "Shyam Kishor", "user_image": "usr.image", "review_text": "Excellent  behaviour by hotel staff", "date": "28 Dec 2022", "rating": {"bg_color": "#346000", "title": "5"}}, {"user_name": "Kamlesh Lohana", "user_image": "usr.image", "review_text": "Near bustand perfect location as i want well deciplined staff good service and most of clean room and washroom feeled just like 5*****", "date": "21 Dec 2022", "rating": {"bg_color": "#346000", "title": "5"}}, {"user_name": "Murli Manohar", "user_image": "usr.image", "review_text": "Well mannered staffs", "date": "21 Dec 2022", "rating": {"bg_color": "#346000", "title": "5"}}, {"user_name": "Rohit kumar", "user_image": "usr.image", "review_text": "Very well service of hotel..\u2764\ufe0f good behaviour staff and manager behaviour is to good.\ud83d\ude0a Room was very clean and comfortable \ud83d\ude09", "date": "19 Dec 2022", "rating": {"bg_color": "#346000", "title": "5"}}, {"user_name": "Rohit kumar", "user_image": "usr.image", "review_text": "Good hotel axis inn good", "date": "26 Nov 2022", "rating": {"bg_color": "#346000", "title": "5"}}, {"user_name": "Amarjeet Singh", "user_image": "usr.image", "review_text": "Beautiful hotel staff so helpful", "date": "26 Nov 2022", "rating": {"bg_color": "#346000", "title": "5"}}, {"user_name": "Rajinder Singh", "user_image": "usr.image", "review_text": "Good for short stay, amenities need to be improved. Good location for all area approach.", "date": "02 Apr 2023", "rating": {"bg_color": "#58ac00", "title": "4"}}, {"user_name": "Danish Mehra", "user_image": "usr.image", "review_text": "Very helping staff , specially the receptionist, commendable service. Hotel room and washroom both are neat and clean. Had a great experience , Must try \ud83d\udc4d", "date": "30 Dec 2022", "rating": {"bg_color": "#58ac00", "title": "4"}}, {"user_name": "Harjit Singh", "user_image": "usr.image", "review_text": "Everything is good", "date": "17 Dec 2022", "rating": {"bg_color": "#58ac00", "title": "4"}}, {"user_name": "Deepak Dudeja", "user_image": "usr.image", "review_text": "Everything is good", "date": "10 Dec 2022", "rating": {"bg_color": "#58ac00", "title": "4"}}, {"user_name": "Jwala Singh", "user_image": "usr.image", "review_text": "Nice \u263a\ufe0f", "date": "12 Mar 2023", "rating": {"bg_color": "#8fc402", "title": "3"}}, {"user_name": "Nishant Kumar", "user_image": "usr.image", "review_text": "Room was neat and clean although washroom door was broken, also there was no charging socket available.", "date": "09 Jan 2023", "rating": {"bg_color": "#8fc402", "title": "3"}}, {"user_name": "Vipin", "user_image": "usr.image", "review_text": "Hotel not cleaning yet.\nStaff not cooperating to clean", "date": "26 Dec 2022", "rating": {"bg_color": "#feba00", "title": "2"}}, {"user_name": "Abhishek Paul", "user_image": "usr.image", "date": "21 May 2023", "rating": {"bg_color": "#ff4742", "title": "1"}, "user_image_feedback_list": [{"image_name": "20230520_153349df786f08-40a9-4edf-abf9-c0bc5d165b41.jpg", "image_url": "https://images.oyoroomscdn.com/ugc-feedback-uploads/20230520_153349df786f08-40a9-4edf-abf9-c0bc5d165b41.jpg", "type": "jpg", "uploaded_at": "2023-05-21", "image_id": "204517"}, {"image_name": "20230520_1533395e30ad98-2bbd-42d3-ba34-e83e9f3bd45e.jpg", "image_url": "https://images.oyoroomscdn.com/ugc-feedback-uploads/20230520_1533395e30ad98-2bbd-42d3-ba34-e83e9f3bd45e.jpg", "type": "jpg", "uploaded_at": "2023-05-21", "image_id": "204516"}]}, {"user_name": "Harsimran Singh", "user_image": "usr.image", "review_text": "disappointed this was my first booking with i have listened many things about that only used for worst but when I see i will never go & never suggest anyone to go there . My booking was confirmed 8th-9th April & i already informed that I will be there 9th Apr around 6 in morning single person when I reached 2 people sleeping in reception sofa & I show my booking he said don't have rooms all rooms are full plz call OYO when I speak to OYO customer service the executive call the hotelier & sort out & allowed . The staff highle uneducated don't ask to sit the both people sleeping front of me. pathetic Rest I will share the pics everyone can see . The most important part when I entered the washroom worst condition", "date": "16 Apr 2023", "rating": {"bg_color": "#ff4742", "title": "1"}}]}}]