[{"data": {"title": "2 Verified Reviews", "rating_data": {"title": "4.3", "bg_color": "#58ac00", "tag": "Very Good", "subtitle": "8 ratings on verified stays by guests"}, "sort_options": [{"type": "date-high", "title": "Recent reviews"}, {"type": "rating-high", "title": "High to low ratings"}, {"type": "rating-low", "title": "Low to high ratings"}], "is_last": true, "reviews": [{"user_name": "Bhagwant Singh", "user_image": "usr.image", "review_text": "Perfect place at perfect price. \nNeat and clean rooms", "date": "22 Apr 2023", "rating": {"bg_color": "#346000", "title": "5"}, "user_image_feedback_list": [{"image_name": "JPEG_20230422_103912_52011005772556548974c830a7f-f934-4aeb-a53b-c0294e3e8e3b.jpg", "image_url": "https://images.oyoroomscdn.com/ugc-feedback-uploads/JPEG_20230422_103912_52011005772556548974c830a7f-f934-4aeb-a53b-c0294e3e8e3b.jpg", "type": "jpg", "uploaded_at": "2023-04-22", "image_id": "196435"}]}, {"user_name": "RAJKUMAR", "user_image": "usr.image", "review_text": "Very nice Hotel and also staff \nVery good behaviour of owner", "date": "16 Apr 2023", "rating": {"bg_color": "#346000", "title": "5"}}]}}]