[{"data": {"title": "1 Verified Reviews", "rating_data": {"title": "3.4", "bg_color": "#8fc402", "tag": "Fair", "subtitle": "4 ratings on verified stays by guests"}, "sort_options": [{"type": "date-high", "title": "Recent reviews"}, {"type": "rating-high", "title": "High to low ratings"}, {"type": "rating-low", "title": "Low to high ratings"}], "is_last": true, "reviews": [{"user_name": "Darshan", "user_image": "usr.image", "review_text": "Bad service from oyo. Room was not available.", "date": "10 Apr 2023", "rating": {"bg_color": "#ff4742", "title": "1"}}]}}]