[{"data": {"title": "85 Verified Reviews", "rating_data": {"title": "3.3", "bg_color": "#8fc402", "tag": "Fair", "subtitle": "279 ratings on verified stays by guests"}, "sort_options": [{"type": "date-high", "title": "Recent reviews"}, {"type": "rating-high", "title": "High to low ratings"}, {"type": "rating-low", "title": "Low to high ratings"}], "is_last": true, "reviews": [{"user_name": "Ravinder Shergill", "user_image": "usr.image", "review_text": "only buy bottle water and everything else from outsidevalue for money.nothing", "date": "16 Apr 2023", "rating": {"bg_color": "#346000", "title": "5"}}, {"user_name": "Bhajanpal Singh", "user_image": "usr.image", "review_text": "Very good property ultimate view's at night on top floor\n& very good nature all Staf & Manager I feel very Happy.", "date": "06 Apr 2023", "rating": {"bg_color": "#346000", "title": "5"}}, {"user_name": "Ajay Kumar", "user_image": "usr.image", "review_text": "Small size room , but so beautiful room . Need and clean room, fast room service good, good behaviour sataf,", "date": "29 Mar 2023", "rating": {"bg_color": "#346000", "title": "5"}}, {"user_name": "Shivam Sopori", "user_image": "usr.image", "review_text": "Good experience.", "date": "07 Mar 2023", "rating": {"bg_color": "#346000", "title": "5"}}, {"user_name": "ganesh shetty", "user_image": "usr.image", "review_text": "Excellent stay", "date": "05 Jan 2023", "rating": {"bg_color": "#346000", "title": "5"}}, {"user_name": "AVIK GUPTA", "user_image": "usr.image", "review_text": "Great place to stay... Very near to temple.. Good behaviour", "date": "22 Nov 2022", "rating": {"bg_color": "#346000", "title": "5"}}, {"user_name": "Karan Dhiman", "user_image": "usr.image", "review_text": "Very nice room and I like water your facilities cleanliness. staff is very very nice and honest ,we felt very comfortable  in your hotel.", "date": "22 Nov 2022", "rating": {"bg_color": "#346000", "title": "5"}}, {"user_name": "Dhananjay Singh", "user_image": "usr.image", "review_text": "Hotel was very good. Service was very good. Receptionist tone was not good. They allowed me to keep by bags after check out , because my train was late. No view of golden temple(may be from my room). Bed was good . Room Keys are very heavy difficult to keep in pocket \ud83e\udd20. Guys are very helpful any time any thing just call them and they are ready to help.", "date": "21 Nov 2022", "rating": {"bg_color": "#346000", "title": "5"}, "user_image_feedback_list": [{"image_name": "IMG_20221117_12544169101154-4015-45fa-8ff3-01c5316d80bf.jpg", "image_url": "https://images.oyoroomscdn.com/ugc-feedback-uploads/IMG_20221117_12544169101154-4015-45fa-8ff3-01c5316d80bf.jpg", "type": "jpg", "uploaded_at": "2022-11-21", "image_id": "146643"}, {"image_name": "IMG_20221117_13223739d20881-81f6-491c-9984-eae975a45501.jpg", "image_url": "https://images.oyoroomscdn.com/ugc-feedback-uploads/IMG_20221117_13223739d20881-81f6-491c-9984-eae975a45501.jpg", "type": "jpg", "uploaded_at": "2022-11-21", "image_id": "146645"}, {"image_name": "IMG_20221117_1945305ed8b331-d65b-44c9-a539-46bcf3414dd7.jpg", "image_url": "https://images.oyoroomscdn.com/ugc-feedback-uploads/IMG_20221117_1945305ed8b331-d65b-44c9-a539-46bcf3414dd7.jpg", "type": "jpg", "uploaded_at": "2022-11-21", "image_id": "146641"}, {"image_name": "IMG_20221118_09350346ffed45-bab1-4265-99f2-993b18b25ef6.jpg", "image_url": "https://images.oyoroomscdn.com/ugc-feedback-uploads/IMG_20221118_09350346ffed45-bab1-4265-99f2-993b18b25ef6.jpg", "type": "jpg", "uploaded_at": "2022-11-21", "image_id": "146642"}]}, {"user_name": "Manpreet Singh", "user_image": "usr.image", "review_text": "Excellent rooms and staff", "date": "21 Nov 2022", "rating": {"bg_color": "#346000", "title": "5"}}, {"user_name": "Anand Singh", "user_image": "usr.image", "review_text": "Rooms and washroom is clean , hotel is with lift and wifi facilities, nice service and behaviour of staff is also very good", "date": "19 Nov 2022", "rating": {"bg_color": "#346000", "title": "5"}}, {"user_name": "Kashish Sharma", "user_image": "usr.image", "review_text": "Hotel staff was friendly nd rooms were neat nd clean", "date": "12 Oct 2022", "rating": {"bg_color": "#346000", "title": "5"}}, {"user_name": "Narinder Singh", "user_image": "usr.image", "review_text": "Nice hotel..... Value for Money .. ...good staff.........    .. located very near to Golden temple...", "date": "28 Aug 2022", "rating": {"bg_color": "#346000", "title": "5"}}, {"user_name": "Sandeep AnilSingh", "user_image": "usr.image", "review_text": "\u201clove every bit of stay. they go above and beyond to make our stay comfortable specially with an infant; they let us use\u201d\n\u201cIf i visiting Amritsar again, now I know where to stay. \n\u201cAmazing services, location and cleanliness!\u201d hotel is Wifi enable with centralised air- conditions.", "date": "22 Aug 2022", "rating": {"bg_color": "#346000", "title": "5"}, "user_image_feedback_list": [{"image_name": "IMG_20220820_1949010387d831-9241-4a1c-9674-f1ee259f7735.jpg", "image_url": "https://images.oyoroomscdn.com/ugc-feedback-uploads/IMG_20220820_1949010387d831-9241-4a1c-9674-f1ee259f7735.jpg", "type": "jpg", "uploaded_at": "2022-08-22", "image_id": "111128"}]}, {"user_name": "Hunny Bajaj", "user_image": "usr.image", "review_text": "Great !", "date": "18 Aug 2022", "rating": {"bg_color": "#346000", "title": "5"}}, {"user_name": "Sunny Yadav", "user_image": "usr.image", "review_text": "Room is luxury with all facilities,best hotel", "date": "10 Aug 2022", "rating": {"bg_color": "#346000", "title": "5"}}, {"user_name": "Irshad", "user_image": "usr.image", "review_text": "Amritsar Punjab golden temple view hotal but this mam extra charge", "date": "08 Aug 2022", "rating": {"bg_color": "#346000", "title": "5"}}, {"user_name": "sushil sawant", "user_image": "usr.image", "review_text": "Good service", "date": "05 Aug 2022", "rating": {"bg_color": "#346000", "title": "5"}, "user_image_feedback_list": [{"image_name": "IMG-20220804-WA000480d5cc43-5ebd-47d0-a9f1-9c06b45940e6.jpg", "image_url": "https://images.oyoroomscdn.com/ugc-feedback-uploads/IMG-20220804-WA000480d5cc43-5ebd-47d0-a9f1-9c06b45940e6.jpg", "type": "jpg", "uploaded_at": "2022-08-05", "image_id": "104581"}]}, {"user_name": "Dinesh Kumar", "user_image": "usr.image", "review_text": "Superb services.", "date": "04 Aug 2022", "rating": {"bg_color": "#346000", "title": "5"}}, {"user_name": "Mohit", "user_image": "usr.image", "review_text": "Great", "date": "27 Jul 2022", "rating": {"bg_color": "#346000", "title": "5"}}, {"user_name": "Sp Singh", "user_image": "usr.image", "review_text": "From property manager to the service staff, all are courteous and supportive. Rooms were decently clean and properly managed.", "date": "24 Jul 2022", "rating": {"bg_color": "#346000", "title": "5"}}, {"user_name": "Sunil Kumar", "user_image": "usr.image", "review_text": "reception ma'am and working staff behaviour so nice and service is too good at this price range best one", "date": "22 Jun 2022", "rating": {"bg_color": "#346000", "title": "5"}, "user_image_feedback_list": [{"image_name": "hotel_image_60b0471e-65dd-4736-8f37-28dc3e27fb64788419977589145064.jpeg", "image_url": "https://images.oyoroomscdn.com/ugc-feedback-uploads/hotel_image_60b0471e-65dd-4736-8f37-28dc3e27fb64788419977589145064.jpeg", "type": "jpeg", "uploaded_at": "2022-06-22", "image_id": "86223"}, {"image_name": "hotel_image_60b0471e-65dd-4736-8f37-28dc3e27fb641361737479349946625.jpeg", "image_url": "https://images.oyoroomscdn.com/ugc-feedback-uploads/hotel_image_60b0471e-65dd-4736-8f37-28dc3e27fb641361737479349946625.jpeg", "type": "jpeg", "uploaded_at": "2022-06-22", "image_id": "86222"}]}, {"user_name": "Ajay Singh", "user_image": "usr.image", "review_text": "Good", "date": "03 Jun 2022", "rating": {"bg_color": "#346000", "title": "5"}}, {"user_name": "Amrita Maan", "user_image": "usr.image", "review_text": "The stay was good and comfortable..It was very near to the golden temple..fulfilled my purpose of the stay.", "date": "25 Apr 2023", "rating": {"bg_color": "#58ac00", "title": "4"}}, {"user_name": "Raghavendra Rao", "user_image": "usr.image", "review_text": "The rooms were decent. But, locating the hotel was a very tough job. There should be signboard on the main street.", "date": "20 Mar 2023", "rating": {"bg_color": "#58ac00", "title": "4"}}, {"user_name": "Anuj Thapliyal", "user_image": "usr.image", "review_text": "Cleaning and room service was good,", "date": "18 Mar 2023", "rating": {"bg_color": "#58ac00", "title": "4"}}, {"user_name": "akhileshwar kumar", "user_image": "usr.image", "review_text": "Room very good & location is too very good, only 2 minute distance golden temple, staf behaiv good", "date": "13 Mar 2023", "rating": {"bg_color": "#58ac00", "title": "4"}}, {"user_name": "PRATHAMESH", "user_image": "usr.image", "review_text": "Staff was good and helpful even property manager is nice person. Had a good time in this hotel.", "date": "05 Mar 2023", "rating": {"bg_color": "#58ac00", "title": "4"}}, {"user_name": "Shajid", "user_image": "usr.image", "review_text": "Rooms need to clean.\nWashroom doors to be repaired", "date": "15 Jan 2023", "rating": {"bg_color": "#58ac00", "title": "4"}}, {"user_name": "uppiliraj uppiliraj", "user_image": "usr.image", "review_text": "Good place to stay very near by Golden Temple.. Room facility fine... But hot water need to bring bucket", "date": "28 Dec 2022", "rating": {"bg_color": "#58ac00", "title": "4"}}, {"user_name": "Rateesh Ranjan", "user_image": "usr.image", "review_text": "Nice stay at this hotel. Very near to Harmandir sahab Golden Temple just around 250 mtrs. Recommended for stay near temple.", "date": "21 Nov 2022", "rating": {"bg_color": "#58ac00", "title": "4"}}, {"user_name": "Gurdev Singh", "user_image": "usr.image", "review_text": "Room was clean and near my target so i was satisfied", "date": "10 Oct 2022", "rating": {"bg_color": "#58ac00", "title": "4"}}, {"user_name": "Sunil Kumar", "user_image": "usr.image", "review_text": "good hotel, nice staff, clean room and easy to reach. polite behaviour. room service. dining.", "date": "22 Sep 2022", "rating": {"bg_color": "#58ac00", "title": "4"}}, {"user_name": "Ravi Kant", "user_image": "usr.image", "review_text": "Very good room\nVery near Darshan baba ji", "date": "12 Sep 2022", "rating": {"bg_color": "#58ac00", "title": "4"}, "user_image_feedback_list": [{"image_name": "JPEG_20220912_103129_17594486731516989915b53a282-d412-4a42-a099-bb645c36f099.jpg", "image_url": "https://images.oyoroomscdn.com/ugc-feedback-uploads/JPEG_20220912_103129_17594486731516989915b53a282-d412-4a42-a099-bb645c36f099.jpg", "type": "jpg", "uploaded_at": "2022-09-12", "image_id": "118474"}]}, {"user_name": "Nishant Choudhary", "user_image": "usr.image", "review_text": "Good hotel but they allow only 2 people, you have to pay extra for third person even after mentioning it while booking.", "date": "20 Jul 2022", "rating": {"bg_color": "#58ac00", "title": "4"}}, {"user_name": "SAIBAL MONDAL", "user_image": "usr.image", "review_text": "Above average hotel at this price point. Very close to Golden Temple.Rooms are cozy and comfortable.Ac not working properly. Management and staffs are friendly.Thumbs Up.", "date": "11 Jun 2022", "rating": {"bg_color": "#58ac00", "title": "4"}}, {"user_name": "Harry", "user_image": "usr.image", "date": "24 May 2023", "rating": {"bg_color": "#8fc402", "title": "3"}, "user_image_feedback_list": [{"image_name": "JPEG_20230524_174753_60926289203209420095e3e7400-d820-4560-bf1d-465fa0558107.jpg", "image_url": "https://images.oyoroomscdn.com/ugc-feedback-uploads/JPEG_20230524_174753_60926289203209420095e3e7400-d820-4560-bf1d-465fa0558107.jpg", "type": "jpg", "uploaded_at": "2023-05-24", "image_id": "205389"}]}, {"user_name": "Meera", "user_image": "usr.image", "date": "23 May 2023", "rating": {"bg_color": "#8fc402", "title": "3"}, "user_image_feedback_list": [{"image_name": "IMG202305231047435f1a8151-82c5-400d-8665-70e63f84e924.jpg", "image_url": "https://images.oyoroomscdn.com/ugc-feedback-uploads/IMG202305231047435f1a8151-82c5-400d-8665-70e63f84e924.jpg", "type": "jpg", "uploaded_at": "2023-05-23", "image_id": "205204"}]}, {"user_name": "Biplab Das", "user_image": "usr.image", "review_text": "I book this hotel temple view for two days. when I visit the hotel receptionist madam said I have too pay 500Rs extra for the room.so plz guys I request you never book.", "date": "26 Feb 2023", "rating": {"bg_color": "#8fc402", "title": "3"}}, {"user_name": "Rajneesh Vishwakarma", "user_image": "usr.image", "review_text": "Nothing was clean, bedsheet was not freeh, pillows were stinking, bathroom was dirty, no hot water in bathroom, TV channels not working and no intercom available\n\nStaff was polite.", "date": "18 Nov 2022", "rating": {"bg_color": "#8fc402", "title": "3"}}, {"user_name": "Krishna SDas", "user_image": "usr.image", "review_text": "Okk", "date": "08 Nov 2022", "rating": {"bg_color": "#8fc402", "title": "3"}}, {"user_name": "satyaprakashsingh", "user_image": "usr.image", "review_text": "TV is not working\nJet in bathroom not working\nJust ok...", "date": "04 Nov 2022", "rating": {"bg_color": "#8fc402", "title": "3"}}, {"user_name": "Subir Datta", "user_image": "usr.image", "review_text": "Pros: Golden temple just 4 minutes walk, Lift, Central AC.\n\nCons: Room size small, no hot water facility, poor room service,", "date": "10 Oct 2022", "rating": {"bg_color": "#8fc402", "title": "3"}}, {"user_name": "Dalip", "user_image": "usr.image", "review_text": "wifi doesn't work and no separate ac for ac rooms", "date": "18 Jun 2022", "rating": {"bg_color": "#8fc402", "title": "3"}}, {"user_name": "Srimanta Rong", "user_image": "usr.image", "review_text": "service is slow", "date": "17 Jun 2022", "rating": {"bg_color": "#8fc402", "title": "3"}, "user_image_feedback_list": [{"image_name": "hotel_image_747868ba-a2aa-4f3e-8534-c0296f1d96e58251845222126632402.jpeg", "image_url": "https://images.oyoroomscdn.com/ugc-feedback-uploads/hotel_image_747868ba-a2aa-4f3e-8534-c0296f1d96e58251845222126632402.jpeg", "type": "jpeg", "uploaded_at": "2022-06-17", "image_id": "83647"}, {"image_name": "hotel_image_747868ba-a2aa-4f3e-8534-c0296f1d96e57244979602310444742.jpeg", "image_url": "https://images.oyoroomscdn.com/ugc-feedback-uploads/hotel_image_747868ba-a2aa-4f3e-8534-c0296f1d96e57244979602310444742.jpeg", "type": "jpeg", "uploaded_at": "2022-06-17", "image_id": "83646"}]}, {"user_name": "Paras Singh", "user_image": "usr.image", "review_text": "As compared to picture it was Okay but no Temple View as it's located internal and really bad experience with central AC system. We need to call again and again for getting temperature low.", "date": "06 Jun 2022", "rating": {"bg_color": "#8fc402", "title": "3"}, "user_image_feedback_list": [{"image_name": "hotel_image_c85907d5-1e43-4a1d-9161-6adf20b5fccb7540210110095570424.jpeg", "image_url": "https://images.oyoroomscdn.com/ugc-feedback-uploads/hotel_image_c85907d5-1e43-4a1d-9161-6adf20b5fccb7540210110095570424.jpeg", "type": "jpeg", "uploaded_at": "2022-06-06", "image_id": "77513"}, {"image_name": "hotel_image_c85907d5-1e43-4a1d-9161-6adf20b5fccb4046420906357766352.jpeg", "image_url": "https://images.oyoroomscdn.com/ugc-feedback-uploads/hotel_image_c85907d5-1e43-4a1d-9161-6adf20b5fccb4046420906357766352.jpeg", "type": "jpeg", "uploaded_at": "2022-06-06", "image_id": "77514"}]}, {"user_name": "Singh Lakhdeep", "user_image": "usr.image", "review_text": "It was okay but not value for money I spent..Only the location because it is located a few steps from Sri Darbar Sahib.Poor cleanliness, Staff is not attentive you have to ask them 3 to 4 times if you need something.", "date": "24 Apr 2023", "rating": {"bg_color": "#feba00", "title": "2"}}, {"user_name": "Manjit Chaney", "user_image": "usr.image", "review_text": "PROS::    THE AREA IS VERY CALM.\n\n\nCONS:::: 1. DONT KNOW WHAT KIND OF FABRIC SHOULD BE PROVIDED IN APRIL\n2. WEAKEST WIFI COVERAGE\n3. DID NOT TELL PRO ACTIVELY ABOUT HOW TO OPERATE GEYSER WHICH WAS CENTRALIZED ONE\n4. KEY RING WEGHT 500 GM ..... IMAGINE\n5. DID NOT ASK FOR WATER AT THE TIME OF CHECK IN", "date": "07 Apr 2023", "rating": {"bg_color": "#feba00", "title": "2"}}, {"user_name": "Ashu Agarwal", "user_image": "usr.image", "review_text": "Hotel is near only this is good other wise there is no gyzer and when we ask for hot water they give a bucket which is luke warm lift is not working properly \nI suggest you can see this hotel only in summers \nLocaion is very poor aas pass kuda hi kuda rhta h galj se bhar niklty hi", "date": "20 Feb 2023", "rating": {"bg_color": "#feba00", "title": "2"}}, {"user_name": "Manpreet Kaur", "user_image": "usr.image", "review_text": "The services were not at all good. There was no room service. The lights in the room were extremely dim and the geyser didn't work properly.", "date": "17 Jan 2023", "rating": {"bg_color": "#feba00", "title": "2"}}, {"user_name": "nakusha Saindane", "user_image": "usr.image", "review_text": "Stay wasn't as pleasant as expected. Location wise very close to golden temple. Service was not that great. We had to wake up hotel staff for hot water and literally have to wait around 2 hours for hot water, which eventually was next to cold.", "date": "24 Dec 2022", "rating": {"bg_color": "#feba00", "title": "2"}}, {"user_name": "Apoorva Johri", "user_image": "usr.image", "review_text": "No socket was working.", "date": "06 Dec 2022", "rating": {"bg_color": "#feba00", "title": "2"}}, {"user_name": "Gagandeep", "user_image": "usr.image", "review_text": "No Tv amenity\nNo geyser\nRoom size extremely small\nUnclean bedsheets", "date": "11 Oct 2022", "rating": {"bg_color": "#feba00", "title": "2"}}, {"user_name": "Vivekkumar Tripathi", "user_image": "usr.image", "review_text": "Nothing.Charged extra for early arrival even we checked out early too. Staff not supportive. Towel is dirty and in worn out condition,  bathroom lock not working, pillow &amp; bed smelling very bad. Disappointed with the service.", "date": "28 Apr 2023", "rating": {"bg_color": "#ff4742", "title": "1"}}, {"user_name": "arora mahima", "user_image": "usr.image", "review_text": "Everything was very disappointing from booking to checkout Everything was so bad, poor services ,poor staff, we have booked one deluxe room and they charged approximately 3000 rs and it was supposed to be big but this hotel scammed us by providing the smallest room of all and said we have these type of room only, overall experience was so bad and poor \ud83d\udc4e\ud83d\udc4e\ud83d\udc4e\ud83d\udc4e\ud83d\udc4eif i had an option of rate this hotel to minus i will give that rating to this hotel, very bad experience with hotel temple view.", "date": "24 Apr 2023", "rating": {"bg_color": "#ff4742", "title": "1"}}, {"user_name": "Yash Jivnani", "user_image": "usr.image", "review_text": "WROST HOTEL I SEEN IN MY TRAVELLING LIFE.No cleaness..small snake found in bathrooms.only 1 tiny small light which is not so good ..cleaness is wrost i seen..and the AC is centralised which is not so powerfull..and location is back side of the temple which is far from the temple ..dont book this hotel you will feel discnfort after stay.", "date": "23 Apr 2023", "rating": {"bg_color": "#ff4742", "title": "1"}}, {"user_name": "Dipesh", "user_image": "usr.image", "review_text": "Very bad Experience , hotel is Asking more money than Oyo app .. What is this . oyo making frauds . Oyo is losing Trust from customers . very bad Experience . \n\n\nworst .. Oyo service", "date": "22 Apr 2023", "rating": {"bg_color": "#ff4742", "title": "1"}}, {"user_name": "Balraj Chopra", "user_image": "usr.image", "review_text": "I really had very bad experience at hotel dirty bed sheets, room was full of mosquitoes. We ask to change bed sheets they bring bed sheets they were dirty too. Won\u9225\u6a9b recommend to stay at this property at all", "date": "17 Apr 2023", "rating": {"bg_color": "#ff4742", "title": "1"}}, {"user_name": "parth bathla", "user_image": "usr.image", "review_text": "Untidy rooms and even Tv was not working wifi also was not working also when we ask them to provide any things they just say we will provide but it does not comes\nWashrooms are also not clean even wipers are not there or any exhaust fans", "date": "10 Apr 2023", "rating": {"bg_color": "#ff4742", "title": "1"}}, {"user_name": "HIMANSHU SHARMA", "user_image": "usr.image", "review_text": "Everything is worst in hotel dirty rooms and unprofessional staff with arrogance", "date": "23 Mar 2023", "rating": {"bg_color": "#ff4742", "title": "1"}}, {"user_name": "rajat anand", "user_image": "usr.image", "review_text": "Unpleasant stay \nNot able to understand the situation\nActual time calculated by the time so if its late by 1 minute it will charged\nThis is un expected\nPlease its humble request to ensure some one problem and understand it....", "date": "16 Mar 2023", "rating": {"bg_color": "#ff4742", "title": "1"}}, {"user_name": "kishor singh", "user_image": "usr.image", "review_text": "Firstly they refused for booking then they give very small room but my booking was deluxe room", "date": "10 Mar 2023", "rating": {"bg_color": "#ff4742", "title": "1"}}, {"user_name": "Rahul Gupta", "user_image": "usr.image", "review_text": "Hi, our check in time was at 12 pm however we reached at 9am\ni agree there are hotels who charge for early check ins. I paid 300rs for early check in but, there is a certain way to talk to customers. So far i have never paid for early check in but i was ready to pay i asked few questions to owner but the response was rude. Also, there was no water provided in hotel room. Washroom was so untidy, after calling several times almost after 1and half hour they came to clean the washroom one of the worst experince i have had. No, thanks!", "date": "22 Feb 2023", "rating": {"bg_color": "#ff4742", "title": "1"}}, {"user_name": "Teji", "user_image": "usr.image", "review_text": "I have paid 200 extra of late cheqout 30 minutes.", "date": "12 Feb 2023", "rating": {"bg_color": "#ff4742", "title": "1"}}, {"user_name": "Gaurav Khandelwal", "user_image": "usr.image", "review_text": "Very bad poor facility", "date": "25 Jan 2023", "rating": {"bg_color": "#ff4742", "title": "1"}}, {"user_name": "Sachin Satwaskar", "user_image": "usr.image", "review_text": "No services", "date": "30 Dec 2022", "rating": {"bg_color": "#ff4742", "title": "1"}}, {"user_name": "Chaturvedi Vutukuru", "user_image": "usr.image", "review_text": "Property Owner was very rude and forced to pay directly to them than paying to Oyo", "date": "11 Dec 2022", "rating": {"bg_color": "#ff4742", "title": "1"}}, {"user_name": "Pushap Kapoor", "user_image": "usr.image", "review_text": "The worst experience ever, Staff doesn't have manners how to talk, Room was very dirty, (I had to ask them to clean it.) No room service at all, No hot water in the shower, (I have to call every time to ask for hot water).  Wi-Fi was not working, (When I report about Wi-Fi, they said it's not working from backend what can we do. But it was working on other floors, but they never suggested to change our room.)", "date": "06 Dec 2022", "rating": {"bg_color": "#ff4742", "title": "1"}}, {"user_name": "sumit kumar", "user_image": "usr.image", "review_text": "House keeping was not good", "date": "26 Nov 2022", "rating": {"bg_color": "#ff4742", "title": "1"}}, {"user_name": "Naveen Kanwar", "user_image": "usr.image", "review_text": "Room is not cleaned properly there was soffocating in room and bath towel is not provided.", "date": "14 Nov 2022", "rating": {"bg_color": "#ff4742", "title": "1"}}, {"user_name": "Ritesh Kashyap", "user_image": "usr.image", "review_text": "The hotel is situated in the interior every no cab or auto drops there. Very small rooms with stinky and low lighting. Blanket was smelling. No toiletteries were provided. Towels provided were also not upto the mark. Overall it was bad experience with oyo. Not expected this from oyo.", "date": "06 Nov 2022", "rating": {"bg_color": "#ff4742", "title": "1"}}, {"user_name": "AMAN CHHABRA", "user_image": "usr.image", "review_text": "The hotel management was very arrogant no respect at all,\nAlso the bigger issue was I booked this property on this confirmation that I can checkout at 2 pm but the hotel forced us to move out from the property this is really disappointed service from Oyo as well as the property I am really not going to refer someone from now onwards to use Oyo property.relaly felt cheated and harrassed", "date": "16 Oct 2022", "rating": {"bg_color": "#ff4742", "title": "1"}}, {"user_name": "Satya Sarkar", "user_image": "usr.image", "review_text": "Everything is ok but understanding system is 0%\ud83d\ude11", "date": "14 Oct 2022", "rating": {"bg_color": "#ff4742", "title": "1"}}, {"user_name": "Manash Ranjan", "user_image": "usr.image", "review_text": "Very bed stay. No tv , no geaser, very congested. Temple view is only name. No such view. We have stayed in oct 2022 with my family. Think twice before book. Oyo should maintain such check before tied up with properties.", "date": "03 Oct 2022", "rating": {"bg_color": "#ff4742", "title": "1"}}, {"user_name": "Charanpreet Singh", "user_image": "usr.image", "review_text": "Worst check in experience. Receptionist lady was very harsh . firstly she denied for online booking , threatened to pay extra as it was non refundable booking and i won't get money back and i paid 300 INR apart from my booking amount. AC was not working either. No one should book this property....", "date": "26 Aug 2022", "rating": {"bg_color": "#ff4742", "title": "1"}}, {"user_name": "Ashutosh Purushottam", "user_image": "usr.image", "review_text": "The hotel over all looks gudd, but the ac doesn't work on complete floors , as in the 3rd . And customer experience is veryyyy pooorr", "date": "23 Aug 2022", "rating": {"bg_color": "#ff4742", "title": "1"}}, {"user_name": "mohdzahid khan", "user_image": "usr.image", "review_text": "Worst room..n...extra 700pay....", "date": "18 Aug 2022", "rating": {"bg_color": "#ff4742", "title": "1"}}, {"user_name": "parminder", "user_image": "usr.image", "review_text": "Very poor", "date": "18 Aug 2022", "rating": {"bg_color": "#ff4742", "title": "1"}}, {"user_name": "Pradeep Kumar", "user_image": "usr.image", "review_text": "AC, TV, Geyser not working", "date": "16 Aug 2022", "rating": {"bg_color": "#ff4742", "title": "1"}}, {"user_name": "Sonu Pratap", "user_image": "usr.image", "review_text": "Nothing is good in that hotel , always AC is off by service man , and also 1 days ac not on due to electric not available. After ac on temp is not in control like ac , \nVery bad experience", "date": "16 Aug 2022", "rating": {"bg_color": "#ff4742", "title": "1"}}, {"user_name": "SHALINI CHAUDHARY", "user_image": "usr.image", "review_text": "Very bad. And the service is very poor", "date": "07 Aug 2022", "rating": {"bg_color": "#ff4742", "title": "1"}}, {"user_name": "Atul Laxman", "user_image": "usr.image", "review_text": "I was book forn3 person. But hotel staff charged 300/- rs extra for 3 person .. she is say to this cost is very low.. and also not provide hot Hotel for washroom..", "date": "07 Aug 2022", "rating": {"bg_color": "#ff4742", "title": "1"}}, {"user_name": "Manpreet Singh", "user_image": "usr.image", "review_text": "They charged extra money from me when I checked in", "date": "23 Jul 2022", "rating": {"bg_color": "#ff4742", "title": "1"}}, {"user_name": "Priyanshu", "user_image": "usr.image", "review_text": "Never book hotel from Oyo totally cheating to customer,amout will be paid but the hotel manager say paid once more nd your booking is not confirm,very bad app,no staff support from Oyo,Oyo is totally waste app for hotel booking", "date": "21 Jul 2022", "rating": {"bg_color": "#ff4742", "title": "1"}}, {"user_name": "Gurpreet Singh", "user_image": "usr.image", "review_text": "very bad experience. we booked 3 rooms from oyo  but they give 2 rooms us , when we argued they answeredthat don't book  from oyo if in cheaper price , and then we arange another hotel in night  for 2 person", "date": "03 Jul 2022", "rating": {"bg_color": "#ff4742", "title": "1"}}, {"user_name": "Aryan Sharma", "user_image": "usr.image", "review_text": "staff and receptionist is very bad they are very arrogant and disrespectful", "date": "05 Jun 2022", "rating": {"bg_color": "#ff4742", "title": "1"}}]}}]