[{"data": {"title": "5 Verified Reviews", "rating_data": {"title": "3.4", "bg_color": "#8fc402", "tag": "Fair", "subtitle": "12 ratings on verified stays by guests"}, "sort_options": [{"type": "date-high", "title": "Recent reviews"}, {"type": "rating-high", "title": "High to low ratings"}, {"type": "rating-low", "title": "Low to high ratings"}], "is_last": true, "reviews": [{"user_name": "ranjit singh", "user_image": "usr.image", "review_text": "Excellent", "date": "25 Dec 2022", "rating": {"bg_color": "#346000", "title": "5"}}, {"user_name": "ranjit singh", "user_image": "usr.image", "review_text": "Excellent", "date": "04 Dec 2022", "rating": {"bg_color": "#346000", "title": "5"}}, {"user_name": "Sushil Agarwal", "user_image": "usr.image", "review_text": "Ok", "date": "21 Apr 2023", "rating": {"bg_color": "#58ac00", "title": "4"}}, {"user_name": "Pawan Kumar", "user_image": "usr.image", "review_text": "Meal not provided by hotel staff. When we ask about the meal that was included in plan. Hotel staff say us to contact oyo customer care.", "date": "21 Mar 2023", "rating": {"bg_color": "#58ac00", "title": "4"}}, {"user_name": "Mozam Bhat", "user_image": "usr.image", "review_text": "Well ventilated Room.Staf was Good & well behaved. I winter u can ask for Hot water.Although room size is ok", "date": "13 Dec 2022", "rating": {"bg_color": "#58ac00", "title": "4"}}]}}]