[{"data": {"title": "11 Verified Reviews", "rating_data": {"title": "3.3", "bg_color": "#8fc402", "tag": "Fair", "subtitle": "33 ratings on verified stays by guests"}, "sort_options": [{"type": "date-high", "title": "Recent reviews"}, {"type": "rating-high", "title": "High to low ratings"}, {"type": "rating-low", "title": "Low to high ratings"}], "is_last": true, "reviews": [{"user_name": "Himanshu Dhiman", "user_image": "usr.image", "review_text": "Nice Furnituring , Cleaning .", "date": "01 Apr 2023", "rating": {"bg_color": "#346000", "title": "5"}}, {"user_name": "kulwant Singh", "user_image": "usr.image", "review_text": "comfortable stay", "date": "08 Jan 2023", "rating": {"bg_color": "#346000", "title": "5"}}, {"user_name": "Vikas Gupta", "user_image": "usr.image", "review_text": "Nice location and staff behaviour is good and very cooperative and hotel room is very neat and clean", "date": "26 Dec 2022", "rating": {"bg_color": "#346000", "title": "5"}}, {"user_name": "Balraj Singhmattu", "user_image": "usr.image", "review_text": "Nice", "date": "03 Jul 2022", "rating": {"bg_color": "#58ac00", "title": "4"}}, {"user_name": "Kissu Bawa", "user_image": "usr.image", "review_text": "The hotal staff is very nice check in and check out process is very easy. staff is very caring and helpfull. neat and clean rooms with full power AC. \nmust visit for this hotal.", "date": "10 Jun 2022", "rating": {"bg_color": "#58ac00", "title": "4"}}, {"user_name": "Ankit Kumar", "user_image": "usr.image", "review_text": "no tb . no staff service", "date": "20 Jun 2022", "rating": {"bg_color": "#8fc402", "title": "3"}}, {"user_name": "Ajit", "user_image": "usr.image", "review_text": "Not clean, hair and used bedsheet .", "date": "12 Jun 2022", "rating": {"bg_color": "#8fc402", "title": "3"}}, {"user_name": "Kuldeep Raina", "user_image": "usr.image", "review_text": "Smelling, then we were shifted to one hall", "date": "23 Mar 2023", "rating": {"bg_color": "#feba00", "title": "2"}}, {"user_name": "Arjun Kumar", "user_image": "usr.image", "review_text": "I am booked a room but I arrival in hotel and receptionist told me your booking is not show in hotel phones or computer etc my also paid in advance", "date": "12 Feb 2023", "rating": {"bg_color": "#ff4742", "title": "1"}}, {"user_name": "Varun Sharma", "user_image": "usr.image", "review_text": "Sub standard room and services. Following are key points:\n1. No heating in room in this cold weather.\n2. No kit for toothpaste, body lotion , shampoo.\n3. Over priced based on the service and location.\n4. No blanket just one thin layer of comforter.\n\nExtremely disappointed with the service.", "date": "26 Dec 2022", "rating": {"bg_color": "#ff4742", "title": "1"}}, {"user_name": "Sunil", "user_image": "usr.image", "review_text": "Very Bad Room Condition\nNot Tv Dish Available...\nVry Bad Bed Sheet ....\nBad Towel....\nNot Available drinking Water....", "date": "13 Dec 2022", "rating": {"bg_color": "#ff4742", "title": "1"}}]}}]