[{"data": {"title": "60 Verified Reviews", "rating_data": {"title": "3.0", "bg_color": "#8fc402", "tag": "Fair", "subtitle": "208 ratings on verified stays by guests"}, "sort_options": [{"type": "date-high", "title": "Recent reviews"}, {"type": "rating-high", "title": "High to low ratings"}, {"type": "rating-low", "title": "Low to high ratings"}], "is_last": true, "reviews": [{"user_name": "Gurpreet", "user_image": "usr.image", "review_text": "This is the very good experience for stay at their.the staff is very nice owner of the hotel is very kind and friendly.i like very much", "date": "13 Apr 2023", "rating": {"bg_color": "#346000", "title": "5"}}, {"user_name": "sandeep singh", "user_image": "usr.image", "review_text": "Nice place near by golden temple Amritsar near sweet shop near restaurant dalishya dinner ,lunch breakfast very nice and good service hotel management and stuff", "date": "07 Apr 2023", "rating": {"bg_color": "#346000", "title": "5"}}, {"user_name": "Roshan Chaudhary", "user_image": "usr.image", "review_text": "Owner / Property Manager is very nice, kind and helpful. He treats you like a family and even offered us to stay till late when our train was late. If you are looking for peaceful and hassle free stay, please stay here. Very good thing is that Golden temple (Sri Harmandir Sahib) and Jalianwala bagh is 5 min walking distance. You can also get hop on off bus from here.", "date": "19 Dec 2022", "rating": {"bg_color": "#346000", "title": "5"}, "user_image_feedback_list": [{"image_name": "IMG-20221219-WA0004717ab7b0-3e3b-4f65-849a-bc9df80f2b75.jpg", "image_url": "https://images.oyoroomscdn.com/ugc-feedback-uploads/IMG-20221219-WA0004717ab7b0-3e3b-4f65-849a-bc9df80f2b75.jpg", "type": "jpg", "uploaded_at": "2022-12-19", "image_id": "157170"}]}, {"user_name": "Sharry smalsar", "user_image": "usr.image", "review_text": "Very very awesome experience", "date": "30 Nov 2022", "rating": {"bg_color": "#346000", "title": "5"}}, {"user_name": "Abhay", "user_image": "usr.image", "review_text": "Very good staff behaviour", "date": "12 Nov 2022", "rating": {"bg_color": "#346000", "title": "5"}}, {"user_name": "Alok Kumar", "user_image": "usr.image", "review_text": "hotel owner and staff behaviour is very good and  very helpful.", "date": "18 Sep 2022", "rating": {"bg_color": "#346000", "title": "5"}}, {"user_name": "Tejpartap Singh", "user_image": "usr.image", "review_text": "The hospitality of the hotel was remarkable. 2 minute walking from the gurudwara sahib", "date": "22 Aug 2022", "rating": {"bg_color": "#346000", "title": "5"}}, {"user_name": "Pankaj Kumar Thakre", "user_image": "usr.image", "review_text": "All is best", "date": "19 Aug 2022", "rating": {"bg_color": "#346000", "title": "5"}}, {"user_name": "shobhit gupta", "user_image": "usr.image", "review_text": "The hotel was very nice,cleanliness was good\nThe owner of the hotel Mr.Manjit Singh ji is a very CO Operative person.\nMy experience was very good.\nAll of you are requested to have fun by booking the hotel once.", "date": "17 Aug 2022", "rating": {"bg_color": "#346000", "title": "5"}}, {"user_name": "shubham rai", "user_image": "usr.image", "review_text": "Room condition was excellent and other which was provided by hotel unbelievable\n\nThank u Oyo team", "date": "25 Jul 2022", "rating": {"bg_color": "#346000", "title": "5"}}, {"user_name": "Vishal", "user_image": "usr.image", "review_text": "The room was very well", "date": "18 Jul 2022", "rating": {"bg_color": "#346000", "title": "5"}}, {"user_name": "Nilesh Chandwani", "user_image": "usr.image", "review_text": "Best", "date": "27 Jun 2022", "rating": {"bg_color": "#346000", "title": "5"}}, {"user_name": "Harsha Krishna", "user_image": "usr.image", "review_text": "Owner of this property is soo friendly and kind hearted. nProperty is just max 4 minutes walk from Golden temple. nRoom was clean and neat. The pillows are soo soft I had a great quality of sleep.", "date": "25 Jun 2022", "rating": {"bg_color": "#346000", "title": "5"}}, {"user_name": "Parvesh", "user_image": "usr.image", "review_text": "staff behaviour is very good", "date": "20 Jun 2022", "rating": {"bg_color": "#346000", "title": "5"}}, {"user_name": "Chandra kanth", "user_image": "usr.image", "review_text": "Surrounding are not clean inside is clean", "date": "08 Mar 2023", "rating": {"bg_color": "#58ac00", "title": "4"}}, {"user_name": "GurwinderSingh", "user_image": "usr.image", "review_text": "It's good cleaning is good owner is nice man", "date": "05 Mar 2023", "rating": {"bg_color": "#58ac00", "title": "4"}}, {"user_name": "Dalair Singh", "user_image": "usr.image", "review_text": "Good", "date": "09 Dec 2022", "rating": {"bg_color": "#58ac00", "title": "4"}}, {"user_name": "AMIT YADAV", "user_image": "usr.image", "review_text": "All ok", "date": "14 Nov 2022", "rating": {"bg_color": "#58ac00", "title": "4"}}, {"user_name": "Balaram Majhi", "user_image": "usr.image", "review_text": "Oyo Service very good, they solve instant solutions", "date": "19 Sep 2022", "rating": {"bg_color": "#58ac00", "title": "4"}}, {"user_name": "Nemu Dwivedi", "user_image": "usr.image", "review_text": "It's good for rest", "date": "31 Jul 2022", "rating": {"bg_color": "#58ac00", "title": "4"}}, {"user_name": "Ashok Kanojiya", "user_image": "usr.image", "review_text": "Location not good", "date": "06 Apr 2023", "rating": {"bg_color": "#8fc402", "title": "3"}}, {"user_name": "Rk Chakrabarty", "user_image": "usr.image", "review_text": "Room is good,neat and clean and the stuff behavior is good But the place is some odd area and the food is available in some distance.The manager is polite and helpful.", "date": "29 Mar 2023", "rating": {"bg_color": "#8fc402", "title": "3"}}, {"user_name": "abhishek Vishwakarma", "user_image": "usr.image", "review_text": "First of all staff of hotel was very supportive and helpful but it is located very remotely only ev battery rickshaw is accessible.", "date": "21 Jan 2023", "rating": {"bg_color": "#8fc402", "title": "3"}}, {"user_name": "Nitish Kumar", "user_image": "usr.image", "review_text": "Good staff but room height is too small and geyser & TV not working rest all good in this hotel cleaned rooms", "date": "01 Jan 2023", "rating": {"bg_color": "#8fc402", "title": "3"}}, {"user_name": "Kamia", "user_image": "usr.image", "review_text": "Place was good with minimal facility, no kitchen no iron box, and specially no clean towel and room was just okay. Oyo", "date": "15 Dec 2022", "rating": {"bg_color": "#8fc402", "title": "3"}}, {"user_name": "Surinder", "user_image": "usr.image", "review_text": "As per the site i opted for 1 meal lunch which was denied by Oyo manager and the hotel.bathroom cleanliness wasn't up to mark.room size was ok no tv as mentioned on site.", "date": "07 Dec 2022", "rating": {"bg_color": "#8fc402", "title": "3"}}, {"user_name": "Parminder", "user_image": "usr.image", "review_text": "Facilities very low", "date": "07 Dec 2022", "rating": {"bg_color": "#8fc402", "title": "3"}, "user_image_feedback_list": [{"image_name": "IMG20221205185418b38d6dc2-b143-4e08-98f2-0c5a0e3c3c41.jpg", "image_url": "https://images.oyoroomscdn.com/ugc-feedback-uploads/IMG20221205185418b38d6dc2-b143-4e08-98f2-0c5a0e3c3c41.jpg", "type": "jpg", "uploaded_at": "2022-12-07", "image_id": "152487"}, {"image_name": "IMG2022120518541416d6c889-7908-4223-9cb7-960e63ba479a.jpg", "image_url": "https://images.oyoroomscdn.com/ugc-feedback-uploads/IMG2022120518541416d6c889-7908-4223-9cb7-960e63ba479a.jpg", "type": "jpg", "uploaded_at": "2022-12-07", "image_id": "152488"}, {"image_name": "IMG20221205185503ff857ed1-c53b-4429-87e4-69064931dcc6.jpg", "image_url": "https://images.oyoroomscdn.com/ugc-feedback-uploads/IMG20221205185503ff857ed1-c53b-4429-87e4-69064931dcc6.jpg", "type": "jpg", "uploaded_at": "2022-12-07", "image_id": "152486"}]}, {"user_name": "sukh", "user_image": "usr.image", "review_text": "Location good near to Darbar Sahib only 3min da rasta staff bht vdiya hotel owner good behavior. Plzz visit this hotel.room all clean & fresh.", "date": "30 Nov 2022", "rating": {"bg_color": "#8fc402", "title": "3"}}, {"user_name": "Rajesh Pant", "user_image": "usr.image", "review_text": "Issues :- As promised No hair dryer ( on all 4 room) , tv not working ( on all 4 room) , charging point not working ( 0n 3 room) . Geyser not working ( on 1 room) . No availability of food . Location is not good however near to Golden temple.\n\nGood:- metress was good / comfortable . Caretaker (Anti ji) nature was good .", "date": "29 Nov 2022", "rating": {"bg_color": "#8fc402", "title": "3"}}, {"user_name": "gurinder singh", "user_image": "usr.image", "review_text": "Room is so, so not so good as compared to pitcher show. Must seen room before paying to hotal. Oyo should regularly chech room condition compared with pitcher.\nThanks", "date": "15 Nov 2022", "rating": {"bg_color": "#8fc402", "title": "3"}}, {"user_name": "Rakesh kumar", "user_image": "usr.image", "review_text": "Nice cleaning  and some problem bt everything is ok", "date": "13 Nov 2022", "rating": {"bg_color": "#8fc402", "title": "3"}}, {"user_name": "Deepesh Singh", "user_image": "usr.image", "review_text": "App is eally good & also easy to use at unknown places", "date": "07 Aug 2022", "rating": {"bg_color": "#8fc402", "title": "3"}}, {"user_name": "Hritik Suri", "user_image": "usr.image", "review_text": "Owner is nice .Location is not easy to find. Located inside the shady lanes and streets. Lots of dogs inside the street.", "date": "14 Jun 2022", "rating": {"bg_color": "#8fc402", "title": "3"}}, {"user_name": "Umesh Verma", "user_image": "usr.image", "review_text": "tv& wifi was not working properly. towel was dirty even bedsheet was not looking clean", "date": "30 May 2022", "rating": {"bg_color": "#8fc402", "title": "3"}}, {"user_name": "Puneet Bhardwaj", "user_image": "usr.image", "review_text": "Room clean water wash problem", "date": "08 Nov 2022", "rating": {"bg_color": "#feba00", "title": "2"}}, {"user_name": "atul", "user_image": "usr.image", "review_text": "Please don't book room because not 1st present window, no water,not good arrgement,not room service, totally test poor,\nDont waste time and money...", "date": "28 Jul 2022", "rating": {"bg_color": "#feba00", "title": "2"}}, {"user_name": "Aiswarya Sahoo", "user_image": "usr.image", "review_text": "Worst experience in my life", "date": "10 Jul 2022", "rating": {"bg_color": "#feba00", "title": "2"}}, {"user_name": "Sanjay Kumar", "user_image": "usr.image", "review_text": "Very bad", "date": "13 Apr 2023", "rating": {"bg_color": "#ff4742", "title": "1"}}, {"user_name": "gaurav khanna", "user_image": "usr.image", "review_text": "Hotel staff is very cooperative & nice but the Location of this Hotel is very Bad & rooms are also not so clean & Good, I am very disappointed with the location.", "date": "08 Apr 2023", "rating": {"bg_color": "#ff4742", "title": "1"}}, {"user_name": "Jageshwar Prasad", "user_image": "usr.image", "review_text": "Don't book hotel from oyo they are fooling costemer by providing these type of hotels", "date": "06 Apr 2023", "rating": {"bg_color": "#ff4742", "title": "1"}}, {"user_name": "Sandeep Singh", "user_image": "usr.image", "review_text": "we have the worst experience in staying with OYO first time..\nfirst time not satisfied with OYO..\nvery pathetic \ud83d\ude12", "date": "05 Apr 2023", "rating": {"bg_color": "#ff4742", "title": "1"}}, {"user_name": "Suchismitha", "user_image": "usr.image", "review_text": "One of the worst experiences. No transport facility from this property\nThis property is situated in a lane where only bicycle will be allowed. Very narrow lane and yes narrow rooms tooo\nTwo old aged people are running this property with out providing the basic amenities. You dont get toiletries, blankets(even if it is 6\u2022 outside)\nHere comes the main attraction of not having power for the entire day. Electric sockets didn\u2019t work for entire day which means u cant charge even your mobile\nIrresponsible owner. Not suitable for families\nPls dont trust the positive reviews written \nOnly suitable if you dont get any room in entire Amritsar", "date": "06 Dec 2022", "rating": {"bg_color": "#ff4742", "title": "1"}}, {"user_name": "Nupura Lakhan", "user_image": "usr.image", "review_text": "Location was close to golden temple but area was not good roads were very narrow so unable to reached there by vehicle our check in time was late around 12:30 at first they denied to enter though our payment and booking was done previously we called property owner and asked for 24 hours booking system and lastly they denied and charged more then rooms were not clean overall stay was bad.", "date": "04 Dec 2022", "rating": {"bg_color": "#ff4742", "title": "1"}}, {"user_name": "ajay kumar", "user_image": "usr.image", "review_text": "Nothing.They not accept booking.com", "date": "22 Sep 2022", "rating": {"bg_color": "#ff4742", "title": "1"}}, {"user_name": "919818344972 Singh", "user_image": "usr.image", "review_text": "I am cancelled immediately....", "date": "18 Sep 2022", "rating": {"bg_color": "#ff4742", "title": "1"}}, {"user_name": "Rohan Rawat", "user_image": "usr.image", "review_text": "Good place", "date": "16 Sep 2022", "rating": {"bg_color": "#ff4742", "title": "1"}}, {"user_name": "surjeet singh", "user_image": "usr.image", "review_text": "first me and my friend finding a room for 1 night stay in Amritsar but after lot of searching we found hotel which i rated poor because after booking the hotel i maked call on given number and owner name is deep and he told me room is available then we reached there and i said to manager we booked a room and manager said no room is available here and time was around 1'o clock and like us one group booked online room and they paid online and manager said he was not going to refund the amount therefore it was very awful expriece for all of us.Thanks for asking feedback i hope oyo staff will try to improve it.", "date": "12 Sep 2022", "rating": {"bg_color": "#ff4742", "title": "1"}}, {"user_name": "Ravish Kumar", "user_image": "usr.image", "review_text": "There was nothing in the hotel. Was charged extra for the AC room. No meals.Everything", "date": "19 Aug 2022", "rating": {"bg_color": "#ff4742", "title": "1"}}, {"user_name": "Subham Kumar", "user_image": "usr.image", "review_text": "The hotel says that they don't accept booking from OYO on the next day of confirmation. They demanded for extra money for the stay in the mid of night and forced to leave the room . They asked for the same amount in the next night for the stay as claiming that it was of one day cost. They asked to pay the amount in Cash only and denied taking it online. And in the night they switched off the power plug of the AC and charging points. No cleaning was done on the next day of visit.", "date": "12 Aug 2022", "rating": {"bg_color": "#ff4742", "title": "1"}}, {"user_name": "Deepak", "user_image": "usr.image", "review_text": "Very bad service and worst experience. \nHotel denied to accept my booking. \nThey charged me more.\n4x to the booking amount.\n\nExtremely unsatisfactory.", "date": "11 Aug 2022", "rating": {"bg_color": "#ff4742", "title": "1"}}, {"user_name": "Sandesh Kumar", "user_image": "usr.image", "review_text": "Fraud company Booking.comFraud company booking.com don&#39;t ever booked any room from this.Not provided room while checkin and bad customer care service of booking.com", "date": "03 Aug 2022", "rating": {"bg_color": "#ff4742", "title": "1"}}, {"user_name": "karan sharma", "user_image": "usr.image", "review_text": "Firstly this hotel's staff is very rude and don't have manners how deal and talk with customer. I have booked room through oyo the manager denied to give room. I was talk with oyo customer service but they didn't help me. Oyo and this hotel's service is very poor.", "date": "25 Jul 2022", "rating": {"bg_color": "#ff4742", "title": "1"}}, {"user_name": "Gurneel Singh", "user_image": "usr.image", "review_text": "There were no ac facility and many problem occured there. Very bad experience.", "date": "20 Jul 2022", "rating": {"bg_color": "#ff4742", "title": "1"}}, {"user_name": "Prince Sehgal", "user_image": "usr.image", "review_text": "Deep guest house is the worst hotel in amritsar i had booked a room from oyo in the afternoon and they didn't give me room and didn't even give money by harassing me", "date": "11 Jul 2022", "rating": {"bg_color": "#ff4742", "title": "1"}}, {"user_name": "Praveen Yadav", "user_image": "usr.image", "review_text": "Don&#39;t book this oyo roomNothing.They charged me extra 300rs for AC room.", "date": "06 Jul 2022", "rating": {"bg_color": "#ff4742", "title": "1"}}, {"user_name": "Gourav", "user_image": "usr.image", "review_text": "he demand for cash and denied online payment", "date": "28 Jun 2022", "rating": {"bg_color": "#ff4742", "title": "1"}}, {"user_name": "Gourav Chouhan", "user_image": "usr.image", "review_text": "Worst ever hotel i have stayed in. Room was dirty, washroom floor and toilet seat was very dirty. Room floor was very dirty. There were hairs in the whole room. Bedsheet and blanket was full of hairs. Room was very small, there was no space for even walk and so as with washroom. There was a tv in room and it was not working. the overall experience was too bad. i wont recommend this hotel to anyone.", "date": "26 Jun 2022", "rating": {"bg_color": "#ff4742", "title": "1"}, "user_image_feedback_list": [{"image_name": "hotel_image_000876ed-86ed-4881-be4d-9b2f9c0e220d1539606176258850247.jpeg", "image_url": "https://images.oyoroomscdn.com/ugc-feedback-uploads/hotel_image_000876ed-86ed-4881-be4d-9b2f9c0e220d1539606176258850247.jpeg", "type": "jpeg", "uploaded_at": "2022-06-26", "image_id": "87842"}]}, {"user_name": "Jatin Jangra", "user_image": "usr.image", "review_text": "the room height is literally 6ft onlu, how can one stay there.", "date": "07 Jun 2022", "rating": {"bg_color": "#ff4742", "title": "1"}}, {"user_name": "Param", "user_image": "usr.image", "review_text": "very very poor service.. no cleanliness of rooms n bathrooms and wen asked to clean they charged extra services for tat. No room service\n available... Horrible experience. Request u all nt to go for this guest house.", "date": "05 Jun 2022", "rating": {"bg_color": "#ff4742", "title": "1"}}, {"user_name": "Pankaj", "user_image": "usr.image", "review_text": "not good", "date": "03 Jun 2022", "rating": {"bg_color": "#ff4742", "title": "1"}}]}}]