[{"data": {"title": "6 Verified Reviews", "rating_data": {"title": "3.6", "bg_color": "#b4da55", "tag": "Good", "subtitle": "46 ratings on verified stays by guests"}, "sort_options": [{"type": "date-high", "title": "Recent reviews"}, {"type": "rating-high", "title": "High to low ratings"}, {"type": "rating-low", "title": "Low to high ratings"}], "is_last": true, "reviews": [{"user_name": "Samay Kale", "user_image": "usr.image", "review_text": "The hotel location is very good, near from nagaon beach, rooms are cleaned, food was very good, hotel staff is polite.", "date": "28 Dec 2022", "rating": {"bg_color": "#346000", "title": "5"}}, {"user_name": "Rahul", "user_image": "usr.image", "review_text": "Room is amazing", "date": "25 Jun 2022", "rating": {"bg_color": "#346000", "title": "5"}}, {"user_name": "Yash Wable", "user_image": "usr.image", "review_text": "Food is a bit costly. Otherwise everything is good. Staff behaviour was good too.", "date": "06 Feb 2023", "rating": {"bg_color": "#58ac00", "title": "4"}}, {"user_name": "Abhishek Raja", "user_image": "usr.image", "review_text": "3rd class service and it wasn't same as we look it\nWhole night i was not able to sleep because of mostaque and insects", "date": "15 Aug 2022", "rating": {"bg_color": "#ff4742", "title": "1"}, "user_image_feedback_list": [{"image_name": "IMG-20220814-WA0006cde33a4d-6e52-4e44-aa4f-244a2da4c17e.jpg", "image_url": "https://images.oyoroomscdn.com/ugc-feedback-uploads/IMG-20220814-WA0006cde33a4d-6e52-4e44-aa4f-244a2da4c17e.jpg", "type": "jpg", "uploaded_at": "2022-08-15", "image_id": "108496"}, {"image_name": "IMG-20220814-WA0007eb7b67f3-64ec-408a-b534-b531efee6b2c.jpg", "image_url": "https://images.oyoroomscdn.com/ugc-feedback-uploads/IMG-20220814-WA0007eb7b67f3-64ec-408a-b534-b531efee6b2c.jpg", "type": "jpg", "uploaded_at": "2022-08-15", "image_id": "108498"}, {"image_name": "IMG-20220814-WA0001987c24a2-37fe-4041-9ad2-60fc349e0631.jpg", "image_url": "https://images.oyoroomscdn.com/ugc-feedback-uploads/IMG-20220814-WA0001987c24a2-37fe-4041-9ad2-60fc349e0631.jpg", "type": "jpg", "uploaded_at": "2022-08-15", "image_id": "108495"}, {"image_name": "IMG-20220814-WA0004521014e4-b01d-488d-b263-5ffecd8d0a8e.jpg", "image_url": "https://images.oyoroomscdn.com/ugc-feedback-uploads/IMG-20220814-WA0004521014e4-b01d-488d-b263-5ffecd8d0a8e.jpg", "type": "jpg", "uploaded_at": "2022-08-15", "image_id": "108499"}, {"image_name": "IMG-20220814-WA00026f0c7739-ef9a-4b38-b38a-65e853bec52a.jpg", "image_url": "https://images.oyoroomscdn.com/ugc-feedback-uploads/IMG-20220814-WA00026f0c7739-ef9a-4b38-b38a-65e853bec52a.jpg", "type": "jpg", "uploaded_at": "2022-08-15", "image_id": "108500"}, {"image_name": "IMG-20220814-WA0003c001e01b-3452-4d9c-b68b-80ba2fc87b26.jpg", "image_url": "https://images.oyoroomscdn.com/ugc-feedback-uploads/IMG-20220814-WA0003c001e01b-3452-4d9c-b68b-80ba2fc87b26.jpg", "type": "jpg", "uploaded_at": "2022-08-15", "image_id": "108501"}, {"image_name": "IMG-20220814-WA00053eb176c5-365d-48a8-8477-0fb2121a33a0.jpg", "image_url": "https://images.oyoroomscdn.com/ugc-feedback-uploads/IMG-20220814-WA00053eb176c5-365d-48a8-8477-0fb2121a33a0.jpg", "type": "jpg", "uploaded_at": "2022-08-15", "image_id": "108497"}]}, {"user_name": "Vishal", "user_image": "usr.image", "review_text": "I wish I could give no stars.. I had only one option, I can give only one star. this place doesn't deserve even single star. tried reaching customer care however no response from them. I wish some one could help me on this. I want my money back. insects around the room,inside the room, so much I need to say, I really don't know how can I mention all these here as I need a big space to write everything.", "date": "19 Jun 2022", "rating": {"bg_color": "#ff4742", "title": "1"}}, {"user_name": "Prince Kumar", "user_image": "usr.image", "review_text": "unsafe.\nour room's door open out side where no fences.\nno TV\nno dustbin", "date": "12 Jun 2022", "rating": {"bg_color": "#ff4742", "title": "1"}, "user_image_feedback_list": [{"image_name": "hotel_image_c07a811c-2753-4946-bc5d-5e328a8ba59a5203989267418888845.jpeg", "image_url": "https://images.oyoroomscdn.com/ugc-feedback-uploads/hotel_image_c07a811c-2753-4946-bc5d-5e328a8ba59a5203989267418888845.jpeg", "type": "jpeg", "uploaded_at": "2022-06-12", "image_id": "80584"}, {"image_name": "hotel_image_c07a811c-2753-4946-bc5d-5e328a8ba59a8118210408274787206.jpeg", "image_url": "https://images.oyoroomscdn.com/ugc-feedback-uploads/hotel_image_c07a811c-2753-4946-bc5d-5e328a8ba59a8118210408274787206.jpeg", "type": "jpeg", "uploaded_at": "2022-06-12", "image_id": "80585"}]}]}}]