[{"data": {"title": "10 Verified Reviews", "rating_data": {"title": "3.4", "bg_color": "#8fc402", "tag": "Fair", "subtitle": "61 ratings on verified stays by guests"}, "sort_options": [{"type": "date-high", "title": "Recent reviews"}, {"type": "rating-high", "title": "High to low ratings"}, {"type": "rating-low", "title": "Low to high ratings"}], "is_last": true, "reviews": [{"user_name": "Rajkumar Mallah", "user_image": "usr.image", "review_text": "Peace full place, very outside room was clean neat, and my partner told me, it is very wonderful place \u00f0\u0178\u02dc\u0160\u00f0\u0178\u2019\u00af\u00e2\u009d\u00a4\u00ef\u00b8\u008f.... Thanks OYO", "date": "11 Sep 2022", "rating": {"bg_color": "#346000", "title": "5"}}, {"user_name": "devendra Sharma", "user_image": "usr.image", "review_text": "Hotel is perfect as I expect from photos. Food also is amazing .", "date": "28 Aug 2022", "rating": {"bg_color": "#346000", "title": "5"}}, {"user_name": "Ajay", "user_image": "usr.image", "review_text": "food.......is delicious", "date": "04 Jun 2022", "rating": {"bg_color": "#346000", "title": "5"}}, {"user_name": "Ankit Tripathi", "user_image": "usr.image", "review_text": "The room was big with balcony. The amenities were less though. The location is a little remote. Food was good home made food.", "date": "22 Nov 2022", "rating": {"bg_color": "#58ac00", "title": "4"}}, {"user_name": "Yogesh", "user_image": "usr.image", "review_text": "Good service", "date": "06 Nov 2022", "rating": {"bg_color": "#58ac00", "title": "4"}}, {"user_name": "Mahabroto Bhattacharjee", "user_image": "usr.image", "review_text": "It was clean and good but hotel room service is very poor", "date": "07 Oct 2022", "rating": {"bg_color": "#58ac00", "title": "4"}}, {"user_name": "Kiran Jadhav", "user_image": "usr.image", "review_text": "Room was not neat and cleany. Having ac problem then he was shift my room but room was not clean.", "date": "16 Apr 2023", "rating": {"bg_color": "#8fc402", "title": "3"}}, {"user_name": "Pratik Mhatre", "user_image": "usr.image", "date": "07 May 2023", "rating": {"bg_color": "#ff4742", "title": "1"}, "user_image_feedback_list": [{"image_name": "20230506_19345410a32fed-d10a-4cd4-bfc5-40bbf6ea9e35.jpg", "image_url": "https://images.oyoroomscdn.com/ugc-feedback-uploads/20230506_19345410a32fed-d10a-4cd4-bfc5-40bbf6ea9e35.jpg", "type": "jpg", "uploaded_at": "2023-05-07", "image_id": "200681"}, {"image_name": "20230506_1935184cf316cf-4eee-4fe4-9a4e-02d3a8869c08.jpg", "image_url": "https://images.oyoroomscdn.com/ugc-feedback-uploads/20230506_1935184cf316cf-4eee-4fe4-9a4e-02d3a8869c08.jpg", "type": "jpg", "uploaded_at": "2023-05-07", "image_id": "200680"}, {"image_name": "20230506_19345963be3269-40aa-4553-af04-6bef41705066.jpg", "image_url": "https://images.oyoroomscdn.com/ugc-feedback-uploads/20230506_19345963be3269-40aa-4553-af04-6bef41705066.jpg", "type": "jpg", "uploaded_at": "2023-05-07", "image_id": "200679"}]}, {"user_name": "Salman khan", "user_image": "usr.image", "review_text": "Dog sitting on sofa we made booking and they denied to checking as they asking to pay more amount we waited outside the hotel approx 3 hours geyser is useless it will give uh 1 mug of water and then clod water ac is useless 2 mintues cooling then power cut off so bad exoerince", "date": "11 Dec 2022", "rating": {"bg_color": "#ff4742", "title": "1"}}, {"user_name": "AKSHAY", "user_image": "usr.image", "review_text": "Hello Reader's,\nplease avoid booking this hotel. Worst hotel ever. Major hygiene issue.", "date": "06 Jun 2022", "rating": {"bg_color": "#ff4742", "title": "1"}}]}}]