[{"data": {"title": "44 Verified Reviews", "rating_data": {"title": "3.3", "bg_color": "#8fc402", "tag": "Fair", "subtitle": "309 ratings on verified stays by guests"}, "sort_options": [{"type": "date-high", "title": "Recent reviews"}, {"type": "rating-high", "title": "High to low ratings"}, {"type": "rating-low", "title": "Low to high ratings"}], "is_last": true, "reviews": [{"user_name": "Mohammed Rafi", "user_image": "usr.image", "review_text": "Oyo app and platform is best", "date": "11 Apr 2023", "rating": {"bg_color": "#346000", "title": "5"}}, {"user_name": "Ritwick Bandhu", "user_image": "usr.image", "review_text": "nic room and staff also good \ud83d\udc4d. room very clean.... \ud83d\udc4d\ud83d\udc4d\ud83d\udc4d couple r allowed.", "date": "03 Apr 2023", "rating": {"bg_color": "#346000", "title": "5"}}, {"user_name": "madan kumar", "user_image": "usr.image", "review_text": "Best appo verrygood and and simple sipme and vey good and room clean, alll is is good very good and veery good", "date": "30 Mar 2023", "rating": {"bg_color": "#346000", "title": "5"}}, {"user_name": "Mahaboob beig", "user_image": "usr.image", "review_text": "Good staff clean well maintained location is so beautiful         \n\n\n\nRooms are clean well furnished", "date": "27 Sep 2022", "rating": {"bg_color": "#346000", "title": "5"}}, {"user_name": "Harish", "user_image": "usr.image", "review_text": "Nice place to visit", "date": "22 Aug 2022", "rating": {"bg_color": "#346000", "title": "5"}}, {"user_name": "Girish Kumar", "user_image": "usr.image", "review_text": "Nice place", "date": "11 Jul 2022", "rating": {"bg_color": "#346000", "title": "5"}}, {"user_name": "Lokesh", "user_image": "usr.image", "review_text": "Good furniture, weather, climate, maintance, respect , parking , security, hot water, reasonable price", "date": "21 Nov 2022", "rating": {"bg_color": "#58ac00", "title": "4"}}, {"user_name": "Arvind", "user_image": "usr.image", "review_text": "[object Object]Nice room clean good specility", "date": "28 Oct 2022", "rating": {"bg_color": "#58ac00", "title": "4"}}, {"user_name": "Atul Kumar", "user_image": "usr.image", "review_text": "was good but the tv was not on", "date": "13 Oct 2022", "rating": {"bg_color": "#58ac00", "title": "4"}}, {"user_name": "Akil KumarM", "user_image": "usr.image", "review_text": "Nice", "date": "19 Aug 2022", "rating": {"bg_color": "#58ac00", "title": "4"}}, {"user_name": "Santhosh", "user_image": "usr.image", "review_text": "Location is very good", "date": "30 Jul 2022", "rating": {"bg_color": "#58ac00", "title": "4"}}, {"user_name": "Abhishekgowda", "user_image": "usr.image", "review_text": "Asked for extra money in the spot,", "date": "20 Nov 2022", "rating": {"bg_color": "#8fc402", "title": "3"}}, {"user_name": "Anirudh K", "user_image": "usr.image", "review_text": "No basic amenities and the staff had demanded extra payment of 2000.The AC in the room doesn't function properly.", "date": "30 Sep 2022", "rating": {"bg_color": "#8fc402", "title": "3"}}, {"user_name": "Sanjay KumarMishra", "user_image": "usr.image", "review_text": "No arrangement inside room ac not working no sanitation no soap and drinking water", "date": "24 Sep 2022", "rating": {"bg_color": "#8fc402", "title": "3"}}, {"user_name": "rahul kamal", "user_image": "usr.image", "review_text": "Room were okay.", "date": "10 Aug 2022", "rating": {"bg_color": "#8fc402", "title": "3"}}, {"user_name": "Madhukar Pandey", "user_image": "usr.image", "review_text": "This property not fit for capital O. Moreover the person asked us to cancel the booking n pay them spot cash and not to make booking via Oyo app because the app doesn't give them payment on time. No TV connection no proper bed. Soon gonna stop using Oyo because almost all the hotels are willing to accept amount on spot and not via Oyo app or pre paid. Also telling us to make booking by call and not by Oyo app so that they can charge higher price.", "date": "26 Jan 2023", "rating": {"bg_color": "#feba00", "title": "2"}}, {"user_name": "sudheesh u", "user_image": "usr.image", "review_text": "I booked the room for 500 rupees... But the hotel charged me 1000... \nThis is cheating... We lose the chance to compare the hotel with other 1000 rupee range hotels... We compare it with 500 rupee hotels.. \n\nThe room is AC... Tv is faulty..\nThe room is clean... But bed sheet and pillows are dirty.. bath room is not little dirty.. have free wifi... Have heater...", "date": "20 Sep 2022", "rating": {"bg_color": "#feba00", "title": "2"}}, {"user_name": "SANDEEP BANERJEE", "user_image": "usr.image", "review_text": "They charged me extra 300 Rs stating that price is too low....", "date": "29 Aug 2022", "rating": {"bg_color": "#feba00", "title": "2"}}, {"user_name": "Abdul AzeezPA", "user_image": "usr.image", "review_text": "wrong location in Google map", "date": "18 Jun 2022", "rating": {"bg_color": "#feba00", "title": "2"}}, {"user_name": "Shajahan CP", "user_image": "usr.image", "date": "27 Apr 2023", "rating": {"bg_color": "#ff4742", "title": "1"}, "user_image_feedback_list": [{"image_name": "IMG_20230424_144536d0271d9a-598e-4e8a-b072-b75a2195500d.jpg", "image_url": "https://images.oyoroomscdn.com/ugc-feedback-uploads/IMG_20230424_144536d0271d9a-598e-4e8a-b072-b75a2195500d.jpg", "type": "jpg", "uploaded_at": "2023-04-27", "image_id": "197935"}]}, {"user_name": "Gurumurthy", "user_image": "usr.image", "review_text": "Room not cleen and not maintained minimum neetness", "date": "06 Apr 2023", "rating": {"bg_color": "#ff4742", "title": "1"}}, {"user_name": "Vicky", "user_image": "usr.image", "review_text": "Made a booking by paying exact amount showed on the app ..later on the hotel individual refused to give the room in that price and charged extra 500 and later gave the room..Rooms are not good no facilities..very bad experience i would like a refund for this pathetic service", "date": "04 Apr 2023", "rating": {"bg_color": "#ff4742", "title": "1"}}, {"user_name": "Abhranil Haldar", "user_image": "usr.image", "review_text": "The owner changed very much extra price", "date": "30 Mar 2023", "rating": {"bg_color": "#ff4742", "title": "1"}}, {"user_name": "Raju dk", "user_image": "usr.image", "review_text": "Room rent 1200 in play", "date": "11 Mar 2023", "rating": {"bg_color": "#ff4742", "title": "1"}}, {"user_name": "Naveen Dammalapati", "user_image": "usr.image", "review_text": "Charged extra staff wasn't ready to accept our booking at all in the first place", "date": "09 Mar 2023", "rating": {"bg_color": "#ff4742", "title": "1"}}, {"user_name": "Akshay karle", "user_image": "usr.image", "review_text": "Worst ever dnt go wit family..", "date": "22 Nov 2022", "rating": {"bg_color": "#ff4742", "title": "1"}}, {"user_name": "Afreed Pasha", "user_image": "usr.image", "review_text": "My booking was already prepaid.after checked in they charged me 550 extra.and the room was unclean and TV was also not working, washroom was so Oder it was really very  bad experience in the oyo. even my money will not be refund which I have paid extra for Oyo receptionist", "date": "25 Oct 2022", "rating": {"bg_color": "#ff4742", "title": "1"}}, {"user_name": "PrajwalS", "user_image": "usr.image", "review_text": "He charges more than the rate shown on the Oyo", "date": "19 Oct 2022", "rating": {"bg_color": "#ff4742", "title": "1"}}, {"user_name": "Praveen Praveen", "user_image": "usr.image", "review_text": "They ask extra money better giving extra book good one", "date": "12 Oct 2022", "rating": {"bg_color": "#ff4742", "title": "1"}}, {"user_name": "Romiz Uddin", "user_image": "usr.image", "review_text": "Extra amount pay and got room", "date": "06 Oct 2022", "rating": {"bg_color": "#ff4742", "title": "1"}}, {"user_name": "SIVAKUMAR D", "user_image": "usr.image", "review_text": "Hotel staff not attending the fault. Hot water was not coming. AC was not working.", "date": "26 Sep 2022", "rating": {"bg_color": "#ff4742", "title": "1"}}, {"user_name": "Adarsh N", "user_image": "usr.image", "review_text": "Thank you oyo for looting double the price ....rooms are not at all worthy for 1000rs", "date": "20 Sep 2022", "rating": {"bg_color": "#ff4742", "title": "1"}}, {"user_name": "SAJEEV TS", "user_image": "usr.image", "review_text": "Firstly Oyo confirmed me a booking and full money obtained. While reaching the hotel, oyo changed the accommodation to another hotel without permission of the customer.  Not advisable to book oyo hotels as it is not reliable.", "date": "27 Aug 2022", "rating": {"bg_color": "#ff4742", "title": "1"}}, {"user_name": "diksha raj", "user_image": "usr.image", "review_text": "Very bad experience I have regard this booking , hotel charged 1000 rupee more from me and give bad service also...", "date": "16 Aug 2022", "rating": {"bg_color": "#ff4742", "title": "1"}}, {"user_name": "Anil Gowda", "user_image": "usr.image", "review_text": "Receptionist ng rudely with bad words , asked extra money ,very bad treated words experience ,take action", "date": "20 Jul 2022", "rating": {"bg_color": "#ff4742", "title": "1"}}, {"user_name": "Vinay Gowda", "user_image": "usr.image", "review_text": "One of the worst response by the hotel they denied my  check-in after the online payment", "date": "18 Jul 2022", "rating": {"bg_color": "#ff4742", "title": "1"}}, {"user_name": "Khaja Khaja", "user_image": "usr.image", "review_text": "to bad no taval no shampu no sop extra ammount also 500 very bad experience very very bad this residence not for all", "date": "15 Jul 2022", "rating": {"bg_color": "#ff4742", "title": "1"}}, {"user_name": "Gani", "user_image": "usr.image", "review_text": "they are not accepting booking from oyo they will ask extra amount from us", "date": "10 Jul 2022", "rating": {"bg_color": "#ff4742", "title": "1"}}, {"user_name": "NAGESH Kamath", "user_image": "usr.image", "review_text": "worst front office staff, kept hold for more than 1 and half hour for check in, misbehaved with customers by Front office executive Lady. no service no towels no soaps said Oyo is not providing anything.  said we don't give service of anything said to guests", "date": "29 Jun 2022", "rating": {"bg_color": "#ff4742", "title": "1"}, "user_image_feedback_list": [{"image_name": "hotel_image_5540b437-7046-48ef-8b43-d5c4af25207f1043826664440872994.jpeg", "image_url": "https://images.oyoroomscdn.com/ugc-feedback-uploads/hotel_image_5540b437-7046-48ef-8b43-d5c4af25207f1043826664440872994.jpeg", "type": "jpeg", "uploaded_at": "2022-06-29", "image_id": "89011"}, {"image_name": "hotel_image_5540b437-7046-48ef-8b43-d5c4af25207f2917918739259121478.jpeg", "image_url": "https://images.oyoroomscdn.com/ugc-feedback-uploads/hotel_image_5540b437-7046-48ef-8b43-d5c4af25207f2917918739259121478.jpeg", "type": "jpeg", "uploaded_at": "2022-06-29", "image_id": "89013"}, {"image_name": "hotel_image_5540b437-7046-48ef-8b43-d5c4af25207f4478274776155118162.jpeg", "image_url": "https://images.oyoroomscdn.com/ugc-feedback-uploads/hotel_image_5540b437-7046-48ef-8b43-d5c4af25207f4478274776155118162.jpeg", "type": "jpeg", "uploaded_at": "2022-06-29", "image_id": "89014"}, {"image_name": "hotel_image_5540b437-7046-48ef-8b43-d5c4af25207f1890985338239534057.jpeg", "image_url": "https://images.oyoroomscdn.com/ugc-feedback-uploads/hotel_image_5540b437-7046-48ef-8b43-d5c4af25207f1890985338239534057.jpeg", "type": "jpeg", "uploaded_at": "2022-06-29", "image_id": "89012"}, {"image_name": "hotel_image_5540b437-7046-48ef-8b43-d5c4af25207f4949879385161765857.jpeg", "image_url": "https://images.oyoroomscdn.com/ugc-feedback-uploads/hotel_image_5540b437-7046-48ef-8b43-d5c4af25207f4949879385161765857.jpeg", "type": "jpeg", "uploaded_at": "2022-06-29", "image_id": "89016"}]}, {"user_name": "Naganath zalki", "user_image": "usr.image", "review_text": "Very bad", "date": "23 Jun 2022", "rating": {"bg_color": "#ff4742", "title": "1"}}, {"user_name": "shivam", "user_image": "usr.image", "review_text": "they demanded extra amount as shown in the Oyo application.And also receptionist said they will cancel booking if they will not pay excess amount.\ni didn't know this is problem of Oyo or it is fault of hotel owner .But when a customer reach from a far distance and hotel receptionist said they will cancel the booking if we will not pay the excess amount . How embarrassing this feeling was i can't explain.\n\nAnd if amount is less for hotel than Oyo should take excess amount . But this not seems good when you are tired a lot and staff of hotel said to cancel the booking .", "date": "19 Jun 2022", "rating": {"bg_color": "#ff4742", "title": "1"}}, {"user_name": "Vijay", "user_image": "usr.image", "review_text": "it was not given in ur list", "date": "08 Jun 2022", "rating": {"bg_color": "#ff4742", "title": "1"}}, {"user_name": "Ansari Pavan", "user_image": "usr.image", "review_text": "rash behaviour and disrespectful  receiving by receptionist", "date": "08 Jun 2022", "rating": {"bg_color": "#ff4742", "title": "1"}}, {"user_name": "Murali krishnan R", "user_image": "usr.image", "review_text": "very worst. Wash basin tap Not working, Geyser Not working,  Full of Smoking smell when we entered. Atleast they could have sprayed Room freshener. Main reason why am writing here is, the person who received back key from me asked to go out without hearing when the complaint was told to him politely..", "date": "02 Jun 2022", "rating": {"bg_color": "#ff4742", "title": "1"}}]}}]