[{"data": {"title": "267 Verified Reviews", "rating_data": {"title": "4.8", "bg_color": "#3d8000", "tag": "Excellent", "subtitle": "1958 ratings on verified stays by guests"}, "sort_options": [{"type": "date-high", "title": "Recent reviews"}, {"type": "rating-high", "title": "High to low ratings"}, {"type": "rating-low", "title": "Low to high ratings"}], "is_last": false, "next_offset": 101, "reviews": [{"user_name": "venkatesh", "user_image": "usr.image", "review_text": "Good food and rooms are clean good staff service was good nice rooms and servings.             \u2764\ufe0f\u2764\ufe0f", "date": "21 Apr 2023", "rating": {"bg_color": "#346000", "title": "5"}}, {"user_name": "Nishand", "user_image": "usr.image", "review_text": "Excellent stay", "date": "21 Apr 2023", "rating": {"bg_color": "#346000", "title": "5"}}, {"user_name": "Akash Sharma", "user_image": "usr.image", "review_text": "Room was too nice and service is good", "date": "18 Apr 2023", "rating": {"bg_color": "#346000", "title": "5"}}, {"user_name": "Srujan S", "user_image": "usr.image", "review_text": "It was great . Room was clean and towel was provided . Food offered is bit costlier but you can order it from outside.", "date": "17 Apr 2023", "rating": {"bg_color": "#346000", "title": "5"}}, {"user_name": "Vinod Sdasare", "user_image": "usr.image", "review_text": "Good", "date": "10 Apr 2023", "rating": {"bg_color": "#346000", "title": "5"}}, {"user_name": "Mahesh Kumar", "user_image": "usr.image", "review_text": "Clean room, good food, polite staff .", "date": "09 Apr 2023", "rating": {"bg_color": "#346000", "title": "5"}}, {"user_name": "Pradeep Yadav", "user_image": "usr.image", "review_text": "Good", "date": "06 Apr 2023", "rating": {"bg_color": "#346000", "title": "5"}}, {"user_name": "Jasmine Kaur", "user_image": "usr.image", "review_text": "Nice property with neat and clean and silent ambiance.", "date": "04 Apr 2023", "rating": {"bg_color": "#346000", "title": "5"}}, {"user_name": "Joseph", "user_image": "usr.image", "review_text": "Excellent service.. Good receptionist.. No any restriction..\nWe stayed for 2 days.. no extra money..good room...", "date": "02 Apr 2023", "rating": {"bg_color": "#346000", "title": "5"}}, {"user_name": "Rinshad CT", "user_image": "usr.image", "review_text": "Nice room.airconditioner was cooling slowly but ok.always perfect and secured and satisfied parking area.", "date": "20 Mar 2023", "rating": {"bg_color": "#346000", "title": "5"}}, {"user_name": "Priyanka Chhetri", "user_image": "usr.image", "review_text": "The hotel service was quite good and also the rooms inside the hotel were very comfortable and clean", "date": "20 Mar 2023", "rating": {"bg_color": "#346000", "title": "5"}}, {"user_name": "Siyad Saffan", "user_image": "usr.image", "review_text": "Clean room, nice stay, nice loacation,...........nice stay good food clean room,,,,,,,nice food good", "date": "19 Mar 2023", "rating": {"bg_color": "#346000", "title": "5"}}, {"user_name": "NITHIN", "user_image": "usr.image", "review_text": "Excellent but avg food", "date": "17 Mar 2023", "rating": {"bg_color": "#346000", "title": "5"}}, {"user_name": "Ajith", "user_image": "usr.image", "review_text": "Excellent", "date": "15 Mar 2023", "rating": {"bg_color": "#346000", "title": "5"}}, {"user_name": "Yogesh", "user_image": "usr.image", "review_text": "My stay at Oyo was truly delightful! The courteous staff and receptionist made me feel welcomed and valued. Thank you for the pleasant experience!", "date": "14 Mar 2023", "rating": {"bg_color": "#346000", "title": "5"}}, {"user_name": "MR.SAMEER", "user_image": "usr.image", "review_text": "Clean and very hygienic good behaviour of the staff nice and spacious rooms decent surrounding stays was more comfortable and affordable", "date": "13 Mar 2023", "rating": {"bg_color": "#346000", "title": "5"}}, {"user_name": "Suraj kr.mahato", "user_image": "usr.image", "review_text": "Excellent Behaviour of all the staff. Everyone having impressive attitude. Overall Best Stay and it was mine 2nd Stay. Love it.", "date": "12 Mar 2023", "rating": {"bg_color": "#346000", "title": "5"}}, {"user_name": "Rohit", "user_image": "usr.image", "review_text": "Room was good and faced no issues.stay was awesome", "date": "11 Mar 2023", "rating": {"bg_color": "#346000", "title": "5"}}, {"user_name": "Nihal", "user_image": "usr.image", "review_text": "It was good service though they take extra money but they have gold service coveted in the hotel and good food", "date": "11 Mar 2023", "rating": {"bg_color": "#346000", "title": "5"}}, {"user_name": "Vinod Sdasare", "user_image": "usr.image", "review_text": "Good", "date": "10 Mar 2023", "rating": {"bg_color": "#346000", "title": "5"}}, {"user_name": "918910177917 RoyChowdhury", "user_image": "usr.image", "review_text": "Good", "date": "09 Mar 2023", "rating": {"bg_color": "#346000", "title": "5"}}, {"user_name": "Lakshmi Narayenan", "user_image": "usr.image", "review_text": "Neet and good location also good food nice", "date": "05 Mar 2023", "rating": {"bg_color": "#346000", "title": "5"}}, {"user_name": "Amrik Dutta", "user_image": "usr.image", "review_text": "Room was clean and spacious.", "date": "04 Mar 2023", "rating": {"bg_color": "#346000", "title": "5"}}, {"user_name": "gnany", "user_image": "usr.image", "review_text": "This town is Bommanahalli location 273 nice place stay and you and your family rooms are good parking also there", "date": "02 Mar 2023", "rating": {"bg_color": "#346000", "title": "5"}}, {"user_name": "Sathish", "user_image": "usr.image", "date": "28 Feb 2023", "rating": {"bg_color": "#346000", "title": "5"}, "user_image_feedback_list": [{"image_name": "JPEG_20230228_072349_1343450077977871950910e4d8c-3dd4-4749-9d12-0829336a34e8.jpg", "image_url": "https://images.oyoroomscdn.com/ugc-feedback-uploads/JPEG_20230228_072349_1343450077977871950910e4d8c-3dd4-4749-9d12-0829336a34e8.jpg", "type": "jpg", "uploaded_at": "2023-02-28", "image_id": "180674"}]}, {"user_name": "Narendranaik", "user_image": "usr.image", "review_text": "Room very clean and hotel staffs are nice", "date": "15 Feb 2023", "rating": {"bg_color": "#346000", "title": "5"}}, {"user_name": "vikas k m", "user_image": "usr.image", "review_text": "Nice place I I'll too happy on this oyo town house", "date": "07 Feb 2023", "rating": {"bg_color": "#346000", "title": "5"}}, {"user_name": "Akash Agarwal", "user_image": "usr.image", "review_text": "Overall Good hotel. But in breakfast hotel must be given north Indian food as an complimentary. Currently hotel is giving only south Indian food as an complimentary.", "date": "06 Feb 2023", "rating": {"bg_color": "#346000", "title": "5"}}, {"user_name": "Arnav", "user_image": "usr.image", "review_text": "Better than other experiences we had with Oyo rooms.\nSeamless checkin, we booked online and had key to our room within 5 mins of entering the reception.", "date": "06 Feb 2023", "rating": {"bg_color": "#346000", "title": "5"}}, {"user_name": "Manoj Choudhary", "user_image": "usr.image", "review_text": "Had a nice and pleasant stay... Wonderful \ud83d\udc4d", "date": "04 Feb 2023", "rating": {"bg_color": "#346000", "title": "5"}}, {"user_name": "Manu Mamman", "user_image": "usr.image", "review_text": "Rooms were clean. Staff behaved properly. Transparent dealings. TV channels was not so great. Overall nice stay", "date": "04 Feb 2023", "rating": {"bg_color": "#346000", "title": "5"}}, {"user_name": "OMPN", "user_image": "usr.image", "review_text": "Good service,staff are polite, property located mainroad bommanahalli", "date": "03 Feb 2023", "rating": {"bg_color": "#346000", "title": "5"}}, {"user_name": "Aiman Shabbir", "user_image": "usr.image", "review_text": "It was great. They have mentioned smart tv as amenities but I\u2019ve been here 7-8 times and everytime we ask for a smart tv they tell me the room is occupied. I think they are lying about that", "date": "29 Jan 2023", "rating": {"bg_color": "#346000", "title": "5"}}, {"user_name": "Fardeen Ali", "user_image": "usr.image", "date": "27 Jan 2023", "rating": {"bg_color": "#346000", "title": "5"}, "user_image_feedback_list": [{"image_name": "D3FE4B21-8A87-4082-93BC-5328AD33D056f290afa4-0ac0-4dd9-a9bf-48bbe13440c6.jpeg", "image_url": "https://images.oyoroomscdn.com/ugc-feedback-uploads/D3FE4B21-8A87-4082-93BC-5328AD33D056f290afa4-0ac0-4dd9-a9bf-48bbe13440c6.jpeg", "type": "jpeg", "uploaded_at": "2023-01-27", "image_id": "170835"}]}, {"user_name": "Sachin", "user_image": "usr.image", "review_text": "We had a good experience in staying while on offical trip \nAll star for it write and good parking facilities even the food menus", "date": "22 Jan 2023", "rating": {"bg_color": "#346000", "title": "5"}}, {"user_name": "Wasim Akram", "user_image": "usr.image", "review_text": "Amazing stay at this hotel with complementary breakfast, good and polite staff. Helping nature and very good service", "date": "22 Jan 2023", "rating": {"bg_color": "#346000", "title": "5"}}, {"user_name": "Aiman Shabbir", "user_image": "usr.image", "review_text": "The hotel was very clean and neat. The staff was polite. We go here regularly. However, smart tv rooms are often not available", "date": "21 Jan 2023", "rating": {"bg_color": "#346000", "title": "5"}}, {"user_name": "priti kotyal", "user_image": "usr.image", "review_text": "Service was good and fast.", "date": "18 Jan 2023", "rating": {"bg_color": "#346000", "title": "5"}}, {"user_name": "Naguprasad GP", "user_image": "usr.image", "review_text": "Nice hotel", "date": "18 Jan 2023", "rating": {"bg_color": "#346000", "title": "5"}}, {"user_name": "srinivasan M", "user_image": "usr.image", "review_text": "Room was neat and clean.. staff behaviour is very supportive and good.", "date": "16 Jan 2023", "rating": {"bg_color": "#346000", "title": "5"}}, {"user_name": "Vinay N", "user_image": "usr.image", "review_text": "The rooms are clean and well maintained,the in house restaurant food is also good must try.Keep up the good work guys.Value for money", "date": "13 Jan 2023", "rating": {"bg_color": "#346000", "title": "5"}}, {"user_name": "Sathwik", "user_image": "usr.image", "review_text": "Very nice stay", "date": "12 Jan 2023", "rating": {"bg_color": "#346000", "title": "5"}, "user_image_feedback_list": [{"image_name": "JPEG_20230112_100939_436803380144824765973aa4b4-1092-41c7-a995-2d41c8c237bd.jpg", "image_url": "https://images.oyoroomscdn.com/ugc-feedback-uploads/JPEG_20230112_100939_436803380144824765973aa4b4-1092-41c7-a995-2d41c8c237bd.jpg", "type": "jpg", "uploaded_at": "2023-01-12", "image_id": "166690"}]}, {"user_name": "917995982681", "user_image": "usr.image", "review_text": "Room fantastic", "date": "10 Jan 2023", "rating": {"bg_color": "#346000", "title": "5"}}, {"user_name": "narayanaswamy", "user_image": "usr.image", "review_text": "Good", "date": "08 Jan 2023", "rating": {"bg_color": "#346000", "title": "5"}}, {"user_name": "Rahul", "user_image": "usr.image", "review_text": "This was one of the best oyo's I've been to and it was totally worth the money.", "date": "06 Jan 2023", "rating": {"bg_color": "#346000", "title": "5"}}, {"user_name": "URUJ ULLAHKHAN", "user_image": "usr.image", "review_text": "Clean and affordable.", "date": "04 Jan 2023", "rating": {"bg_color": "#346000", "title": "5"}}, {"user_name": "Advik Nandakumar", "user_image": "usr.image", "review_text": "Big and clean room. The is worth the price check in was smooth, out of all the oyos in Bangalore this is easily the best one", "date": "03 Jan 2023", "rating": {"bg_color": "#346000", "title": "5"}}, {"user_name": "Pavanmanoj", "user_image": "usr.image", "review_text": "Good hotel, excellent service.", "date": "02 Jan 2023", "rating": {"bg_color": "#346000", "title": "5"}, "user_image_feedback_list": [{"image_name": "IMG_20221229_1149495e7e119b-8b6e-42f2-8c14-81958d091281.jpg", "image_url": "https://images.oyoroomscdn.com/ugc-feedback-uploads/IMG_20221229_1149495e7e119b-8b6e-42f2-8c14-81958d091281.jpg", "type": "jpg", "uploaded_at": "2023-01-02", "image_id": "163204"}]}, {"user_name": "Gnaneshwara", "user_image": "usr.image", "review_text": "Good owner room also good food and parking life come family and couples enjoy your trip take oyo townhouse in in Bommanahalli", "date": "30 Dec 2022", "rating": {"bg_color": "#346000", "title": "5"}}, {"user_name": "Likhith Kumar", "user_image": "usr.image", "review_text": "Super", "date": "29 Dec 2022", "rating": {"bg_color": "#346000", "title": "5"}}, {"user_name": "miria", "user_image": "usr.image", "review_text": "It was a great stay. Clean and sanitised rooms. Like the interior of rooms too. Should definitely go for it.", "date": "28 Dec 2022", "rating": {"bg_color": "#346000", "title": "5"}}, {"user_name": "Darshan P", "user_image": "usr.image", "review_text": "It was good place for stay.\nClean and good", "date": "27 Dec 2022", "rating": {"bg_color": "#346000", "title": "5"}, "user_image_feedback_list": [{"image_name": "20221226_2353116121aab1-50b5-43f5-bcb5-7828e1096e12.jpg", "image_url": "https://images.oyoroomscdn.com/ugc-feedback-uploads/20221226_2353116121aab1-50b5-43f5-bcb5-7828e1096e12.jpg", "type": "jpg", "uploaded_at": "2022-12-27", "image_id": "160324"}]}, {"user_name": "Vikas Walvekar", "user_image": "usr.image", "review_text": "Good maintenance", "date": "26 Dec 2022", "rating": {"bg_color": "#346000", "title": "5"}}, {"user_name": "Aiman Shabbir", "user_image": "usr.image", "review_text": "The hotel had great rooms and was very clean. We didn\u2019t get a room with a smart tv but everything else was perfect", "date": "23 Dec 2022", "rating": {"bg_color": "#346000", "title": "5"}}, {"user_name": "Narayanswamy", "user_image": "usr.image", "review_text": "Good hotel and good food", "date": "23 Dec 2022", "rating": {"bg_color": "#346000", "title": "5"}}, {"user_name": "charishma", "user_image": "usr.image", "review_text": "Good stay", "date": "21 Dec 2022", "rating": {"bg_color": "#346000", "title": "5"}}, {"user_name": "divakara t", "user_image": "usr.image", "review_text": "Good for oyo", "date": "18 Dec 2022", "rating": {"bg_color": "#346000", "title": "5"}}, {"user_name": "Arun Pradeep", "user_image": "usr.image", "review_text": "Wonderful experience with the stay, well maintained very helping and polite staff and also the best price for the room I have ever seen in bangalore. Good and peaceful location but ventilation is what I could say as a minus but didn\u2019t bother too much so overall a good stay and will visit again!", "date": "17 Dec 2022", "rating": {"bg_color": "#346000", "title": "5"}, "user_image_feedback_list": [{"image_name": "89D6EF04-0AE3-4F23-8FDC-D0CAC4C73A5C98463fac-e76a-4a00-912b-8ca89de3a6bd.jpeg", "image_url": "https://images.oyoroomscdn.com/ugc-feedback-uploads/89D6EF04-0AE3-4F23-8FDC-D0CAC4C73A5C98463fac-e76a-4a00-912b-8ca89de3a6bd.jpeg", "type": "jpeg", "uploaded_at": "2022-12-17", "image_id": "156324"}, {"image_name": "D0E4AE25-897A-4041-A4CA-B25485949670a8c51c6d-5801-4ecb-bdf1-0e5b2e61b301.jpeg", "image_url": "https://images.oyoroomscdn.com/ugc-feedback-uploads/D0E4AE25-897A-4041-A4CA-B25485949670a8c51c6d-5801-4ecb-bdf1-0e5b2e61b301.jpeg", "type": "jpeg", "uploaded_at": "2022-12-17", "image_id": "156323"}]}, {"user_name": "Narayanaswamy", "user_image": "usr.image", "review_text": "Good", "date": "13 Dec 2022", "rating": {"bg_color": "#346000", "title": "5"}}, {"user_name": "Narayanaswamy", "user_image": "usr.image", "review_text": "Ok good", "date": "13 Dec 2022", "rating": {"bg_color": "#346000", "title": "5"}}, {"user_name": "Liza", "user_image": "usr.image", "review_text": "Excellent", "date": "08 Dec 2022", "rating": {"bg_color": "#346000", "title": "5"}}, {"user_name": "Vinod Sdasare", "user_image": "usr.image", "review_text": "Good support from staff and roo.s are so much clean  food is also good taste", "date": "05 Dec 2022", "rating": {"bg_color": "#346000", "title": "5"}}, {"user_name": "Vinod Sdasare", "user_image": "usr.image", "review_text": "It was good experience in stay 273 oyo,the staff was very good and support and clean  Hygienic good", "date": "30 Nov 2022", "rating": {"bg_color": "#346000", "title": "5"}}, {"user_name": "Narayanswamy", "user_image": "usr.image", "review_text": "Very excellent service.", "date": "28 Nov 2022", "rating": {"bg_color": "#346000", "title": "5"}}, {"user_name": "Vinod Sdasare", "user_image": "usr.image", "review_text": "Everything is superb good support from staffs", "date": "28 Nov 2022", "rating": {"bg_color": "#346000", "title": "5"}}, {"user_name": "Siyad Saffan", "user_image": "usr.image", "review_text": "Good room, near theatre, good food, good staff, good facilities, good location, cleanliness are perfect", "date": "28 Nov 2022", "rating": {"bg_color": "#346000", "title": "5"}}, {"user_name": "HarshitGarg", "user_image": "usr.image", "review_text": "The rooms are nice and big. The hotel is in a good location, 10-15 minutes away from Kormanagala. The owner is welcoming. Food is good.", "date": "23 Nov 2022", "rating": {"bg_color": "#346000", "title": "5"}}, {"user_name": "kiran", "user_image": "usr.image", "review_text": "It was good experience.the rooms were clean\nThe staff behaviour was good", "date": "19 Nov 2022", "rating": {"bg_color": "#346000", "title": "5"}}, {"user_name": "Phani G", "user_image": "usr.image", "review_text": "Very good", "date": "18 Nov 2022", "rating": {"bg_color": "#346000", "title": "5"}}, {"user_name": "Sai Kiran", "user_image": "usr.image", "date": "17 Nov 2022", "rating": {"bg_color": "#346000", "title": "5"}, "user_image_feedback_list": [{"image_name": "IMG202211062158101a99881d-aea0-43bd-8e09-dacc804fdc78.jpg", "image_url": "https://images.oyoroomscdn.com/ugc-feedback-uploads/IMG202211062158101a99881d-aea0-43bd-8e09-dacc804fdc78.jpg", "type": "jpg", "uploaded_at": "2022-11-17", "image_id": "145174"}]}, {"user_name": "Vinod Sdasare", "user_image": "usr.image", "review_text": "All is well", "date": "15 Nov 2022", "rating": {"bg_color": "#346000", "title": "5"}}, {"user_name": "Dhananjay Kumar", "user_image": "usr.image", "review_text": "Good Hospitality. Awesome staff", "date": "12 Nov 2022", "rating": {"bg_color": "#346000", "title": "5"}}, {"user_name": "naseeb", "user_image": "usr.image", "review_text": "Nice stay..!!!", "date": "11 Nov 2022", "rating": {"bg_color": "#346000", "title": "5"}}, {"user_name": "Janakiram", "user_image": "usr.image", "review_text": "Nice gesture well behavior staff and good cleaning rooms & bedsheets food is above average and can visit other time", "date": "10 Nov 2022", "rating": {"bg_color": "#346000", "title": "5"}}, {"user_name": "ANNCELINE", "user_image": "usr.image", "review_text": "Room and the ambiance if the room", "date": "08 Nov 2022", "rating": {"bg_color": "#346000", "title": "5"}}, {"user_name": "Shankaresh", "user_image": "usr.image", "review_text": "Nice place to stay in bangalore", "date": "07 Nov 2022", "rating": {"bg_color": "#346000", "title": "5"}}, {"user_name": "narayanaswamy", "user_image": "usr.image", "review_text": "Good", "date": "07 Nov 2022", "rating": {"bg_color": "#346000", "title": "5"}}, {"user_name": "Vinod Sdasare", "user_image": "usr.image", "review_text": "All is well", "date": "07 Nov 2022", "rating": {"bg_color": "#346000", "title": "5"}}, {"user_name": "Imran", "user_image": "usr.image", "review_text": "Good", "date": "04 Nov 2022", "rating": {"bg_color": "#346000", "title": "5"}}, {"user_name": "Janakiram", "user_image": "usr.image", "review_text": "Nice rooms hygiene washrooms clean bedsheets staff are  very  well mannered ac is working all good .", "date": "04 Nov 2022", "rating": {"bg_color": "#346000", "title": "5"}}, {"user_name": "nikita", "user_image": "usr.image", "review_text": "A really nice hotel, staff only willing to help.the rooms are clean and tidy it\u2019s a stones throw from the main train station which is a bonus I\u2019d recommend this. Hotel and we will becoming Bach to stay again", "date": "04 Nov 2022", "rating": {"bg_color": "#346000", "title": "5"}}, {"user_name": "Vinod Sdasare", "user_image": "usr.image", "review_text": "Everything superb \ud83d\udc4c", "date": "02 Nov 2022", "rating": {"bg_color": "#346000", "title": "5"}}, {"user_name": "Sumanth", "user_image": "usr.image", "review_text": "The rooms are very nice and super cleaning and nice management good speaking good workers nice food totally very good", "date": "23 Oct 2022", "rating": {"bg_color": "#346000", "title": "5"}}, {"user_name": "Vinod Sdasare", "user_image": "usr.image", "review_text": "Excellent service", "date": "23 Oct 2022", "rating": {"bg_color": "#346000", "title": "5"}}, {"user_name": "Shivam Aggarwal", "user_image": "usr.image", "review_text": "Room was excellent", "date": "21 Oct 2022", "rating": {"bg_color": "#346000", "title": "5"}}, {"user_name": "narayanaswamy", "user_image": "usr.image", "review_text": "Good", "date": "17 Oct 2022", "rating": {"bg_color": "#346000", "title": "5"}}, {"user_name": "Vinod Sdasare", "user_image": "usr.image", "review_text": "Everything is good", "date": "17 Oct 2022", "rating": {"bg_color": "#346000", "title": "5"}}, {"user_name": "Karthik Goud", "user_image": "usr.image", "review_text": "Nice infrastructure, food", "date": "16 Oct 2022", "rating": {"bg_color": "#346000", "title": "5"}}, {"user_name": "BALAJI", "user_image": "usr.image", "review_text": "All the amenities were excellent and the rooms were also clean. All the staffs were friendly and helped me when i was in some needs.", "date": "14 Oct 2022", "rating": {"bg_color": "#346000", "title": "5"}}, {"user_name": "narayanaswamy", "user_image": "usr.image", "review_text": "Good service", "date": "11 Oct 2022", "rating": {"bg_color": "#346000", "title": "5"}}, {"user_name": "Manchari", "user_image": "usr.image", "review_text": "Oyo townhouse is safe with all facilities. But the bed is not comfortable. Also", "date": "07 Oct 2022", "rating": {"bg_color": "#346000", "title": "5"}}, {"user_name": "Janakiram", "user_image": "usr.image", "review_text": "Nice rooms spacious bedsheets are clean and TV is working but only free channels is coming ac is working", "date": "06 Oct 2022", "rating": {"bg_color": "#346000", "title": "5"}}, {"user_name": "Vinod Sdasare", "user_image": "usr.image", "review_text": "All is well", "date": "06 Oct 2022", "rating": {"bg_color": "#346000", "title": "5"}}, {"user_name": "Nihal", "user_image": "usr.image", "review_text": "They charged more everytime. I don't know why. The maintenance is quite good but only the charges they increase at reception", "date": "05 Oct 2022", "rating": {"bg_color": "#346000", "title": "5"}}, {"user_name": "ayush", "user_image": "usr.image", "review_text": "This hotel is perfect for couples, they serve the best food and In terms of hygiene its the best", "date": "04 Oct 2022", "rating": {"bg_color": "#346000", "title": "5"}}, {"user_name": "pushpitha sri", "user_image": "usr.image", "review_text": "Good maintenance, peaceful environmemt", "date": "30 Sep 2022", "rating": {"bg_color": "#346000", "title": "5"}}, {"user_name": "Vinay N", "user_image": "usr.image", "review_text": "Best hotel to stay you must try the in house restaurant food there", "date": "28 Sep 2022", "rating": {"bg_color": "#346000", "title": "5"}}, {"user_name": "Vinay N", "user_image": "usr.image", "review_text": "Excellent place to stay good service and clean rooms enjoyed my stay.", "date": "24 Sep 2022", "rating": {"bg_color": "#346000", "title": "5"}}, {"user_name": "Vinod Sdasare", "user_image": "usr.image", "review_text": "Good", "date": "24 Sep 2022", "rating": {"bg_color": "#346000", "title": "5"}}, {"user_name": "Masumi Kushwaha", "user_image": "usr.image", "review_text": "Good", "date": "23 Sep 2022", "rating": {"bg_color": "#346000", "title": "5"}}]}}, {"data": {"title": "267 Verified Reviews", "rating_data": {"title": "4.8", "bg_color": "#3d8000", "tag": "Excellent", "subtitle": "1958 ratings on verified stays by guests"}, "sort_options": [{"type": "date-high", "title": "Recent reviews"}, {"type": "rating-high", "title": "High to low ratings"}, {"type": "rating-low", "title": "Low to high ratings"}], "is_last": false, "next_offset": 202, "reviews": [{"user_name": "santhosh kumar", "user_image": "usr.image", "review_text": "Good", "date": "16 Sep 2022", "rating": {"bg_color": "#346000", "title": "5"}}, {"user_name": "Nihal", "user_image": "usr.image", "review_text": "It was good stay at Oyo 273 townhouse. The service was good and the stay was excellent in townhouse.", "date": "12 Sep 2022", "rating": {"bg_color": "#346000", "title": "5"}}, {"user_name": "Vinod Sdasare", "user_image": "usr.image", "review_text": "All is good", "date": "06 Sep 2022", "rating": {"bg_color": "#346000", "title": "5"}}, {"user_name": "Suman Mantri", "user_image": "usr.image", "review_text": "The oyo was quiet good and the facility of the staff are good but the in house resturant the test bud is little expensive", "date": "31 Aug 2022", "rating": {"bg_color": "#346000", "title": "5"}}, {"user_name": "Vinod Sdasare", "user_image": "usr.image", "review_text": "Super to stay", "date": "29 Aug 2022", "rating": {"bg_color": "#346000", "title": "5"}}, {"user_name": "Siyad Saffan", "user_image": "usr.image", "review_text": "Good and nice and super........good stay....nice location...near theatre.....", "date": "29 Aug 2022", "rating": {"bg_color": "#346000", "title": "5"}}, {"user_name": "Amar Saswihalli", "user_image": "usr.image", "review_text": "Rooms are clean, service is good. Front desk is happy to help. I have stayed previously and had no doubts before booking again.", "date": "26 Aug 2022", "rating": {"bg_color": "#346000", "title": "5"}}, {"user_name": "Vinod Sdasare", "user_image": "usr.image", "review_text": "Everything is good", "date": "22 Aug 2022", "rating": {"bg_color": "#346000", "title": "5"}}, {"user_name": "BR Krishna", "user_image": "usr.image", "review_text": "Too good and economic.Staff", "date": "19 Aug 2022", "rating": {"bg_color": "#346000", "title": "5"}}, {"user_name": "santhosh kumar", "user_image": "usr.image", "review_text": "Very comfortable zone for family stay", "date": "18 Aug 2022", "rating": {"bg_color": "#346000", "title": "5"}}, {"user_name": "MANJUNATH k", "user_image": "usr.image", "review_text": "Stay , food Nd staff over there everything is excellent and we'll maintained property. Easy to access", "date": "17 Aug 2022", "rating": {"bg_color": "#346000", "title": "5"}}, {"user_name": "Vinod Sdasare", "user_image": "usr.image", "review_text": "Everything is good", "date": "17 Aug 2022", "rating": {"bg_color": "#346000", "title": "5"}}, {"user_name": "srinivasan srinivasan", "user_image": "usr.image", "review_text": "Friendly hotel including staffs approach and hotel atmosphere.", "date": "15 Aug 2022", "rating": {"bg_color": "#346000", "title": "5"}}, {"user_name": "AKSHAY DINESH", "user_image": "usr.image", "review_text": "Very good room. Good location", "date": "15 Aug 2022", "rating": {"bg_color": "#346000", "title": "5"}}, {"user_name": "Nihal", "user_image": "usr.image", "review_text": "This is probably one of the good oyos available in bomanhalli area. Nice ambience and we'll maintained rooms", "date": "12 Aug 2022", "rating": {"bg_color": "#346000", "title": "5"}}, {"user_name": "Anup", "user_image": "usr.image", "review_text": "Very good.. We will get rooms with in 2 minutes and staffs are very polite..", "date": "12 Aug 2022", "rating": {"bg_color": "#346000", "title": "5"}}, {"user_name": "Saivasa", "user_image": "usr.image", "review_text": "It is nice room... value for money... family can stay...............................................", "date": "12 Aug 2022", "rating": {"bg_color": "#346000", "title": "5"}}, {"user_name": "suman", "user_image": "usr.image", "review_text": "Room is good and cleaned", "date": "09 Aug 2022", "rating": {"bg_color": "#346000", "title": "5"}}, {"user_name": "Vivek Kumar", "user_image": "usr.image", "review_text": "A good place!", "date": "09 Aug 2022", "rating": {"bg_color": "#346000", "title": "5"}}, {"user_name": "Ayaan", "user_image": "usr.image", "review_text": "Good hotel", "date": "09 Aug 2022", "rating": {"bg_color": "#346000", "title": "5"}}, {"user_name": "Nihal", "user_image": "usr.image", "review_text": "Very good room provided. Good sanitation in rooms. Provided instant service when ever required. Recommended!!!", "date": "08 Aug 2022", "rating": {"bg_color": "#346000", "title": "5"}}, {"user_name": "Vinod Sdasare", "user_image": "usr.image", "review_text": "Everything Good", "date": "08 Aug 2022", "rating": {"bg_color": "#346000", "title": "5"}}, {"user_name": "Vinod Sdasare", "user_image": "usr.image", "review_text": "All good", "date": "26 Jul 2022", "rating": {"bg_color": "#346000", "title": "5"}}, {"user_name": "chandukumar p", "user_image": "usr.image", "review_text": "Good rooms good location no distance", "date": "25 Jul 2022", "rating": {"bg_color": "#346000", "title": "5"}}, {"user_name": "kalpeshoyo", "user_image": "usr.image", "review_text": "Nice hotel and great stay", "date": "24 Jul 2022", "rating": {"bg_color": "#346000", "title": "5"}}, {"user_name": "Rishabh Shrivastava", "user_image": "usr.image", "review_text": "Best services", "date": "24 Jul 2022", "rating": {"bg_color": "#346000", "title": "5"}}, {"user_name": "nishanth rao", "user_image": "usr.image", "review_text": "Ok", "date": "19 Jul 2022", "rating": {"bg_color": "#346000", "title": "5"}}, {"user_name": "Manish Kumar", "user_image": "usr.image", "review_text": "good", "date": "14 Jul 2022", "rating": {"bg_color": "#346000", "title": "5"}}, {"user_name": "santhosh kumar", "user_image": "usr.image", "review_text": "most time visited this property.... professional staff", "date": "09 Jul 2022", "rating": {"bg_color": "#346000", "title": "5"}}, {"user_name": "santhosh kumar", "user_image": "usr.image", "review_text": "nice stay", "date": "09 Jul 2022", "rating": {"bg_color": "#346000", "title": "5"}}, {"user_name": "Aman Pandey", "user_image": "usr.image", "review_text": "Whenever i look for oyo hotel near this location no doubt this is my first preference because here the staff is polite and formal, cleanliness is damn good and this my own reviews if someone is looking for this definitely you can go for it.", "date": "09 Jul 2022", "rating": {"bg_color": "#346000", "title": "5"}}, {"user_name": "Ras Ghosh", "user_image": "usr.image", "review_text": "good \ud83d\ude0a", "date": "08 Jul 2022", "rating": {"bg_color": "#346000", "title": "5"}}, {"user_name": "Adish A", "user_image": "usr.image", "review_text": "good", "date": "06 Jul 2022", "rating": {"bg_color": "#346000", "title": "5"}}, {"user_name": "Abhirup Sur", "user_image": "usr.image", "review_text": "All services are good| also also staff are very polite and very friendly. Room are very good| well maintained| very hygienic. Food are nice and tasty. Overall experience is very good and velu for money.", "date": "04 Jul 2022", "rating": {"bg_color": "#346000", "title": "5"}}, {"user_name": "Kota Ganesh", "user_image": "usr.image", "review_text": "Good", "date": "03 Jul 2022", "rating": {"bg_color": "#346000", "title": "5"}}, {"user_name": "Vignesh", "user_image": "usr.image", "review_text": "good", "date": "28 Jun 2022", "rating": {"bg_color": "#346000", "title": "5"}}, {"user_name": "santhosh kumar", "user_image": "usr.image", "review_text": "Room and complimentary breakfast was good", "date": "26 Jun 2022", "rating": {"bg_color": "#346000", "title": "5"}}, {"user_name": "santhosh kumar", "user_image": "usr.image", "review_text": "very polite staff", "date": "22 Jun 2022", "rating": {"bg_color": "#346000", "title": "5"}}, {"user_name": "Pranshu Saxena", "user_image": "usr.image", "review_text": "good", "date": "22 Jun 2022", "rating": {"bg_color": "#346000", "title": "5"}}, {"user_name": "Rajesh", "user_image": "usr.image", "review_text": "good", "date": "21 Jun 2022", "rating": {"bg_color": "#346000", "title": "5"}}, {"user_name": "santhosh kumar", "user_image": "usr.image", "review_text": "excellent customer service", "date": "20 Jun 2022", "rating": {"bg_color": "#346000", "title": "5"}}, {"user_name": "santhosh kumar", "user_image": "usr.image", "review_text": "good", "date": "17 Jun 2022", "rating": {"bg_color": "#346000", "title": "5"}}, {"user_name": "santhosh kumar", "user_image": "usr.image", "review_text": "good", "date": "06 Jun 2022", "rating": {"bg_color": "#346000", "title": "5"}}, {"user_name": "Santosh Horatti", "user_image": "usr.image", "review_text": "good", "date": "05 Jun 2022", "rating": {"bg_color": "#346000", "title": "5"}}, {"user_name": "Karthik", "user_image": "usr.image", "review_text": "l liked the response from the staff the check in was quite easy but the thing is i asked for tv cable connection they didn't provide me they said they will change they changed the box but no use there was no recharge done in the setup box and i asked for kannada channels they said only 3 channel is avilable no kannada", "date": "19 Apr 2023", "rating": {"bg_color": "#58ac00", "title": "4"}}, {"user_name": "Sai SinghCD", "user_image": "usr.image", "review_text": "Accommodation is really good.\nNice place to stay - very calm and silent.\nWorth for the money and Good place to stay.", "date": "15 Apr 2023", "rating": {"bg_color": "#58ac00", "title": "4"}}, {"user_name": "kishore kumar", "user_image": "usr.image", "review_text": "Good place to stay but staff  will take so much time to respond                          .", "date": "14 Apr 2023", "rating": {"bg_color": "#58ac00", "title": "4"}}, {"user_name": "Archit Bhalachandra", "user_image": "usr.image", "review_text": "very comfortable stay with very neatly maintained rooms, the receptionists were very friendly. totally loved the property thanks oyo\u9242\u308f\u7b0d", "date": "10 Apr 2023", "rating": {"bg_color": "#58ac00", "title": "4"}}, {"user_name": "XXX XXX", "user_image": "usr.image", "review_text": "Location nd privacy is good", "date": "07 Apr 2023", "rating": {"bg_color": "#58ac00", "title": "4"}}, {"user_name": "Hannah Biju", "user_image": "usr.image", "review_text": "Great", "date": "30 Mar 2023", "rating": {"bg_color": "#58ac00", "title": "4"}}, {"user_name": "Shyam", "user_image": "usr.image", "review_text": "Room is good but beds are not good", "date": "26 Mar 2023", "rating": {"bg_color": "#58ac00", "title": "4"}}, {"user_name": "Vineet Chhapre", "user_image": "usr.image", "review_text": "Good rooms, good cleaning...........................................................................", "date": "13 Mar 2023", "rating": {"bg_color": "#58ac00", "title": "4"}}, {"user_name": "Purshotam", "user_image": "usr.image", "review_text": "They showed that rooms are available on oyo and we booked our stay and waited for 30 minutes waiting for them to clean the room. At the end we were told that all rooms are sold out, we not only wasted our time but also had to cancel our holiday as other options were way too far and we only had limited time", "date": "26 Feb 2023", "rating": {"bg_color": "#58ac00", "title": "4"}}, {"user_name": "PraTeek", "user_image": "usr.image", "review_text": "Very clean and nice room", "date": "07 Feb 2023", "rating": {"bg_color": "#58ac00", "title": "4"}}, {"user_name": "Rohit", "user_image": "usr.image", "review_text": "Good decent spacious", "date": "06 Feb 2023", "rating": {"bg_color": "#58ac00", "title": "4"}}, {"user_name": "Subhro Chatterjee", "user_image": "usr.image", "review_text": "Hot water was not working in room no 207.cuboard door knobs were broken.Toilet seat was broken.", "date": "15 Jan 2023", "rating": {"bg_color": "#58ac00", "title": "4"}}, {"user_name": "Vijit Rajvardhan", "user_image": "usr.image", "review_text": "Hotel location is good just near to the good restaurants, however there food was average.\nRoom was clean and good but fan was making a lot of noise!", "date": "14 Jan 2023", "rating": {"bg_color": "#58ac00", "title": "4"}, "user_image_feedback_list": [{"image_name": "20230112_213407b092bd44-8856-4c0d-beee-6bd2eb41516a.jpg", "image_url": "https://images.oyoroomscdn.com/ugc-feedback-uploads/20230112_213407b092bd44-8856-4c0d-beee-6bd2eb41516a.jpg", "type": "jpg", "uploaded_at": "2023-01-14", "image_id": "167628"}]}, {"user_name": "Pritham Dp", "user_image": "usr.image", "review_text": "Good place to stay no noise nothing.", "date": "11 Jan 2023", "rating": {"bg_color": "#58ac00", "title": "4"}, "user_image_feedback_list": [{"image_name": "685DE97E-4050-4F3B-B082-2D05EE88C62A32e32962-603d-4214-b508-046cf7c56b04.jpeg", "image_url": "https://images.oyoroomscdn.com/ugc-feedback-uploads/685DE97E-4050-4F3B-B082-2D05EE88C62A32e32962-603d-4214-b508-046cf7c56b04.jpeg", "type": "jpeg", "uploaded_at": "2023-01-11", "image_id": "166382"}, {"image_name": "A3708223-E83F-4CD9-ACCB-1E2151210D303bbaecd7-f1f2-49d3-8dda-65f2559fb796.jpeg", "image_url": "https://images.oyoroomscdn.com/ugc-feedback-uploads/A3708223-E83F-4CD9-ACCB-1E2151210D303bbaecd7-f1f2-49d3-8dda-65f2559fb796.jpeg", "type": "jpeg", "uploaded_at": "2023-01-11", "image_id": "166383"}]}, {"user_name": "Aryan Hayaran", "user_image": "usr.image", "review_text": "Shower not working", "date": "07 Jan 2023", "rating": {"bg_color": "#58ac00", "title": "4"}}, {"user_name": "Pushpendra A", "user_image": "usr.image", "review_text": "The room was clean and really good. Bed was not that comfortable but lorem ipsum it was good. Good for 3 people.", "date": "01 Jan 2023", "rating": {"bg_color": "#58ac00", "title": "4"}}, {"user_name": "Siva", "user_image": "usr.image", "review_text": "Tv not working, \nRoom was small.", "date": "23 Dec 2022", "rating": {"bg_color": "#58ac00", "title": "4"}}, {"user_name": "Jeorge Singh", "user_image": "usr.image", "review_text": "The check in check out was very smooth. The staffs works like professionals. Only problem is the wifi was not working.", "date": "21 Dec 2022", "rating": {"bg_color": "#58ac00", "title": "4"}}, {"user_name": "Dilip Reddy", "user_image": "usr.image", "review_text": "Room was clean and big, staff was also good, coming to restaurant I prefer only 1 item \ud83c\udf5f, chicken was not up to mark, the location was good we can good all items neary by only, for food I prefer new tikka kabab which is near 300 myself only", "date": "10 Dec 2022", "rating": {"bg_color": "#58ac00", "title": "4"}}, {"user_name": "Dennis Korah", "user_image": "usr.image", "review_text": "Clean, hospitable", "date": "04 Dec 2022", "rating": {"bg_color": "#58ac00", "title": "4"}}, {"user_name": "Advik Nandakumar", "user_image": "usr.image", "review_text": "Room was good and clean, even the washroom was moderately clean it had a very bad smell other than that check in experience was very smooth.", "date": "29 Nov 2022", "rating": {"bg_color": "#58ac00", "title": "4"}}, {"user_name": "vinay Krishna mylari", "user_image": "usr.image", "review_text": "Good communication good maintenance", "date": "20 Nov 2022", "rating": {"bg_color": "#58ac00", "title": "4"}}, {"user_name": "Visakeswaran N", "user_image": "usr.image", "review_text": "Decent stay you could find in the area. I don\u2019t think the place is worth the price and not suitable for families. Beds and pillows were stinky. Expected at-least a water bottle and complementary breakfast at this price.", "date": "20 Nov 2022", "rating": {"bg_color": "#58ac00", "title": "4"}}, {"user_name": "Karthik", "user_image": "usr.image", "review_text": "Good", "date": "02 Nov 2022", "rating": {"bg_color": "#58ac00", "title": "4"}}, {"user_name": "Advik Nandakumar", "user_image": "usr.image", "review_text": "Good service and clean room, the washroom could have been cleaner. But better than most oyos and staffs are good.", "date": "20 Oct 2022", "rating": {"bg_color": "#58ac00", "title": "4"}}, {"user_name": "Srinivas", "user_image": "usr.image", "review_text": "It's good place for parties with friends", "date": "01 Oct 2022", "rating": {"bg_color": "#58ac00", "title": "4"}}, {"user_name": "Kumar Rajan", "user_image": "usr.image", "review_text": "Rooms were good , everything was good.", "date": "30 Sep 2022", "rating": {"bg_color": "#58ac00", "title": "4"}}, {"user_name": "NIDHEESH KV", "user_image": "usr.image", "review_text": "Wifi and AC both are not working, verey good staffs and Peace ful area", "date": "24 Sep 2022", "rating": {"bg_color": "#58ac00", "title": "4"}}, {"user_name": "Harshit Sharma", "user_image": "usr.image", "review_text": "Great Veg Food, Veg thali was awesome. Room service is good. Should add more tv channels though for viewing.\nIf you are visiting Bomanahalli, this is the right place to stay.", "date": "24 Sep 2022", "rating": {"bg_color": "#58ac00", "title": "4"}}, {"user_name": "anusha", "user_image": "usr.image", "review_text": "Good", "date": "23 Sep 2022", "rating": {"bg_color": "#58ac00", "title": "4"}}, {"user_name": "Manjunath", "user_image": "usr.image", "review_text": "Nice experience", "date": "21 Sep 2022", "rating": {"bg_color": "#58ac00", "title": "4"}}, {"user_name": "P ChennaKishore", "user_image": "usr.image", "review_text": "Everything is good if you like andhra style food tou have eat outside", "date": "17 Sep 2022", "rating": {"bg_color": "#58ac00", "title": "4"}}, {"user_name": "Lalsaheb Mulla", "user_image": "usr.image", "review_text": "Location is good, rooms are clean, little issue with Bathroom as bucket was dirty and tap was not working.\nStaff is good", "date": "16 Sep 2022", "rating": {"bg_color": "#58ac00", "title": "4"}}, {"user_name": "Yashas", "user_image": "usr.image", "review_text": "Overall experience was good, it's just that hotel should have kept proper water glasses in the room. They had kept a smaller paper glasses.", "date": "13 Sep 2022", "rating": {"bg_color": "#58ac00", "title": "4"}}, {"user_name": "Sumanth", "user_image": "usr.image", "review_text": "It's was good", "date": "12 Sep 2022", "rating": {"bg_color": "#58ac00", "title": "4"}}, {"user_name": "v sreekanth", "user_image": "usr.image", "review_text": "Room is not so spacious but it's good and need to improve hygiene", "date": "09 Sep 2022", "rating": {"bg_color": "#58ac00", "title": "4"}}, {"user_name": "Prasanjit Ghosh", "user_image": "usr.image", "review_text": "Rooms were good for budget price.", "date": "30 Aug 2022", "rating": {"bg_color": "#58ac00", "title": "4"}}, {"user_name": "Aditya", "user_image": "usr.image", "review_text": "Good room", "date": "29 Aug 2022", "rating": {"bg_color": "#58ac00", "title": "4"}}, {"user_name": "919049586568 Karekar", "user_image": "usr.image", "review_text": "1. Wifi is not that good for Work \n2. The stay was very good in terms of cleanliness,staff behaviour.\n3. Daily morning breakfast is available ,food was good at some level but there was cockroach found in food once , the food team should be taken care of this as this can cause food poisioning nd other health issues.\n4. Overall I could say the stay was good nd pleasant", "date": "23 Aug 2022", "rating": {"bg_color": "#58ac00", "title": "4"}}, {"user_name": "Pawan Patil", "user_image": "usr.image", "review_text": "Rooms are good clean, washrooms need Little maintenance. Well I got it for Rs 904 per night and I was pretty happy. One thing is there is no much public transport and autos and cabs demand high rates.", "date": "20 Aug 2022", "rating": {"bg_color": "#58ac00", "title": "4"}}, {"user_name": "Gerald Jerri", "user_image": "usr.image", "review_text": "The rooms were nice but I was rejected the stay cause less amount paid in Oyo app. I applied an offer and Oyo money for my booking so the price was around 700/- later after arguing that I can't cancel I was given a room.", "date": "17 Aug 2022", "rating": {"bg_color": "#58ac00", "title": "4"}}, {"user_name": "Hrishav Biswas", "user_image": "usr.image", "review_text": "Good", "date": "13 Aug 2022", "rating": {"bg_color": "#58ac00", "title": "4"}}, {"user_name": "Rahul Kumar", "user_image": "usr.image", "review_text": "Good", "date": "13 Aug 2022", "rating": {"bg_color": "#58ac00", "title": "4"}}, {"user_name": "KSrinivasRao", "user_image": "usr.image", "review_text": "Location very good.  Staff very much cooperative. Place very neat and clean. You would like to visit  again and again.", "date": "11 Aug 2022", "rating": {"bg_color": "#58ac00", "title": "4"}}, {"user_name": "VIshnu", "user_image": "usr.image", "review_text": "Good one", "date": "10 Aug 2022", "rating": {"bg_color": "#58ac00", "title": "4"}}, {"user_name": "Namrata Das", "user_image": "usr.image", "review_text": "The room was clean and tidy, with necessary items provided. The service was good and the staff were friendly and polite.", "date": "06 Aug 2022", "rating": {"bg_color": "#58ac00", "title": "4"}}, {"user_name": "Keshava", "user_image": "usr.image", "review_text": "Clean and hassle free checking experience. The stay was comfy and cool", "date": "24 Jul 2022", "rating": {"bg_color": "#58ac00", "title": "4"}}, {"user_name": "George Paul", "user_image": "usr.image", "review_text": "Clean rooms and bathrooms. Parking available, breakfast is good", "date": "23 Jul 2022", "rating": {"bg_color": "#58ac00", "title": "4"}}, {"user_name": "Gaurav Kumar", "user_image": "usr.image", "review_text": "Good hotel for short stay", "date": "20 Jul 2022", "rating": {"bg_color": "#58ac00", "title": "4"}}, {"user_name": "Vishnu", "user_image": "usr.image", "review_text": "Good and comfortable stay", "date": "19 Jul 2022", "rating": {"bg_color": "#58ac00", "title": "4"}}, {"user_name": "SOMYA TUTEJA", "user_image": "usr.image", "review_text": "Nice clean place with spacious rooms. Food was good and good service. Wifi was bad", "date": "01 Jul 2022", "rating": {"bg_color": "#58ac00", "title": "4"}}, {"user_name": "Rajnish Bhandari", "user_image": "usr.image", "review_text": "The location suited us.There could be more brekfast options.Eating the same breakfast every other day was monotonous especially if you&#39;re staying for a longer duration.", "date": "27 Jun 2022", "rating": {"bg_color": "#58ac00", "title": "4"}}, {"user_name": "unknwn", "user_image": "usr.image", "review_text": "overall stay is good and awsome except morning breakfast, make sure that you have complimentary breakfast or else need to give 100 rs per head for pathetic food", "date": "20 Jun 2022", "rating": {"bg_color": "#58ac00", "title": "4"}}, {"user_name": "Pooja Kher", "user_image": "usr.image", "review_text": "The location is at very prominent area and good behavior.... loved the hospitality. \nperfectly affordable  price at bangalore  with optimum facilities.  \nwifi speed is very less", "date": "11 Jun 2022", "rating": {"bg_color": "#58ac00", "title": "4"}}, {"user_name": "Aiman Shabbir", "user_image": "usr.image", "review_text": "Hotel sheets were dusty and not clean. Spots on pillow. Room was dusty and smelled old. Overall should have been cleaner", "date": "17 Apr 2023", "rating": {"bg_color": "#8fc402", "title": "3"}}, {"user_name": "Anu", "user_image": "usr.image", "review_text": "Bathroom not clean tv not working", "date": "16 Apr 2023", "rating": {"bg_color": "#8fc402", "title": "3"}}]}}, {"data": {"title": "267 Verified Reviews", "rating_data": {"title": "4.8", "bg_color": "#3d8000", "tag": "Excellent", "subtitle": "1958 ratings on verified stays by guests"}, "sort_options": [{"type": "date-high", "title": "Recent reviews"}, {"type": "rating-high", "title": "High to low ratings"}, {"type": "rating-low", "title": "Low to high ratings"}], "is_last": true, "reviews": [{"user_name": "Ronak Parikh", "user_image": "usr.image", "review_text": "Food was Average, Hotel staff was not polite", "date": "01 Apr 2023", "rating": {"bg_color": "#8fc402", "title": "3"}}, {"user_name": "KARTIK", "user_image": "usr.image", "review_text": "A good location but you'll find hard to find a good dine in restaurants nearby and staff are cooperative.", "date": "30 Mar 2023", "rating": {"bg_color": "#8fc402", "title": "3"}}, {"user_name": "Lava", "user_image": "usr.image", "review_text": "It was good only", "date": "19 Mar 2023", "rating": {"bg_color": "#8fc402", "title": "3"}}, {"user_name": "Devegowda Vinod", "user_image": "usr.image", "review_text": "Wash room is very bad smell not clin", "date": "06 Mar 2023", "rating": {"bg_color": "#8fc402", "title": "3"}}, {"user_name": "Farhan. Pk", "user_image": "usr.image", "review_text": "As per mentioned in review room cleanines was not up to mark.linen and pillow is very old.washroom was not also good.Commode lid is also broken .\n\nAverage stay", "date": "03 Mar 2023", "rating": {"bg_color": "#8fc402", "title": "3"}}, {"user_name": "Kapil Vyas", "user_image": "usr.image", "review_text": "Good", "date": "02 Mar 2023", "rating": {"bg_color": "#8fc402", "title": "3"}}, {"user_name": "Anil Babu B", "user_image": "usr.image", "review_text": "Food was not nice at all and bed was not good very sound not confirtable to sleep", "date": "10 Feb 2023", "rating": {"bg_color": "#8fc402", "title": "3"}}, {"user_name": "Sunil Kumar", "user_image": "usr.image", "review_text": "It's better", "date": "19 Jan 2023", "rating": {"bg_color": "#8fc402", "title": "3"}}, {"user_name": "Shrikant", "user_image": "usr.image", "review_text": "During booking by mistake I booked room for 1 adult. I was asked extra 500rs for my wife. They charged extra than decided tariff.", "date": "09 Jan 2023", "rating": {"bg_color": "#8fc402", "title": "3"}}, {"user_name": "Sudharshan Pani", "user_image": "usr.image", "review_text": "there is one old man sitting in the entrance and giving a strange wired look always. I personally did not like it.\nDid not like this experience.\nIf I ask him for plates, he asked me to go pick it up .", "date": "02 Jan 2023", "rating": {"bg_color": "#8fc402", "title": "3"}}, {"user_name": "Bhargav Toraie", "user_image": "usr.image", "review_text": "Shower is not working in 2nd room also...and the walls are with water leak ..\nI hope next time.they will clear it", "date": "29 Dec 2022", "rating": {"bg_color": "#8fc402", "title": "3"}}, {"user_name": "Bhargav Toraie", "user_image": "usr.image", "review_text": "Shower not working in the room and", "date": "28 Dec 2022", "rating": {"bg_color": "#8fc402", "title": "3"}}, {"user_name": "Naveen", "user_image": "usr.image", "review_text": "Just wanted check why they are not allowing to guests.if we ask after 6pm they will not allow it seems.seriously i didn't understand.", "date": "25 Nov 2022", "rating": {"bg_color": "#8fc402", "title": "3"}}, {"user_name": "Gajender", "user_image": "usr.image", "review_text": "My stay at this hotel was good n staff was very polite . Morning breakfast team was awesome . Would say over all this is good in this package /budget", "date": "21 Nov 2022", "rating": {"bg_color": "#8fc402", "title": "3"}}, {"user_name": "Ayush Thakur", "user_image": "usr.image", "review_text": "Average Place", "date": "08 Nov 2022", "rating": {"bg_color": "#8fc402", "title": "3"}}, {"user_name": "sharju", "user_image": "usr.image", "review_text": "Out of 2 rooms taken, one had no hygienic problem and the other room was dirty", "date": "05 Nov 2022", "rating": {"bg_color": "#8fc402", "title": "3"}}, {"user_name": "Neha Vineesh", "user_image": "usr.image", "review_text": "Expected more cleanliness because it was a townhouse. No issues with anything else. Good stay.", "date": "25 Oct 2022", "rating": {"bg_color": "#8fc402", "title": "3"}}, {"user_name": "Jeevan", "user_image": "usr.image", "review_text": "Hygenic room but bathroom one tap wasn't working", "date": "12 Oct 2022", "rating": {"bg_color": "#8fc402", "title": "3"}}, {"user_name": "Prajwal", "user_image": "usr.image", "review_text": "Average", "date": "09 Sep 2022", "rating": {"bg_color": "#8fc402", "title": "3"}}, {"user_name": "Narendranaik", "user_image": "usr.image", "review_text": "AC not working properly", "date": "08 Sep 2022", "rating": {"bg_color": "#8fc402", "title": "3"}}, {"user_name": "Md Mobashir", "user_image": "usr.image", "review_text": "If I said overall is good but the room cleaning thing is not good it should be take care of that.", "date": "31 Aug 2022", "rating": {"bg_color": "#8fc402", "title": "3"}}, {"user_name": "Srinivas", "user_image": "usr.image", "review_text": "Wifi not given, and tv is not working", "date": "19 Aug 2022", "rating": {"bg_color": "#8fc402", "title": "3"}}, {"user_name": "umesh", "user_image": "usr.image", "review_text": "Food not good", "date": "07 Aug 2022", "rating": {"bg_color": "#8fc402", "title": "3"}}, {"user_name": "Hemanth KumarS", "user_image": "usr.image", "review_text": "Doesnt value the money..Room and location.Behavior of the person who sits in the reception (night shift guy). nFood, for god sake change the chef or cook whatever you call him&#47;her.", "date": "25 Jul 2022", "rating": {"bg_color": "#8fc402", "title": "3"}}, {"user_name": "Sreekanth", "user_image": "usr.image", "review_text": "room infrastructure needs to be better", "date": "07 Jul 2022", "rating": {"bg_color": "#8fc402", "title": "3"}}, {"user_name": "Prithvi Elango", "user_image": "usr.image", "review_text": "The room constantly smelt of cigarettes which made it very difficult to sleep.", "date": "02 Jul 2022", "rating": {"bg_color": "#8fc402", "title": "3"}}, {"user_name": "Rithesh Shetty", "user_image": "usr.image", "review_text": "The bedsheets and blanket were stained, the floor could use a sweep. Wifi at 512kbps is a crime in today's world. Bathroom was decent, check-in and out was hassle-free.", "date": "23 Jun 2022", "rating": {"bg_color": "#8fc402", "title": "3"}}, {"user_name": "Hariprasad J", "user_image": "usr.image", "review_text": "Squeaky bed", "date": "23 Jun 2022", "rating": {"bg_color": "#8fc402", "title": "3"}}, {"user_name": "Sumit", "user_image": "usr.image", "review_text": "ok", "date": "07 Jun 2022", "rating": {"bg_color": "#8fc402", "title": "3"}}, {"user_name": "DevenderSingh", "user_image": "usr.image", "review_text": "Dirty linens", "date": "17 Mar 2023", "rating": {"bg_color": "#feba00", "title": "2"}}, {"user_name": "PoluSaiSrikanth", "user_image": "usr.image", "review_text": "Rooms were not so neat, even bed sheets and towels were dirty. Food was so bad that we had to order food from Swiggy again", "date": "15 Jan 2023", "rating": {"bg_color": "#feba00", "title": "2"}}, {"user_name": "kushal", "user_image": "usr.image", "review_text": "The stay was okay, everything was clean. But the wifi kept having issues and AC wasnt working properly. The main issue is, i forgot my iphone charger therr and when i asked them again just  20 mins later, they stole it and were telling that they couldn't find the charger. The staff took my charger and were telling logicless words.", "date": "21 Dec 2022", "rating": {"bg_color": "#feba00", "title": "2"}}, {"user_name": "Siyad Saffan", "user_image": "usr.image", "review_text": "Asked more money during checking in than at the time of booking", "date": "13 Nov 2022", "rating": {"bg_color": "#feba00", "title": "2"}}, {"user_name": "Sujikumar", "user_image": "usr.image", "review_text": "Hot water not available", "date": "21 Sep 2022", "rating": {"bg_color": "#feba00", "title": "2"}}, {"user_name": "Simran Sinha", "user_image": "usr.image", "review_text": "I stayed there with my family. we booked two rooms.\nwe didn't get the TV channels we asked them for.\nwifi is poor.\nroom no. 210 had electric current flowing in the tap of washroom. \n 2star because staff behaviour was very good.", "date": "02 Jul 2022", "rating": {"bg_color": "#feba00", "title": "2"}}, {"user_name": "Andrew", "user_image": "usr.image", "review_text": "No complimentary breakfast.", "date": "11 Jun 2022", "rating": {"bg_color": "#feba00", "title": "2"}}, {"user_name": "Krishna vamsi", "user_image": "usr.image", "date": "17 May 2023", "rating": {"bg_color": "#ff4742", "title": "1"}, "user_image_feedback_list": [{"image_name": "IMG_9450e026cdd6-1aa6-4029-adf2-af81467afc1d.jpeg", "image_url": "https://images.oyoroomscdn.com/ugc-feedback-uploads/IMG_9450e026cdd6-1aa6-4029-adf2-af81467afc1d.jpeg", "type": "jpeg", "uploaded_at": "2023-05-17", "image_id": "203414"}]}, {"user_name": "Muni", "user_image": "usr.image", "review_text": "Worst property,no maintenance\n\nnot satisfied with facility", "date": "14 Apr 2023", "rating": {"bg_color": "#ff4742", "title": "1"}}, {"user_name": "Aswin eR", "user_image": "usr.image", "review_text": "waste of time and money  ,not cleen properly  they are charging extra for water bottle. bathroom  windows are open  eny one can see through the windows  .\nabsolutely  its worst  experience\nCharge  also to high  ,750 to 800 that much worth  only", "date": "11 Apr 2023", "rating": {"bg_color": "#ff4742", "title": "1"}}, {"user_name": "Syed", "user_image": "usr.image", "review_text": "The room was not that clean. Somebody from the hotel called me up and asked me to make payment for the room to a unknown account.", "date": "21 Mar 2023", "rating": {"bg_color": "#ff4742", "title": "1"}}, {"user_name": "vaishali Vaishali", "user_image": "usr.image", "review_text": "I don't know how people have rated this 4 but this townhouse has completely went off to my expectations. I booked this place for 2nights, i was in office most of my day but at night this place was no less than pathetic. Bedsheets were stained, switchboards were broken, lot of insects and cockroaches, no pest control. Their basin's knob was broken, had jet was broken, it was working like a hand jet it was working like a tap. My experience was horrible. Specially the breakfast, please don't have otherwise you will have upset stomach through out the day. I am a working women, i wanted to have a stable internet, staff has no idea which id pswd to give, you will have to try 30-40 ids before you get to know which one is working and cherry on the cake is this internet will went off after 12am. So you will have to wait till morning to get the new id. Omg i can't tell how much i regret staying in this townhouse and i don't understand who is giving this place 5star? Like how?????? \nBedsheets were stained, switchboards were broken, lot of insects and cockroaches, no pest control, basin's knob was broken, had jet was broken, no internet, breakfast that will upset your stomach for days", "date": "11 Mar 2023", "rating": {"bg_color": "#ff4742", "title": "1"}}, {"user_name": "b Naresh", "user_image": "usr.image", "review_text": "Here not available hot water rooms nice clearing also good but hot water issues location good place staying at place over all good but hot water issues and staff also good well cleaning washrooms full neatness good place staying outdoor s", "date": "01 Mar 2023", "rating": {"bg_color": "#ff4742", "title": "1"}}, {"user_name": "Nikki", "user_image": "usr.image", "review_text": "The bedsheets were stained with what looked like blood and other fluids. The lights weren\u2019t working and the ones that were working were dim. The bathroom wasn\u2019t clean at all and had hair in the sink and drains. The AC wasn\u2019t working either and we had to call a technician to come and fix it.", "date": "17 Feb 2023", "rating": {"bg_color": "#ff4742", "title": "1"}}, {"user_name": "Aswin Sudher", "user_image": "usr.image", "review_text": "We booked the room after seeing the ratings in Oyo, but the room was not worth the review. Basic amenities like towels, water bottle etc were not provided.", "date": "14 Feb 2023", "rating": {"bg_color": "#ff4742", "title": "1"}}, {"user_name": "Robin", "user_image": "usr.image", "review_text": "Very very bad hotel not clean room pool smell\nI am check out just only 30 minute\nNo refundable money\nReception person asking extra money\nVery very bad hotel", "date": "01 Feb 2023", "rating": {"bg_color": "#ff4742", "title": "1"}}, {"user_name": "Ritika", "user_image": "usr.image", "review_text": "There was no thermos in the room. They didn\u2019t even provide us hot things even when we requested them to do so", "date": "16 Jan 2023", "rating": {"bg_color": "#ff4742", "title": "1"}}, {"user_name": "Debasish", "user_image": "usr.image", "review_text": "Rooms were dirty and not well maintained. Getting foul smell from bathrooms.", "date": "23 Dec 2022", "rating": {"bg_color": "#ff4742", "title": "1"}}, {"user_name": "Kalyan", "user_image": "usr.image", "review_text": "Worst experience and no full refund. Property was stinking with bathroom smell.", "date": "13 Dec 2022", "rating": {"bg_color": "#ff4742", "title": "1"}}, {"user_name": "Ankur Rana", "user_image": "usr.image", "review_text": "rude behaviour from property manager\u2026Not recommended to stay", "date": "10 Dec 2022", "rating": {"bg_color": "#ff4742", "title": "1"}}, {"user_name": "Jithin Sreedhar", "user_image": "usr.image", "review_text": "Pathetic Service!. Receptionist is arrogant and rude and asked extra money for checkin. Don't choose this hotel. Waste of money!.", "date": "08 Dec 2022", "rating": {"bg_color": "#ff4742", "title": "1"}}, {"user_name": "SRIKRISHNAN V", "user_image": "usr.image", "review_text": "Very worst service food quantity very less. Staff behavior is not good.", "date": "04 Dec 2022", "rating": {"bg_color": "#ff4742", "title": "1"}}, {"user_name": "Purva", "user_image": "usr.image", "review_text": "No electricity from past 5 hours though electricity backup is mentioned", "date": "10 Nov 2022", "rating": {"bg_color": "#ff4742", "title": "1"}}, {"user_name": "Wilson Mathew", "user_image": "usr.image", "review_text": "I will not suggest to stay in this property even if it is free..location of the property.very bad cleanliness, no proper lighting , due to no proper airflow everywhere there is bad smell.", "date": "18 Oct 2022", "rating": {"bg_color": "#ff4742", "title": "1"}}, {"user_name": "MUHAMMED AJMAL", "user_image": "usr.image", "review_text": "very bad24 hrs hot water and space of the room .the bathroom and room not clean , very bad condition nand the breakfast is not good experience.", "date": "30 Sep 2022", "rating": {"bg_color": "#ff4742", "title": "1"}}, {"user_name": "JAGANATHAN", "user_image": "usr.image", "review_text": "Very worst don't book for the hotel any one not cleaness", "date": "24 Aug 2022", "rating": {"bg_color": "#ff4742", "title": "1"}}, {"user_name": "priyanka sharma", "user_image": "usr.image", "review_text": "Jet was not working for both the rooms we got. Too many Mosquitoes and no good night was provided. We heard different noises throughout the night. Bad experience and a little scary! Although staff helped with luggage n all.", "date": "17 Aug 2022", "rating": {"bg_color": "#ff4742", "title": "1"}}, {"user_name": "Avinashkurian", "user_image": "usr.image", "review_text": "Room is okay but it's not properly cleaned too much dust over the wall and cupboard...", "date": "17 Aug 2022", "rating": {"bg_color": "#ff4742", "title": "1"}}, {"user_name": "Purnima Kumari", "user_image": "usr.image", "review_text": "Soo pathetic,, worst stay ever,, 1st thy denied out checkin \ntook extra money thn thy gave packed pungent smell room. \n\nArea was also not gud. \nI hav No words for there pathetic service n behavior.\nJust don't get in this ever.", "date": "07 Aug 2022", "rating": {"bg_color": "#ff4742", "title": "1"}}, {"user_name": "Vam", "user_image": "usr.image", "review_text": "When we called he accepted early check in and after reaching there, he asked more money", "date": "06 Aug 2022", "rating": {"bg_color": "#ff4742", "title": "1"}}, {"user_name": "Arun Kumar", "user_image": "usr.image", "review_text": "After making online payment also they insist us to make in cash and take refund from Oyo customer care, be careful before booking", "date": "05 Aug 2022", "rating": {"bg_color": "#ff4742", "title": "1"}}, {"user_name": "Pranay Preet", "user_image": "usr.image", "review_text": "extremely disappointed and regrettable staynothing in particular.rude, dumb and unprofessional receptionist, highly priced and not tasty at all food,nuncleaned rooms, untrained staff, no professionalism shown by anyone in the property.", "date": "04 Aug 2022", "rating": {"bg_color": "#ff4742", "title": "1"}}, {"user_name": "Abhilash Kammar", "user_image": "usr.image", "review_text": "Not accepting the Oyo price... Asking extra money", "date": "03 Aug 2022", "rating": {"bg_color": "#ff4742", "title": "1"}}, {"user_name": "Meena", "user_image": "usr.image", "review_text": "The room is terrific. Bed is not clean with full of dirt, I don't know whether they wash those or not and I got rashes all over my body. Washroom is worst and smells very very bad. Room was not cleaned. Not even worth for single penny. Such a worst ever experience.pls don't go to this property", "date": "03 Aug 2022", "rating": {"bg_color": "#ff4742", "title": "1"}}, {"user_name": "Kaushik", "user_image": "usr.image", "review_text": "He refused to let a visitor in for 5 mins on our way out. he was very rude and wanted to pick a fight with us. he asked me to be a receptionist in the Oyo and understand it from his point. what changed in a Oyo ?", "date": "13 Jun 2022", "rating": {"bg_color": "#ff4742", "title": "1"}}, {"user_name": "Ajay", "user_image": "usr.image", "review_text": "Staff was rude, no wifi, washroom was dirty", "date": "03 Jun 2022", "rating": {"bg_color": "#ff4742", "title": "1"}}]}}]