[{"data": {"title": "5 Verified Reviews", "rating_data": {"title": "4.1", "bg_color": "#58ac00", "tag": "Very Good", "subtitle": "106 ratings on verified stays by guests"}, "sort_options": [{"type": "date-high", "title": "Recent reviews"}, {"type": "rating-high", "title": "High to low ratings"}, {"type": "rating-low", "title": "Low to high ratings"}], "is_last": true, "reviews": [{"user_name": "Amruth", "user_image": "usr.image", "review_text": "It was good", "date": "18 Oct 2022", "rating": {"bg_color": "#346000", "title": "5"}}, {"user_name": "Ranjuuu", "user_image": "usr.image", "review_text": "Good", "date": "19 Jul 2022", "rating": {"bg_color": "#346000", "title": "5"}}, {"user_name": "Kwlui D", "user_image": "usr.image", "review_text": "Nice", "date": "12 Jul 2022", "rating": {"bg_color": "#346000", "title": "5"}}, {"user_name": "Siva", "user_image": "usr.image", "review_text": "Food not good and out food not allowed ,charge more for room and early check-in and tv and ac not working.room cleaning not there.", "date": "16 Oct 2022", "rating": {"bg_color": "#8fc402", "title": "3"}}, {"user_name": "Bhaskar", "user_image": "usr.image", "review_text": "breakfast not provided for which i payed extra while booking ..and also while booking i selection deluxe room with two single cots but they provided queen size bed.and also washroom is not clean and cockroaches are everywhere.", "date": "19 Oct 2022", "rating": {"bg_color": "#ff4742", "title": "1"}}]}}]