[{"data": {"title": "167 Verified Reviews", "rating_data": {"title": "4.1", "bg_color": "#58ac00", "tag": "Very Good", "subtitle": "1125 ratings on verified stays by guests"}, "sort_options": [{"type": "date-high", "title": "Recent reviews"}, {"type": "rating-high", "title": "High to low ratings"}, {"type": "rating-low", "title": "Low to high ratings"}], "is_last": false, "next_offset": 101, "reviews": [{"user_name": "Karthik", "user_image": "usr.image", "date": "16 May 2023", "rating": {"bg_color": "#346000", "title": "5"}, "user_image_feedback_list": [{"image_name": "IMG_20230430_1239555cd6def5-d892-4bb9-b522-e4238f55645d.jpg", "image_url": "https://images.oyoroomscdn.com/ugc-feedback-uploads/IMG_20230430_1239555cd6def5-d892-4bb9-b522-e4238f55645d.jpg", "type": "jpg", "uploaded_at": "2023-05-16", "image_id": "203249"}]}, {"user_name": "Karthik", "user_image": "usr.image", "review_text": "Excellent service from hotel and good maintain rooms", "date": "15 Apr 2023", "rating": {"bg_color": "#346000", "title": "5"}}, {"user_name": "Karthik", "user_image": "usr.image", "date": "15 Apr 2023", "rating": {"bg_color": "#346000", "title": "5"}, "user_image_feedback_list": [{"image_name": "IMG-20230412-WA00488fb3178a-6c9d-4c81-b95b-38ca96d59209.jpeg", "image_url": "https://images.oyoroomscdn.com/ugc-feedback-uploads/IMG-20230412-WA00488fb3178a-6c9d-4c81-b95b-38ca96d59209.jpeg", "type": "jpeg", "uploaded_at": "2023-04-15", "image_id": "194612"}]}, {"user_name": "Karthik", "user_image": "usr.image", "review_text": "Siddu is excellent he is supporting guy and good maintain rooms", "date": "13 Apr 2023", "rating": {"bg_color": "#346000", "title": "5"}, "user_image_feedback_list": [{"image_name": "IMG-20230412-WA0042f9047419-3045-4ac9-93fd-933bd5ba810b.jpeg", "image_url": "https://images.oyoroomscdn.com/ugc-feedback-uploads/IMG-20230412-WA0042f9047419-3045-4ac9-93fd-933bd5ba810b.jpeg", "type": "jpeg", "uploaded_at": "2023-04-13", "image_id": "194161"}]}, {"user_name": "Veda", "user_image": "usr.image", "review_text": "Good service", "date": "13 Apr 2023", "rating": {"bg_color": "#346000", "title": "5"}}, {"user_name": "syed karim", "user_image": "usr.image", "review_text": "Good", "date": "14 Mar 2023", "rating": {"bg_color": "#346000", "title": "5"}}, {"user_name": "Aathil Haddad", "user_image": "usr.image", "review_text": "It was a nice experience", "date": "13 Mar 2023", "rating": {"bg_color": "#346000", "title": "5"}}, {"user_name": "Karthik", "user_image": "usr.image", "review_text": "Siddu is good behaviour and everything support and he is perfect for manager i visit again good service c u Mr Sidhu", "date": "08 Mar 2023", "rating": {"bg_color": "#346000", "title": "5"}}, {"user_name": "Dharshan JaiKumarPS", "user_image": "usr.image", "review_text": "Nice stay", "date": "19 Feb 2023", "rating": {"bg_color": "#346000", "title": "5"}}, {"user_name": "Harish S", "user_image": "usr.image", "review_text": "Nice stay", "date": "17 Feb 2023", "rating": {"bg_color": "#346000", "title": "5"}}, {"user_name": "Hemanth sh", "user_image": "usr.image", "review_text": "goood", "date": "10 Feb 2023", "rating": {"bg_color": "#346000", "title": "5"}, "user_image_feedback_list": [{"image_name": "A9AFEEA2-C45F-4AAB-9871-04B20B08B74A55e29618-f44c-4018-83bf-dfb1bc2aa2e5.jpeg", "image_url": "https://images.oyoroomscdn.com/ugc-feedback-uploads/A9AFEEA2-C45F-4AAB-9871-04B20B08B74A55e29618-f44c-4018-83bf-dfb1bc2aa2e5.jpeg", "type": "jpeg", "uploaded_at": "2023-02-10", "image_id": "174289"}, {"image_name": "848FF3BA-8836-4151-B63A-ABFCF4EFE2BFeb9fa70b-1723-411b-989f-62d85ec59ff6.jpeg", "image_url": "https://images.oyoroomscdn.com/ugc-feedback-uploads/848FF3BA-8836-4151-B63A-ABFCF4EFE2BFeb9fa70b-1723-411b-989f-62d85ec59ff6.jpeg", "type": "jpeg", "uploaded_at": "2023-02-10", "image_id": "174287"}, {"image_name": "F2D7647D-6F7F-412B-A720-0B216768826Ee42ef442-41ca-452d-9379-046c8c615c6d.jpeg", "image_url": "https://images.oyoroomscdn.com/ugc-feedback-uploads/F2D7647D-6F7F-412B-A720-0B216768826Ee42ef442-41ca-452d-9379-046c8c615c6d.jpeg", "type": "jpeg", "uploaded_at": "2023-02-10", "image_id": "174288"}, {"image_name": "E7F77E2C-C3CD-4664-8989-C2C0B28EF36E4eb107e6-9430-48cc-b08c-504ec6e35630.jpeg", "image_url": "https://images.oyoroomscdn.com/ugc-feedback-uploads/E7F77E2C-C3CD-4664-8989-C2C0B28EF36E4eb107e6-9430-48cc-b08c-504ec6e35630.jpeg", "type": "jpeg", "uploaded_at": "2023-02-10", "image_id": "174286"}]}, {"user_name": "XXX XXX", "user_image": "usr.image", "review_text": "Good", "date": "23 Jan 2023", "rating": {"bg_color": "#346000", "title": "5"}}, {"user_name": "vikas", "user_image": "usr.image", "review_text": "Nice", "date": "15 Jan 2023", "rating": {"bg_color": "#346000", "title": "5"}}, {"user_name": "Sohan Dsouza", "user_image": "usr.image", "review_text": "Nice", "date": "10 Jan 2023", "rating": {"bg_color": "#346000", "title": "5"}}, {"user_name": "Ashik Shetty", "user_image": "usr.image", "review_text": "Nice", "date": "08 Jan 2023", "rating": {"bg_color": "#346000", "title": "5"}}, {"user_name": "Karthikeyan", "user_image": "usr.image", "review_text": "Nice room,very clean and hygiene", "date": "04 Jan 2023", "rating": {"bg_color": "#346000", "title": "5"}}, {"user_name": "Richie Nanjappa", "user_image": "usr.image", "review_text": "Good place, the ambience is great , good service, recommend everyone to visit here, as it very convenient", "date": "29 Dec 2022", "rating": {"bg_color": "#346000", "title": "5"}}, {"user_name": "Pavan V", "user_image": "usr.image", "review_text": "Prem was excellent\ud83d\udcaf", "date": "25 Dec 2022", "rating": {"bg_color": "#346000", "title": "5"}}, {"user_name": "Vinay m.s", "user_image": "usr.image", "review_text": "Good place to stay", "date": "15 Dec 2022", "rating": {"bg_color": "#346000", "title": "5"}}, {"user_name": "manu charlie", "user_image": "usr.image", "review_text": "Good", "date": "26 Nov 2022", "rating": {"bg_color": "#346000", "title": "5"}}, {"user_name": "Punith", "user_image": "usr.image", "review_text": "Good", "date": "25 Nov 2022", "rating": {"bg_color": "#346000", "title": "5"}}, {"user_name": "Divya gowda", "user_image": "usr.image", "review_text": "Nice", "date": "24 Nov 2022", "rating": {"bg_color": "#346000", "title": "5"}}, {"user_name": "Karthik Prabhar", "user_image": "usr.image", "review_text": "Good", "date": "24 Nov 2022", "rating": {"bg_color": "#346000", "title": "5"}}, {"user_name": "M Nagaraju", "user_image": "usr.image", "review_text": "Room clean and staff behaviour, response all is good and food is evergreen super", "date": "18 Nov 2022", "rating": {"bg_color": "#346000", "title": "5"}}, {"user_name": "satwik", "user_image": "usr.image", "review_text": "Prem service is good thnk u prem", "date": "13 Nov 2022", "rating": {"bg_color": "#346000", "title": "5"}}, {"user_name": "Arjun", "user_image": "usr.image", "review_text": "Good", "date": "06 Nov 2022", "rating": {"bg_color": "#346000", "title": "5"}}, {"user_name": "Deepu", "user_image": "usr.image", "review_text": "Nice", "date": "06 Nov 2022", "rating": {"bg_color": "#346000", "title": "5"}}, {"user_name": "Chandan", "user_image": "usr.image", "review_text": "Amazing staff, clean rooms", "date": "03 Nov 2022", "rating": {"bg_color": "#346000", "title": "5"}}, {"user_name": "Raj", "user_image": "usr.image", "review_text": "Good hotel", "date": "03 Oct 2022", "rating": {"bg_color": "#346000", "title": "5"}}, {"user_name": "Karthik", "user_image": "usr.image", "review_text": "Prem service was excellent Prem ,", "date": "30 Sep 2022", "rating": {"bg_color": "#346000", "title": "5"}}, {"user_name": "Murali Krishna", "user_image": "usr.image", "review_text": "The reception persons are Very Good and Quality of Service is Top Notch . Special Mention to receptionists Jyothi and Prem . Would lIke to Visit Again and Again.", "date": "19 Sep 2022", "rating": {"bg_color": "#346000", "title": "5"}}, {"user_name": "Dhanush.R", "user_image": "usr.image", "review_text": "Good staf", "date": "13 Sep 2022", "rating": {"bg_color": "#346000", "title": "5"}}, {"user_name": "Sanketkarudagimath", "user_image": "usr.image", "review_text": "Good", "date": "09 Sep 2022", "rating": {"bg_color": "#346000", "title": "5"}}, {"user_name": "Nithin KS", "user_image": "usr.image", "review_text": "The stay was pretty great. Didn't expect the place to be that clean and the staff was very friendly as well. Had a pretty great stay.", "date": "09 Sep 2022", "rating": {"bg_color": "#346000", "title": "5"}}, {"user_name": "Raj", "user_image": "usr.image", "review_text": "Is good", "date": "07 Sep 2022", "rating": {"bg_color": "#346000", "title": "5"}}, {"user_name": "JUNAID Khan", "user_image": "usr.image", "review_text": "Great", "date": "07 Sep 2022", "rating": {"bg_color": "#346000", "title": "5"}}, {"user_name": "Raj", "user_image": "usr.image", "review_text": "Is good", "date": "05 Sep 2022", "rating": {"bg_color": "#346000", "title": "5"}}, {"user_name": "Sagarika", "user_image": "usr.image", "review_text": "It was nice.", "date": "01 Sep 2022", "rating": {"bg_color": "#346000", "title": "5"}}, {"user_name": "Akash", "user_image": "usr.image", "review_text": "Good", "date": "31 Aug 2022", "rating": {"bg_color": "#346000", "title": "5"}}, {"user_name": "Manu MS", "user_image": "usr.image", "review_text": "Good staf", "date": "28 Aug 2022", "rating": {"bg_color": "#346000", "title": "5"}}, {"user_name": "PruthviGowda", "user_image": "usr.image", "review_text": "Good", "date": "19 Aug 2022", "rating": {"bg_color": "#346000", "title": "5"}}, {"user_name": "ULLAS G", "user_image": "usr.image", "review_text": "Good staf", "date": "18 Aug 2022", "rating": {"bg_color": "#346000", "title": "5"}}, {"user_name": "suhas", "user_image": "usr.image", "review_text": "Good", "date": "18 Aug 2022", "rating": {"bg_color": "#346000", "title": "5"}}, {"user_name": "Abhijith P", "user_image": "usr.image", "review_text": "I like this all staff and restorent food.. Is awesome  room was neat ...and reception  Prem  and Jyothi madam... Basavaraj   ..the managers .good and friendly  ..\nHotel also had a parking facility for the guests... Compulsory try this mandhi chiken is very very nice ..this taste is excellent... We will definitely stay there again.. Very great place to stay and relax... Thank u so much oyo town house 040\ud83d\ude0d", "date": "18 Aug 2022", "rating": {"bg_color": "#346000", "title": "5"}}, {"user_name": "Varun", "user_image": "usr.image", "review_text": "Good staff", "date": "18 Aug 2022", "rating": {"bg_color": "#346000", "title": "5"}}, {"user_name": "sunil", "user_image": "usr.image", "review_text": "Excellent star ...nice stay", "date": "16 Aug 2022", "rating": {"bg_color": "#346000", "title": "5"}}, {"user_name": "Shiva", "user_image": "usr.image", "review_text": "Good", "date": "16 Aug 2022", "rating": {"bg_color": "#346000", "title": "5"}}, {"user_name": "Geo Alexander", "user_image": "usr.image", "review_text": "Good stay.", "date": "16 Aug 2022", "rating": {"bg_color": "#346000", "title": "5"}}, {"user_name": "Hitesh", "user_image": "usr.image", "review_text": "Great experience", "date": "15 Aug 2022", "rating": {"bg_color": "#346000", "title": "5"}}, {"user_name": "Vijay", "user_image": "usr.image", "review_text": "Overall very good experience", "date": "15 Aug 2022", "rating": {"bg_color": "#346000", "title": "5"}}, {"user_name": "Shreya Adhikary", "user_image": "usr.image", "review_text": "Reception was good", "date": "12 Aug 2022", "rating": {"bg_color": "#346000", "title": "5"}}, {"user_name": "Raj", "user_image": "usr.image", "review_text": "Very good hotel and receptionist and service so I am happy.", "date": "10 Aug 2022", "rating": {"bg_color": "#346000", "title": "5"}}, {"user_name": "Shahid Afridi", "user_image": "usr.image", "review_text": "Reception was good", "date": "10 Aug 2022", "rating": {"bg_color": "#346000", "title": "5"}}, {"user_name": "Anirudh", "user_image": "usr.image", "review_text": "Reception was good", "date": "10 Aug 2022", "rating": {"bg_color": "#346000", "title": "5"}}, {"user_name": "maruti mrathod", "user_image": "usr.image", "review_text": "Best rooms and services is best", "date": "07 Aug 2022", "rating": {"bg_color": "#346000", "title": "5"}}, {"user_name": "Anudeep C", "user_image": "usr.image", "review_text": "Reception was excellent and staff are very good.\nProperty is well maintained.", "date": "07 Aug 2022", "rating": {"bg_color": "#346000", "title": "5"}}, {"user_name": "sneha", "user_image": "usr.image", "review_text": "Reception is good.", "date": "07 Aug 2022", "rating": {"bg_color": "#346000", "title": "5"}}, {"user_name": "Rajesh", "user_image": "usr.image", "review_text": "The reception was excellent. The stay was very good. Very good rooms and clean. Food was excellent.", "date": "05 Aug 2022", "rating": {"bg_color": "#346000", "title": "5"}}, {"user_name": "Aditya Aravind", "user_image": "usr.image", "review_text": "Good", "date": "03 Aug 2022", "rating": {"bg_color": "#346000", "title": "5"}}, {"user_name": "chandru", "user_image": "usr.image", "review_text": "Nice vacation", "date": "01 Aug 2022", "rating": {"bg_color": "#346000", "title": "5"}}, {"user_name": "Anji Royal", "user_image": "usr.image", "review_text": "Everything great", "date": "22 Jul 2022", "rating": {"bg_color": "#346000", "title": "5"}}, {"user_name": "Naveen Purimitla", "user_image": "usr.image", "review_text": "good", "date": "17 Jul 2022", "rating": {"bg_color": "#346000", "title": "5"}}, {"user_name": "Aditya", "user_image": "usr.image", "review_text": "Excellent hotel seriously, worth to spend that much money for it. And guess there\u2019s a plus point, which is- Delicious and affordable food!!!!!! I liked this hotel and service. Overwhelming experience..\ud83d\ude42\ud83d\ude42", "date": "04 Jun 2022", "rating": {"bg_color": "#346000", "title": "5"}}, {"user_name": "vish", "user_image": "usr.image", "review_text": "The room quality is good... Staff members are very nice . I feel like home . Facilities are awesome", "date": "11 Feb 2023", "rating": {"bg_color": "#58ac00", "title": "4"}}, {"user_name": "Avinash Sreeramula", "user_image": "usr.image", "review_text": "The room and services were good. TV not functioning. In one room bathroom doesn't close from outside, and for one room they didn't even provide access key card until I complained to OYO.", "date": "05 Jan 2023", "rating": {"bg_color": "#58ac00", "title": "4"}, "user_image_feedback_list": [{"image_name": "IMG_20230105_0759248b3a0b7f-0f28-4be4-b1bc-7f37273ff2df.jpg", "image_url": "https://images.oyoroomscdn.com/ugc-feedback-uploads/IMG_20230105_0759248b3a0b7f-0f28-4be4-b1bc-7f37273ff2df.jpg", "type": "jpg", "uploaded_at": "2023-01-05", "image_id": "164194"}, {"image_name": "IMG_20230105_081105f89e71ba-c73f-4d71-87e6-7ece45ac6d1d.jpg", "image_url": "https://images.oyoroomscdn.com/ugc-feedback-uploads/IMG_20230105_081105f89e71ba-c73f-4d71-87e6-7ece45ac6d1d.jpg", "type": "jpg", "uploaded_at": "2023-01-05", "image_id": "164193"}, {"image_name": "IMG_20230104_190455326c45b8-d37f-48e8-b945-ebba68bcb3b3.jpg", "image_url": "https://images.oyoroomscdn.com/ugc-feedback-uploads/IMG_20230104_190455326c45b8-d37f-48e8-b945-ebba68bcb3b3.jpg", "type": "jpg", "uploaded_at": "2023-01-05", "image_id": "164195"}]}, {"user_name": "Aryan Warathe", "user_image": "usr.image", "review_text": "Little overpriced but good", "date": "28 Nov 2022", "rating": {"bg_color": "#58ac00", "title": "4"}}, {"user_name": "Abhishek", "user_image": "usr.image", "review_text": "Clean rooms and they are hygienic. I would suggest them to use some good air freshners in the rooms", "date": "21 Nov 2022", "rating": {"bg_color": "#58ac00", "title": "4"}}, {"user_name": "Vijetha", "user_image": "usr.image", "review_text": "Stay was good but facilities like towel, soap and internet can be improved", "date": "21 Nov 2022", "rating": {"bg_color": "#58ac00", "title": "4"}}, {"user_name": "DarshanHegde", "user_image": "usr.image", "review_text": "Rooms were good and clean, ample parking. Area is good. No questions asked. Plenty of restaurants close by.", "date": "08 Nov 2022", "rating": {"bg_color": "#58ac00", "title": "4"}}, {"user_name": "Sudheer", "user_image": "usr.image", "review_text": "Hotel is charg", "date": "12 Oct 2022", "rating": {"bg_color": "#58ac00", "title": "4"}}, {"user_name": "mahesh kasindi", "user_image": "usr.image", "review_text": "Nice hotel. Friendly receptionist. But they say rooms starting at 1600, we gotta pay the difference amount.", "date": "13 Sep 2022", "rating": {"bg_color": "#58ac00", "title": "4"}}, {"user_name": "Harishmurthy", "user_image": "usr.image", "review_text": "AC was not working properly other than this it was pretty good", "date": "06 Sep 2022", "rating": {"bg_color": "#58ac00", "title": "4"}}, {"user_name": "Chethan Kumar", "user_image": "usr.image", "review_text": "Rooms are not so clean but ok staff are friendly and very good", "date": "02 Sep 2022", "rating": {"bg_color": "#58ac00", "title": "4"}}, {"user_name": "MOLOY KRROYCHOWDHURY", "user_image": "usr.image", "review_text": "Good place to stay. All the staff are welmannar.", "date": "13 Aug 2022", "rating": {"bg_color": "#58ac00", "title": "4"}, "user_image_feedback_list": [{"image_name": "20220812_0841386034b700-f586-4f2b-8cb9-ceb298d44289.jpg", "image_url": "https://images.oyoroomscdn.com/ugc-feedback-uploads/20220812_0841386034b700-f586-4f2b-8cb9-ceb298d44289.jpg", "type": "jpg", "uploaded_at": "2022-08-13", "image_id": "107519"}]}, {"user_name": "Daphne", "user_image": "usr.image", "review_text": "The stay was good", "date": "07 Aug 2022", "rating": {"bg_color": "#58ac00", "title": "4"}}, {"user_name": "Subhash", "user_image": "usr.image", "review_text": "TV, AC and wifi was not working which is basic stuffs when your looking for a room.", "date": "24 Apr 2023", "rating": {"bg_color": "#8fc402", "title": "3"}}, {"user_name": "Ranjith NR", "user_image": "usr.image", "review_text": "Rooms are good but tv not working and hot water is not there and good service good food statisfi to tell this", "date": "26 Dec 2022", "rating": {"bg_color": "#8fc402", "title": "3"}}, {"user_name": "Gayathri", "user_image": "usr.image", "review_text": "Room wasn't upto the mark.", "date": "08 Dec 2022", "rating": {"bg_color": "#8fc402", "title": "3"}}, {"user_name": "Reshma S", "user_image": "usr.image", "review_text": "We booked and payed online and when we went to the OYO checkin we were asked to pay extra \u20b9400/- because it was on a weekend and they told us it wasn\u2019t updated on the OYO app", "date": "06 Dec 2022", "rating": {"bg_color": "#8fc402", "title": "3"}}, {"user_name": "Mayank M Kashyap", "user_image": "usr.image", "review_text": "The price for booking showed 896 and the price on arrival was increased to 1800, this was not professional. Please update the price on the app.", "date": "24 Oct 2022", "rating": {"bg_color": "#8fc402", "title": "3"}}, {"user_name": "Shampi", "user_image": "usr.image", "review_text": "Good", "date": "18 Sep 2022", "rating": {"bg_color": "#8fc402", "title": "3"}}, {"user_name": "917349096088", "user_image": "usr.image", "review_text": "AC is not working / AC is not maintained Properly.", "date": "05 Sep 2022", "rating": {"bg_color": "#8fc402", "title": "3"}}, {"user_name": "Sonu", "user_image": "usr.image", "review_text": "Overall it looks Premium from Outside rather than inside..Rooms are not Good and Hygeine.. No proper Facilties were issued .. TV was Not working .. AC Not Working Properly.. No Towels were issued.. Even the fan Was not Working Properly..Staff were not So quick And Responsive.. Quite a Bad stay..they Show all Facilities is available in this OYO Town house but none of them were usefull.. \nOverall Rating was 1 0ut of 5...", "date": "24 Apr 2023", "rating": {"bg_color": "#feba00", "title": "2"}}, {"user_name": "Akshay Savakar", "user_image": "usr.image", "review_text": "The AC wasn\u2019t working properly. Despite complaining about it for 4-5 times , there wasn\u2019t any proper response from the reception. Plus the fan was too noisy .We had to repeatedly ask for them to get the things done which made me feel that it wasn\u2019t worth 1305 the money.", "date": "09 Apr 2023", "rating": {"bg_color": "#feba00", "title": "2"}}, {"user_name": "Monica", "user_image": "usr.image", "review_text": "Service is not good", "date": "18 Mar 2023", "rating": {"bg_color": "#feba00", "title": "2"}}, {"user_name": "nagbhushan", "user_image": "usr.image", "review_text": "They are not provide dustbin, towel was dirty,asking extra money from customers.\nBad experience from this.", "date": "12 Feb 2023", "rating": {"bg_color": "#feba00", "title": "2"}}, {"user_name": "parameshwar", "user_image": "usr.image", "review_text": "Bed andtowel  was used,not given soap and shampoo.", "date": "11 Jan 2023", "rating": {"bg_color": "#feba00", "title": "2"}}, {"user_name": "Praful Das", "user_image": "usr.image", "review_text": "They had asked me to pay an additional 690/- saying the standard tariff was not updated in oyo app.", "date": "27 Oct 2022", "rating": {"bg_color": "#feba00", "title": "2"}}, {"user_name": "Sreevani", "user_image": "usr.image", "review_text": "They did not recharge Tata sky. Even after asking", "date": "15 Oct 2022", "rating": {"bg_color": "#feba00", "title": "2"}}, {"user_name": "Noufal", "user_image": "usr.image", "review_text": "I BOOKED THIS ROOM FOR ONE THOUSAND TWO HUNDRED RUPEES (1200) IN OYO APP. BUT HOTEL RECEPTIONIST DEMANDED 1500 RUPEES. BED QUALITY IS POOR WHICH IS SUPPORTED BY BIG STONE. ROOM NUMBER 403", "date": "09 Sep 2022", "rating": {"bg_color": "#feba00", "title": "2"}}, {"user_name": "praveen kumar", "user_image": "usr.image", "review_text": "Ac was not working\nTv was not recharged \nNo Water availability in room \nZero room service", "date": "04 Sep 2022", "rating": {"bg_color": "#feba00", "title": "2"}}, {"user_name": "Harshith Krishna", "user_image": "usr.image", "review_text": "No towels\nNo dustbin\nThere was no soap or even shampoo sachet kept\nThey don't allow outside food, but I regularly order potato wedges whenever I stay here! The quantity and taste was very bad this time!", "date": "18 Jul 2022", "rating": {"bg_color": "#feba00", "title": "2"}}, {"user_name": "Poojith", "user_image": "usr.image", "review_text": "we had to pay extra 500 for the stay it was a scam", "date": "01 Jul 2022", "rating": {"bg_color": "#feba00", "title": "2"}}, {"user_name": "Tapan KumarDeb", "user_image": "usr.image", "review_text": "There was no T.V & A/C remote.We were 3 Guest 2 Pillows given.No Bedsheets were changed,No sweeping & Cleanliness wash room during staying period.\nWe have been cheated  monetary loss of Rs.6336.00 UTR 215742860282 dt.6.6.22\nWe received call from OYO at 3.48 pm on 6/6/22 M.No.8860195048 for giving balance payment of Hotel Room.\nIt was a Worst experience with us.\nPls. find what happened on that day.", "date": "14 Jun 2022", "rating": {"bg_color": "#feba00", "title": "2"}}, {"user_name": "Harshit Malhotra", "user_image": "usr.image", "review_text": "The room was dirty, swiggy and zomato weren\u2019t allowed to come upstairs. No complimentary breakfast served, Tv wasn\u2019t working", "date": "19 Apr 2023", "rating": {"bg_color": "#ff4742", "title": "1"}}, {"user_name": "Husna Toragall", "user_image": "usr.image", "review_text": "Firstly I'll say what the pictures show, the reality isn't just true. It's just portrayed to look good but it is very poor. It's a dingy looking hotel and the people at reception have no courtesy at all. No hospitality was served. While booking I had specially mentioned the OYO executives to book a room with twin beds and they had agreed. When reached the hotel and asked for the same, I was told they do not have twin beds. Also when booking the package showed TV and free wifi, but the TV was disconnected in the rooms. No proper management. \n\nVery disappointed and will never believe on OYO again.\nAll these above posted happy reviews are fake and good enough to trap customers.", "date": "17 Apr 2023", "rating": {"bg_color": "#ff4742", "title": "1"}}, {"user_name": "Ravi Kumar", "user_image": "usr.image", "review_text": "In the portal mentioned not confirmed please pay the cost. But cost was deducted, I called the available contact no but they have not responded so i am not visited the hotel. \nWebsite showing some thing and I recieved msg from the portal you have entered the hotel. \nDon't trust Oyo rooms. How can they communicate that we have stayed there and vacated as well.", "date": "03 Apr 2023", "rating": {"bg_color": "#ff4742", "title": "1"}}, {"user_name": "NavaShareef", "user_image": "usr.image", "review_text": "Worst place i have ever been .", "date": "14 Mar 2023", "rating": {"bg_color": "#ff4742", "title": "1"}}, {"user_name": "Vasant Dodamani", "user_image": "usr.image", "review_text": "Very disappointed, walls not clean, no ac, tv,  \nNo proper water facility in bathroom, worst maintained cupboards. Never book this oyo, even charged 220/- during checkin, its exactly opposite of what they showed in app pics", "date": "05 Mar 2023", "rating": {"bg_color": "#ff4742", "title": "1"}}, {"user_name": "Praveen Patted", "user_image": "usr.image", "review_text": "Hotel staff are worst and don't have manners.. Rooms are not well maintained and not tidy, and in reception they took extra 250rs dont know why..", "date": "05 Mar 2023", "rating": {"bg_color": "#ff4742", "title": "1"}}]}}, {"data": {"title": "167 Verified Reviews", "rating_data": {"title": "4.1", "bg_color": "#58ac00", "tag": "Very Good", "subtitle": "1125 ratings on verified stays by guests"}, "sort_options": [{"type": "date-high", "title": "Recent reviews"}, {"type": "rating-high", "title": "High to low ratings"}, {"type": "rating-low", "title": "Low to high ratings"}], "is_last": true, "reviews": [{"user_name": "Dileep Kumar", "user_image": "usr.image", "review_text": "This has to be one of the worst stay I booked till now. The front desk behavior was as if we were illegally occupying their property. If there was a book on how not to welcome someone into your house this place front desk can be a great example. \nAlso they won't accept any card or upi payment. They insist on cash payment only.", "date": "05 Feb 2023", "rating": {"bg_color": "#ff4742", "title": "1"}}, {"user_name": "Athreyan Sudhakar", "user_image": "usr.image", "review_text": "Rooms were clean and neat but there is no water bottles and we were 6 people and it booked two rooms but there is place for two people in single room and when we asked for extra bed they haven't provided any also during booking it showed complimentary breakfast and it's also not provided, also the receptionist is so rude.", "date": "30 Jan 2023", "rating": {"bg_color": "#ff4742", "title": "1"}}, {"user_name": "Ranjith", "user_image": "usr.image", "review_text": "The wasn't cleaned and was dirty, and the be dspread was full of stains and the receptionist didn't even care to inform us about this", "date": "13 Jan 2023", "rating": {"bg_color": "#ff4742", "title": "1"}}, {"user_name": "Karthik", "user_image": "usr.image", "review_text": "Worst experience i never seen no facility staff behaviour is not good it's worst service", "date": "13 Jan 2023", "rating": {"bg_color": "#ff4742", "title": "1"}}, {"user_name": "Karthik", "user_image": "usr.image", "review_text": "Nothing nothing lodge is better reception guy behaviour is not good he don't know how to talk Geust this is worst experience in my life I never come this hotel \nNo Mask No sanitizer\nNo bedsheet change and pillow cover inside room cockroach \ud83e\udeb3", "date": "12 Jan 2023", "rating": {"bg_color": "#ff4742", "title": "1"}, "user_image_feedback_list": [{"image_name": "why-do-cockroaches-die-in-my-houseefd4b512-565c-4588-97ba-23f622b0e283.jpg", "image_url": "https://images.oyoroomscdn.com/ugc-feedback-uploads/why-do-cockroaches-die-in-my-houseefd4b512-565c-4588-97ba-23f622b0e283.jpg", "type": "jpg", "uploaded_at": "2023-01-12", "image_id": "166886"}]}, {"user_name": "Anitha", "user_image": "usr.image", "review_text": "No properly maintained staff behaviour is not good I'm waiting 1hr no one receptionist after that he was asking extra amount poor service i never seen this type of service", "date": "12 Jan 2023", "rating": {"bg_color": "#ff4742", "title": "1"}}, {"user_name": "Anitha", "user_image": "usr.image", "review_text": "No words to say experience is wors hotel dirty washroom cockroach in room no sanitizer", "date": "11 Jan 2023", "rating": {"bg_color": "#ff4742", "title": "1"}}, {"user_name": "Anitha", "user_image": "usr.image", "review_text": "Poor service and extra amount collected we can't expect this hotel side worst service i never seen", "date": "10 Jan 2023", "rating": {"bg_color": "#ff4742", "title": "1"}}, {"user_name": "Joel Pinto", "user_image": "usr.image", "review_text": "Delay in check in no proper parking and very smell inside room I strongly recommend you to not to go here", "date": "10 Dec 2022", "rating": {"bg_color": "#ff4742", "title": "1"}}, {"user_name": "Venkat", "user_image": "usr.image", "review_text": "I was denied Check in . When I went to the location", "date": "10 Dec 2022", "rating": {"bg_color": "#ff4742", "title": "1"}}, {"user_name": "shiva prasad", "user_image": "usr.image", "review_text": "Price on the app and price charged was different, No hot water and AC was not working as well..... Bathroom knobs were broken.... Delay in allotment...", "date": "09 Dec 2022", "rating": {"bg_color": "#ff4742", "title": "1"}}, {"user_name": "Hemant Naik", "user_image": "usr.image", "review_text": "Worst experience", "date": "02 Dec 2022", "rating": {"bg_color": "#ff4742", "title": "1"}}, {"user_name": "Kiran", "user_image": "usr.image", "review_text": "Not good as before everything has been changed", "date": "14 Nov 2022", "rating": {"bg_color": "#ff4742", "title": "1"}}, {"user_name": "Chandrashekar K", "user_image": "usr.image", "review_text": "They made us to wait for 1 hour time to give the towel and water bottle, the tv was broken without any channels subscription and finally it was so embarrassing movement that there is no hot water coming in the bathroom, I never visit this hotel again in my future, even they offer me a free of cost stay", "date": "02 Nov 2022", "rating": {"bg_color": "#ff4742", "title": "1"}}, {"user_name": "rahul", "user_image": "usr.image", "review_text": "They always making new rules by their favour that they didnt mention in privacy and policy...bad manners and customer service....communicating with them is so hard and theyre always tryna find a way to trick guest..room is average... No hygiene.. On first day we saw under garments on  doorways..bad experince", "date": "31 Oct 2022", "rating": {"bg_color": "#ff4742", "title": "1"}}, {"user_name": "Mithun Bhat", "user_image": "usr.image", "review_text": "charged me extra money other than what I paid on oyo app. it's horrible", "date": "28 Oct 2022", "rating": {"bg_color": "#ff4742", "title": "1"}}, {"user_name": "Amith S", "user_image": "usr.image", "review_text": "They changed more than what was supposed to be,  I laid online but even they said they will charge double and denied room if not paid.\n\nOyo is running the worst bussiness,  plzz don't steal money from customers saying the room is booked fr some prize and steal money after going there", "date": "25 Oct 2022", "rating": {"bg_color": "#ff4742", "title": "1"}}, {"user_name": "SUPREETH Y", "user_image": "usr.image", "review_text": "Worst rooms not respand tv not working", "date": "19 Oct 2022", "rating": {"bg_color": "#ff4742", "title": "1"}}, {"user_name": "Deepan", "user_image": "usr.image", "review_text": "My booking was completed and i paid the payment fully but in reception Oyo customer told me to pay per day 1600 i booked for 3nits  and he didn't use my booking I'd for booking also he asking for money otherwise u can see another hotel like that he saying.TV is not working AC is not working nothing is proper no one choose that hotel If u want to go means before confirm once with receptionist.", "date": "10 Oct 2022", "rating": {"bg_color": "#ff4742", "title": "1"}}, {"user_name": "Kiran R", "user_image": "usr.image", "review_text": "I had paid extra 1000", "date": "10 Oct 2022", "rating": {"bg_color": "#ff4742", "title": "1"}}, {"user_name": "Mayank khan", "user_image": "usr.image", "review_text": "The hotel charged 2x plus oyo charge", "date": "30 Sep 2022", "rating": {"bg_color": "#ff4742", "title": "1"}}, {"user_name": "Martin Vineeth", "user_image": "usr.image", "review_text": "The moment I checked in, the hotel guys told.\nThe price you have booked the room is for 800Rupees but there is some issue in the app and because of that it's showing less amount.\nThey asked us to pay 1600 and they themself cancelled the booking from my app.\nThis is not at all acceptable.", "date": "27 Sep 2022", "rating": {"bg_color": "#ff4742", "title": "1"}}, {"user_name": "Ruthwik", "user_image": "usr.image", "review_text": "They charged extra at the time of check in", "date": "24 Sep 2022", "rating": {"bg_color": "#ff4742", "title": "1"}}, {"user_name": "Sahana P Bhat", "user_image": "usr.image", "review_text": "Worst", "date": "24 Sep 2022", "rating": {"bg_color": "#ff4742", "title": "1"}}, {"user_name": "Chetan gowda", "user_image": "usr.image", "review_text": "In Oyo app chargers are different and in hotel the room charges are different they have changed me extra 700 \nThis not fair and it's not refundable", "date": "22 Sep 2022", "rating": {"bg_color": "#ff4742", "title": "1"}}, {"user_name": "Deepak", "user_image": "usr.image", "review_text": "They charged extra amount", "date": "22 Sep 2022", "rating": {"bg_color": "#ff4742", "title": "1"}}, {"user_name": "Kaushal", "user_image": "usr.image", "review_text": "Charged extra during check in, service was mediocre", "date": "21 Sep 2022", "rating": {"bg_color": "#ff4742", "title": "1"}}, {"user_name": "koushik", "user_image": "usr.image", "review_text": "They charged \u20b91600 instead of the actual amount.", "date": "19 Sep 2022", "rating": {"bg_color": "#ff4742", "title": "1"}}, {"user_name": "Akash", "user_image": "usr.image", "review_text": "I was charged extra", "date": "19 Sep 2022", "rating": {"bg_color": "#ff4742", "title": "1"}}, {"user_name": "Aishwarya", "user_image": "usr.image", "review_text": "I was asked to pay extra 600 rupees on checkin... The room wasn't ready for early check-in.", "date": "18 Sep 2022", "rating": {"bg_color": "#ff4742", "title": "1"}}, {"user_name": "Chandru", "user_image": "usr.image", "review_text": "They asked extra amount for checkin", "date": "14 Sep 2022", "rating": {"bg_color": "#ff4742", "title": "1"}}, {"user_name": "Somaling Kutri", "user_image": "usr.image", "review_text": "The hotel staff charged me extra 1200 rupees, no good service, not hot water, no room cleaning, if anything food order then that you can get after 2-3 hours. All hotel staff is a. Liers. Ii need the hotel management contact number for or mail id. Please don't book this hotel friends.", "date": "14 Sep 2022", "rating": {"bg_color": "#ff4742", "title": "1"}, "user_image_feedback_list": [{"image_name": "IMG_20220912_2019585b9c4d21-fef9-4e54-ae77-c0b04f205ca1.jpg", "image_url": "https://images.oyoroomscdn.com/ugc-feedback-uploads/IMG_20220912_2019585b9c4d21-fef9-4e54-ae77-c0b04f205ca1.jpg", "type": "jpg", "uploaded_at": "2022-09-14", "image_id": "119048"}]}, {"user_name": "Shashank C", "user_image": "usr.image", "review_text": "Hotel charged extra 700 to stay or else they were cancelling the booking", "date": "11 Sep 2022", "rating": {"bg_color": "#ff4742", "title": "1"}}, {"user_name": "Prajwal", "user_image": "usr.image", "review_text": "Asking extra money once you visit there", "date": "09 Sep 2022", "rating": {"bg_color": "#ff4742", "title": "1"}}, {"user_name": "Anurag Joshi", "user_image": "usr.image", "review_text": "This hotel forced me to pay 1600 rs for a room irrespective of what price was shown in the oyo app.", "date": "06 Sep 2022", "rating": {"bg_color": "#ff4742", "title": "1"}}, {"user_name": "Anurag Joshi", "user_image": "usr.image", "review_text": "No cleanliness, there were a lot of cockroaches. Nobody comes for daily cleaning on their own, you have to call and request for it.", "date": "06 Sep 2022", "rating": {"bg_color": "#ff4742", "title": "1"}}, {"user_name": "karthik", "user_image": "usr.image", "review_text": "Check in problem asking for more money", "date": "09 Aug 2022", "rating": {"bg_color": "#ff4742", "title": "1"}}, {"user_name": "Gaurav", "user_image": "usr.image", "review_text": "I was charged extra!", "date": "06 Aug 2022", "rating": {"bg_color": "#ff4742", "title": "1"}}, {"user_name": "Manish", "user_image": "usr.image", "date": "02 Aug 2022", "rating": {"bg_color": "#ff4742", "title": "1"}, "user_image_feedback_list": [{"image_name": "images (8)d208da34-5da8-4678-b99d-b6666e6fd93b.jpeg", "image_url": "https://images.oyoroomscdn.com/ugc-feedback-uploads/images (8)d208da34-5da8-4678-b99d-b6666e6fd93b.jpeg", "type": "jpeg", "uploaded_at": "2022-08-02", "image_id": "103779"}]}, {"user_name": "Mohan", "user_image": "usr.image", "review_text": "1. Asked extra money along with the money paid through OYO BOOKING. \n2. While booking, complimentary breakfast was available. and while checking in the staff cooly and unapologetically says there is no breakfast, if you want you will have to order from the restaurant outside the property and it opens only by 11.30 am. Outside food is not allowed. they expect us to starve till 11.30am\n3. The staff are highly unprofessional and they don't know anything about the hospitality. \n4. Worst check in experience, had to wait for long time to get a better room. Service is very delayed and worst. Rooms are pathetic and unhygienic. \n5. Picture image of room are completely different from what u see on app, before check in please cross check if it looks good.\n6. This place is totally unfit to be called a place to stay.", "date": "31 Jul 2022", "rating": {"bg_color": "#ff4742", "title": "1"}}, {"user_name": "Jeothikumar", "user_image": "usr.image", "review_text": "I paid in advance but the experience with the property management was very bad. I complained that the a/c was not working properly and the fan was not working at all; but nobody turned up inspite of reminding twice!\nWe were stunned to see our locked room left open when we came back from outside. They offered to change the room....but again to our surprise nothing happened except that we were waiting like fools!We checked out immediately to find a safer and better place.What a customer service!!! No security at all; shame and pity on you the so called OYO!! I would suggest that nobody should ever stay at any of the OYO properties ever to avoid such worst experiences!!!", "date": "30 Jul 2022", "rating": {"bg_color": "#ff4742", "title": "1"}}, {"user_name": "Jh", "user_image": "usr.image", "review_text": "They ask you to pay extra when you reach the place by telling that they're not in ties with Oyo and said that they \"cancelled the booking but you just didn't get the notification\" and they don't allow you to order food from out which doesn't make sense at all, plus the rooms are poorly maintained and the AC n stuff doesn't work in a good condition. The bed was extremely uncomfortable, i could feel the springs out poking through the mattress. DONT book. this. place.", "date": "30 Jul 2022", "rating": {"bg_color": "#ff4742", "title": "1"}}, {"user_name": "Abhilash Swapnik", "user_image": "usr.image", "review_text": "I paid the amount to confirm my booking on Oyo app and when I went to check in the hotel charged me more. I raised a complaint and gave the complete information but the support team is useless.", "date": "30 Jul 2022", "rating": {"bg_color": "#ff4742", "title": "1"}}, {"user_name": "SaketMaheshwari", "user_image": "usr.image", "review_text": "Charged me extra for room or check in was denied", "date": "29 Jul 2022", "rating": {"bg_color": "#ff4742", "title": "1"}}, {"user_name": "Ajay Boya", "user_image": "usr.image", "review_text": "No outside food allowed & no hygiene", "date": "26 Jul 2022", "rating": {"bg_color": "#ff4742", "title": "1"}}, {"user_name": "bibhudatta", "user_image": "usr.image", "review_text": "very bad service", "date": "15 Jul 2022", "rating": {"bg_color": "#ff4742", "title": "1"}}, {"user_name": "bibhudatta", "user_image": "usr.image", "review_text": "if i can give 0 ,then I will give zero for this pathetic hotel and staff", "date": "14 Jul 2022", "rating": {"bg_color": "#ff4742", "title": "1"}}, {"user_name": "karthikgv", "user_image": "usr.image", "review_text": "Poor", "date": "12 Jul 2022", "rating": {"bg_color": "#ff4742", "title": "1"}}, {"user_name": "John Franklin", "user_image": "usr.image", "review_text": "Pathetic check in experience charged extra Rs.619 totally charged Rs.1600 for room. In oyo app it shown Rs.981 so i preferred this hotel.", "date": "10 Jul 2022", "rating": {"bg_color": "#ff4742", "title": "1"}}, {"user_name": "prasannagh", "user_image": "usr.image", "review_text": "worst bath fittings didn't have the tap controller and no toiletries found in the room", "date": "08 Jul 2022", "rating": {"bg_color": "#ff4742", "title": "1"}}, {"user_name": "Vimal Mon", "user_image": "usr.image", "review_text": "Nothing.No customer support was there", "date": "05 Jul 2022", "rating": {"bg_color": "#ff4742", "title": "1"}}, {"user_name": "Vinod", "user_image": "usr.image", "review_text": "they charged us extra amount. on upon which I have contacted OYO customer service.. and they said it will be refunded.. and it's not yet done", "date": "27 Jun 2022", "rating": {"bg_color": "#ff4742", "title": "1"}}, {"user_name": "Manukumar", "user_image": "usr.image", "review_text": "worst experience", "date": "23 Jun 2022", "rating": {"bg_color": "#ff4742", "title": "1"}}, {"user_name": "Shivkiran", "user_image": "usr.image", "review_text": "the property manager did not let us go ahead with the booking and make us pay more than double than what was mentioned on the app....horrible experience with oyo", "date": "21 Jun 2022", "rating": {"bg_color": "#ff4742", "title": "1"}}, {"user_name": "Ayushi Pandey", "user_image": "usr.image", "review_text": "Charge extra 200 for check in", "date": "21 Jun 2022", "rating": {"bg_color": "#ff4742", "title": "1"}}, {"user_name": "Anil Kumar", "user_image": "usr.image", "review_text": "worst every . don't even book . no proper ac, doors, service .", "date": "20 Jun 2022", "rating": {"bg_color": "#ff4742", "title": "1"}}, {"user_name": "Rohith Rjain", "user_image": "usr.image", "review_text": "charged 500 extra", "date": "19 Jun 2022", "rating": {"bg_color": "#ff4742", "title": "1"}}, {"user_name": "HARI NARAYANANA", "user_image": "usr.image", "review_text": "never choose this one. I booked this hotel for 2505 for 2 nights stay as shown in this app. but while check in they said the price is 1500 per night so I need to pay 495 more to get the room.i contacted oyo support and they didn't really know what to do. they said they will check with the lroperty manager an put my call on hold after 15 minutes they disconnected the call. such a pathetic support system. rooms was dirty, sheets had stains on them poorly maintained washroom... the list goes on.. I would never recomend any one this hotel.", "date": "19 Jun 2022", "rating": {"bg_color": "#ff4742", "title": "1"}, "user_image_feedback_list": [{"image_name": "hotel_image_83365dd4-d577-4e7f-8115-e8d163bbd8592537410671465998630.jpeg", "image_url": "https://images.oyoroomscdn.com/ugc-feedback-uploads/hotel_image_83365dd4-d577-4e7f-8115-e8d163bbd8592537410671465998630.jpeg", "type": "jpeg", "uploaded_at": "2022-06-19", "image_id": "84506"}, {"image_name": "hotel_image_83365dd4-d577-4e7f-8115-e8d163bbd85987385325928822100.jpeg", "image_url": "https://images.oyoroomscdn.com/ugc-feedback-uploads/hotel_image_83365dd4-d577-4e7f-8115-e8d163bbd85987385325928822100.jpeg", "type": "jpeg", "uploaded_at": "2022-06-19", "image_id": "84505"}, {"image_name": "hotel_image_83365dd4-d577-4e7f-8115-e8d163bbd8595652501474874778575.jpeg", "image_url": "https://images.oyoroomscdn.com/ugc-feedback-uploads/hotel_image_83365dd4-d577-4e7f-8115-e8d163bbd8595652501474874778575.jpeg", "type": "jpeg", "uploaded_at": "2022-06-19", "image_id": "84508"}, {"image_name": "hotel_image_83365dd4-d577-4e7f-8115-e8d163bbd8594713912107114515555.jpeg", "image_url": "https://images.oyoroomscdn.com/ugc-feedback-uploads/hotel_image_83365dd4-d577-4e7f-8115-e8d163bbd8594713912107114515555.jpeg", "type": "jpeg", "uploaded_at": "2022-06-19", "image_id": "84507"}]}, {"user_name": "Gowtham", "user_image": "usr.image", "review_text": "No staff and service it was such a bad experience here, staff was so rude we booked through Oyo app but when we went there they took extra 1000 saying weren\u2019t linked to oyo app anymore we have raised the complain against them they told and took extra money and rooms were really bad and Not cleaned no body soap or anything they didn\u2019t keep anything which was required when we complained them regarding all these they are blaming the management it\u2019s not our duty they mentioned and they were no check in cards they had only 2 cards for all the rooms and they came with us to lock and unlock the doors this was the worst thing happened ever and please take immediate action regarding this cause  we booked through online payment using oyo app and they say weren\u2019t linked through oyo at all no offers too not only us there were 5 of them with us who were facing with the same issue we trying calling oyo customer support but they didn\u2019t picked !!! ( Oyo Town House Omkar hills , The hangout cafe below )", "date": "18 Jun 2022", "rating": {"bg_color": "#ff4742", "title": "1"}}, {"user_name": "Vikas", "user_image": "usr.image", "date": "17 Jun 2022", "rating": {"bg_color": "#ff4742", "title": "1"}, "user_image_feedback_list": [{"image_name": "hotel_image_96e64d44-a72e-4970-9324-8c9dc912f6038318790050924853526.jpeg", "image_url": "https://images.oyoroomscdn.com/ugc-feedback-uploads/hotel_image_96e64d44-a72e-4970-9324-8c9dc912f6038318790050924853526.jpeg", "type": "jpeg", "uploaded_at": "2022-06-17", "image_id": "83127"}]}, {"user_name": "Nanda Kishor", "user_image": "usr.image", "review_text": "had to pay extra 500rs at the location and no costomer support", "date": "14 Jun 2022", "rating": {"bg_color": "#ff4742", "title": "1"}}, {"user_name": "Nikita S", "user_image": "usr.image", "review_text": "very bad experience with oyo terrible!!!", "date": "14 Jun 2022", "rating": {"bg_color": "#ff4742", "title": "1"}}, {"user_name": "Anindya Banerjee", "user_image": "usr.image", "review_text": "hygiene and cleanliness issue, dirty washroom,service issue- not professional staffs", "date": "08 Jun 2022", "rating": {"bg_color": "#ff4742", "title": "1"}}, {"user_name": "Deepthi", "user_image": "usr.image", "review_text": "They didn't even provide amenities theh mean in ur app. Totally worst experience. I hv use reach oyo customer care. Thy also helpless\nIn oyo feel just a fancy marketing to book rooms in their app\nOtherwise no amenities has been provided properly.", "date": "07 Jun 2022", "rating": {"bg_color": "#ff4742", "title": "1"}, "user_image_feedback_list": [{"image_name": "hotel_image_23105277-c5b8-460f-8c1c-e35306d875743694954046344204434.jpeg", "image_url": "https://images.oyoroomscdn.com/ugc-feedback-uploads/hotel_image_23105277-c5b8-460f-8c1c-e35306d875743694954046344204434.jpeg", "type": "jpeg", "uploaded_at": "2022-06-07", "image_id": "78175"}]}, {"user_name": "Madhuri", "user_image": "usr.image", "review_text": "very worst oyo", "date": "03 Jun 2022", "rating": {"bg_color": "#ff4742", "title": "1"}}, {"user_name": "Yog", "user_image": "usr.image", "review_text": "they charged extra amount, even Oyo customer care not responding properly", "date": "02 Jun 2022", "rating": {"bg_color": "#ff4742", "title": "1"}}]}}]