[{"data": {"title": "8 Verified Reviews", "rating_data": {"title": "2.7", "bg_color": "#feba00", "tag": "Fair", "subtitle": "20 ratings on verified stays by guests"}, "sort_options": [{"type": "date-high", "title": "Recent reviews"}, {"type": "rating-high", "title": "High to low ratings"}, {"type": "rating-low", "title": "Low to high ratings"}], "is_last": true, "reviews": [{"user_name": "Sanmitjena", "user_image": "usr.image", "review_text": "Good \ud83d\udc4d", "date": "27 Sep 2022", "rating": {"bg_color": "#346000", "title": "5"}}, {"user_name": "FuRkHaN", "user_image": "usr.image", "review_text": "It was a great hotel. The staff was helpful and the facility was just what I needed. Check-in was easy and the room was comfortable and secure. The only issue with my stay is that the tv and AC weren't working well.", "date": "10 Jun 2022", "rating": {"bg_color": "#346000", "title": "5"}}, {"user_name": "Ronak Keshan", "user_image": "usr.image", "review_text": "I need refund the worst hotel experience ever., Lift not working, the don't even provide water or towel for the guest who book hotel from oyo , and the staff behaviour is worst . The even talk in worng way", "date": "02 Oct 2022", "rating": {"bg_color": "#ff4742", "title": "1"}}, {"user_name": "Priya", "user_image": "usr.image", "review_text": "I never seen this type of hotel worst experience", "date": "02 Oct 2022", "rating": {"bg_color": "#ff4742", "title": "1"}}, {"user_name": "Abhijith Paul", "user_image": "usr.image", "review_text": "It was very worst, staff behaviour also very bad. I have paid 1100 inr for one day..", "date": "11 Jun 2022", "rating": {"bg_color": "#ff4742", "title": "1"}}, {"user_name": "Janardhan", "user_image": "usr.image", "review_text": "worest experience they will ask additional amount", "date": "04 Jun 2022", "rating": {"bg_color": "#ff4742", "title": "1"}}, {"user_name": "Sohail Khan", "user_image": "usr.image", "review_text": "Biggest scammer and they don\u2019t know to treat customers Room are so dirty don\u2019t know to maintain the rooms washroom was not clean bed was stinking the worst experience I had", "date": "04 Jun 2022", "rating": {"bg_color": "#ff4742", "title": "1"}}, {"user_name": "Jyoti Kanwar", "user_image": "usr.image", "review_text": "The online mentioned charge is different they take different charge and khatmal was there in bed", "date": "31 May 2022", "rating": {"bg_color": "#ff4742", "title": "1"}}]}}]