[{"data": {"title": "154 Verified Reviews", "rating_data": {"title": "3.9", "bg_color": "#b4da55", "tag": "Good", "subtitle": "1012 ratings on verified stays by guests"}, "sort_options": [{"type": "date-high", "title": "Recent reviews"}, {"type": "rating-high", "title": "High to low ratings"}, {"type": "rating-low", "title": "Low to high ratings"}], "is_last": false, "next_offset": 101, "reviews": [{"user_name": "JINO JOHN", "user_image": "usr.image", "review_text": "Good", "date": "05 Feb 2023", "rating": {"bg_color": "#346000", "title": "5"}}, {"user_name": "Thirumal", "user_image": "usr.image", "review_text": "The price of the room was economical and very near to majestic it was quite comfortable to travel from there", "date": "24 Jan 2023", "rating": {"bg_color": "#346000", "title": "5"}}, {"user_name": "Suhaz Sajeer", "user_image": "usr.image", "review_text": "I would like to share my experience with oyo Well neet and clean room and good costume service always i like everything", "date": "04 Jan 2023", "rating": {"bg_color": "#346000", "title": "5"}}, {"user_name": "prateek prateek", "user_image": "usr.image", "review_text": "Nice stay is very good", "date": "07 Dec 2022", "rating": {"bg_color": "#346000", "title": "5"}}, {"user_name": "Insas Calisto", "user_image": "usr.image", "review_text": "Nice arrangements \ud83d\ude0a", "date": "16 Nov 2022", "rating": {"bg_color": "#346000", "title": "5"}, "user_image_feedback_list": [{"image_name": "JPEG_20221116_082613_7910443890406958181ef533519-8811-46f5-8185-6406ee770e47.jpg", "image_url": "https://images.oyoroomscdn.com/ugc-feedback-uploads/JPEG_20221116_082613_7910443890406958181ef533519-8811-46f5-8185-6406ee770e47.jpg", "type": "jpg", "uploaded_at": "2022-11-16", "image_id": "144458"}]}, {"user_name": "Rajat Das", "user_image": "usr.image", "review_text": "Staying for two plus twodays was moreover comfortable.Room size and ameneties were to par.Poor room service.The incharge Suresh babu is very cordial .", "date": "16 Nov 2022", "rating": {"bg_color": "#346000", "title": "5"}}, {"user_name": "jibu", "user_image": "usr.image", "review_text": "Nice hotel", "date": "07 Nov 2022", "rating": {"bg_color": "#346000", "title": "5"}}, {"user_name": "Likitha", "user_image": "usr.image", "review_text": "Good service", "date": "06 Nov 2022", "rating": {"bg_color": "#346000", "title": "5"}}, {"user_name": "Riyas", "user_image": "usr.image", "review_text": "Good", "date": "06 Nov 2022", "rating": {"bg_color": "#346000", "title": "5"}}, {"user_name": "Rakesh Patil", "user_image": "usr.image", "review_text": "Hotel was in budget, i checked in at 4.00AM in the morning and checkin was hassle free.", "date": "06 Nov 2022", "rating": {"bg_color": "#346000", "title": "5"}}, {"user_name": "Jayanth .M", "user_image": "usr.image", "review_text": "Good", "date": "06 Nov 2022", "rating": {"bg_color": "#346000", "title": "5"}}, {"user_name": "Subbu Rajan", "user_image": "usr.image", "review_text": "Hotel location good", "date": "23 Oct 2022", "rating": {"bg_color": "#346000", "title": "5"}}, {"user_name": "Susanta Bose", "user_image": "usr.image", "review_text": "This hotel is good and thanks to oyo from low budget and good hotels  support Thankyou", "date": "21 Oct 2022", "rating": {"bg_color": "#346000", "title": "5"}}, {"user_name": "Meyyappan Mani", "user_image": "usr.image", "review_text": "Nice", "date": "19 Oct 2022", "rating": {"bg_color": "#346000", "title": "5"}, "user_image_feedback_list": [{"image_name": "IMG20221018220313aff0a8b8-7a5c-4536-9747-b8faa7a2e2c2.jpg", "image_url": "https://images.oyoroomscdn.com/ugc-feedback-uploads/IMG20221018220313aff0a8b8-7a5c-4536-9747-b8faa7a2e2c2.jpg", "type": "jpg", "uploaded_at": "2022-10-19", "image_id": "135569"}, {"image_name": "IMG20221018220300e17bc31a-444a-491f-894c-d9d5ecb33345.jpg", "image_url": "https://images.oyoroomscdn.com/ugc-feedback-uploads/IMG20221018220300e17bc31a-444a-491f-894c-d9d5ecb33345.jpg", "type": "jpg", "uploaded_at": "2022-10-19", "image_id": "135568"}]}, {"user_name": "Meyyappan Mani", "user_image": "usr.image", "review_text": "Iam staying yesterday night nice hotel", "date": "18 Oct 2022", "rating": {"bg_color": "#346000", "title": "5"}}, {"user_name": "Evana", "user_image": "usr.image", "review_text": "Like the stay a lot. I came here 2 times", "date": "16 Oct 2022", "rating": {"bg_color": "#346000", "title": "5"}}, {"user_name": "Chhotan Mandal", "user_image": "usr.image", "review_text": "This hotel is good & budget friendly", "date": "10 Oct 2022", "rating": {"bg_color": "#346000", "title": "5"}}, {"user_name": "Blesson Davis", "user_image": "usr.image", "review_text": "The hotel was good, Nice Service and Excellent feedback about the cleanliness. Completely satisfied with the rooms.", "date": "04 Oct 2022", "rating": {"bg_color": "#346000", "title": "5"}}, {"user_name": "muktikanta das", "user_image": "usr.image", "review_text": "Good staff good behavior and rooms are fabulous happy to stay near railway station couples are safe here", "date": "23 Sep 2022", "rating": {"bg_color": "#346000", "title": "5"}}, {"user_name": "Vibin Victor", "user_image": "usr.image", "review_text": "Fully Satisfied", "date": "21 Sep 2022", "rating": {"bg_color": "#346000", "title": "5"}}, {"user_name": "AYUB Shaikh", "user_image": "usr.image", "review_text": "Very nice and beautiful sarvice", "date": "21 Sep 2022", "rating": {"bg_color": "#346000", "title": "5"}, "user_image_feedback_list": [{"image_name": "JPEG_20220921_102151_52966451660445481323e5d9521-f912-44eb-9d97-c143c870fb6e.jpg", "image_url": "https://images.oyoroomscdn.com/ugc-feedback-uploads/JPEG_20220921_102151_52966451660445481323e5d9521-f912-44eb-9d97-c143c870fb6e.jpg", "type": "jpg", "uploaded_at": "2022-09-21", "image_id": "122734"}]}, {"user_name": "Shrikant Patil", "user_image": "usr.image", "review_text": "Best service", "date": "20 Sep 2022", "rating": {"bg_color": "#346000", "title": "5"}, "user_image_feedback_list": [{"image_name": "JPEG_20220920_110347_4488506721525437036f8cc4609-0cff-4914-9ee4-f911e9525482.jpg", "image_url": "https://images.oyoroomscdn.com/ugc-feedback-uploads/JPEG_20220920_110347_4488506721525437036f8cc4609-0cff-4914-9ee4-f911e9525482.jpg", "type": "jpg", "uploaded_at": "2022-09-20", "image_id": "122335"}]}, {"user_name": "Ashik", "user_image": "usr.image", "review_text": "Very nice very good hote near by metro station", "date": "19 Sep 2022", "rating": {"bg_color": "#346000", "title": "5"}}, {"user_name": "Rohan Sain", "user_image": "usr.image", "review_text": "Good place to stay", "date": "18 Sep 2022", "rating": {"bg_color": "#346000", "title": "5"}}, {"user_name": "K V Rao", "user_image": "usr.image", "review_text": "Very clean, prefferable for everyone. Good supporting staff", "date": "16 Sep 2022", "rating": {"bg_color": "#346000", "title": "5"}}, {"user_name": "Mohammad Asif", "user_image": "usr.image", "review_text": "It is best", "date": "29 Aug 2022", "rating": {"bg_color": "#346000", "title": "5"}}, {"user_name": "Prakash Ss", "user_image": "usr.image", "review_text": "oyo home nutshell Sea side  from TVM is awesome experience thanks Oyo& nutshell", "date": "29 Aug 2022", "rating": {"bg_color": "#346000", "title": "5"}}, {"user_name": "Paigambar kulgeri", "user_image": "usr.image", "review_text": "Room was nice and big Ac was good bathroom was nice and clean bed was big and clean overall the room was excellent", "date": "19 Aug 2022", "rating": {"bg_color": "#346000", "title": "5"}}, {"user_name": "Melvin T", "user_image": "usr.image", "review_text": "Nice", "date": "19 Aug 2022", "rating": {"bg_color": "#346000", "title": "5"}}, {"user_name": "Sushant Kumarbehera", "user_image": "usr.image", "review_text": "Good location accessable Everywhere", "date": "18 Aug 2022", "rating": {"bg_color": "#346000", "title": "5"}}, {"user_name": "rijas bhgaya", "user_image": "usr.image", "review_text": "Good room", "date": "15 Aug 2022", "rating": {"bg_color": "#346000", "title": "5"}}, {"user_name": "Prathvik", "user_image": "usr.image", "review_text": "Good", "date": "14 Aug 2022", "rating": {"bg_color": "#346000", "title": "5"}}, {"user_name": "Vivek Kumar", "user_image": "usr.image", "review_text": "Good & friendly staff, being regular customer I'm happy to be part of it. Good discount available on every booking", "date": "05 Aug 2022", "rating": {"bg_color": "#346000", "title": "5"}}, {"user_name": "Jagdish Sharma", "user_image": "usr.image", "review_text": "Great place \nJust 5 min away from city railway station\nFood available.", "date": "12 Jul 2022", "rating": {"bg_color": "#346000", "title": "5"}}, {"user_name": "Khemraj Kushwah", "user_image": "usr.image", "review_text": "Good", "date": "03 Jun 2022", "rating": {"bg_color": "#346000", "title": "5"}}, {"user_name": "Bibin Benny", "user_image": "usr.image", "review_text": "it was an wonderful experience", "date": "03 Jun 2022", "rating": {"bg_color": "#346000", "title": "5"}}, {"user_name": "Sama Vivek", "user_image": "usr.image", "review_text": "Good maintanence and very friendly staff , the ambience was good , but the location of the hotel was very much inside", "date": "09 Feb 2023", "rating": {"bg_color": "#58ac00", "title": "4"}}, {"user_name": "Srinath", "user_image": "usr.image", "review_text": "staff is good", "date": "11 Jan 2023", "rating": {"bg_color": "#58ac00", "title": "4"}}, {"user_name": "Sujit Kumar", "user_image": "usr.image", "review_text": "Good room ...but hotel took me extra money and I have no option to cancel and I have to pay to him", "date": "20 Nov 2022", "rating": {"bg_color": "#58ac00", "title": "4"}}, {"user_name": "Venkatesh Naik", "user_image": "usr.image", "review_text": "It's ok ok", "date": "14 Nov 2022", "rating": {"bg_color": "#58ac00", "title": "4"}}, {"user_name": "Nikhil Gupta", "user_image": "usr.image", "review_text": "Everything was good . Except some ventilation issue other wise cleanliness of the room was good . Reception service was good.", "date": "11 Nov 2022", "rating": {"bg_color": "#58ac00", "title": "4"}}, {"user_name": "Rameshwar AGavhane", "user_image": "usr.image", "review_text": "I stayed here for day, place is good on cotton market road , near about 1 km away from sbc railway station. Room and toilet were clean . Nice place to stay .", "date": "11 Nov 2022", "rating": {"bg_color": "#58ac00", "title": "4"}}, {"user_name": "Sanjay Lokari", "user_image": "usr.image", "review_text": "All is good", "date": "25 Oct 2022", "rating": {"bg_color": "#58ac00", "title": "4"}}, {"user_name": "Arnab Bhattacharjee", "user_image": "usr.image", "review_text": "Things are good but service is slow", "date": "24 Oct 2022", "rating": {"bg_color": "#58ac00", "title": "4"}}, {"user_name": "Sanjay Kumar", "user_image": "usr.image", "review_text": "Room was pretty good. Well cleaned. Nearby locations were easy for easy transportation.", "date": "18 Oct 2022", "rating": {"bg_color": "#58ac00", "title": "4"}}, {"user_name": "Rajiba Munda", "user_image": "usr.image", "review_text": "Good", "date": "11 Oct 2022", "rating": {"bg_color": "#58ac00", "title": "4"}}, {"user_name": "GauravSehgal", "user_image": "usr.image", "review_text": "Helpful and polite staff", "date": "09 Oct 2022", "rating": {"bg_color": "#58ac00", "title": "4"}}, {"user_name": "Shalom Raj", "user_image": "usr.image", "review_text": "Quite stuffed and good for one or two days rest all itne paise mein itna hi milega", "date": "07 Oct 2022", "rating": {"bg_color": "#58ac00", "title": "4"}}, {"user_name": "Mohammad Asif", "user_image": "usr.image", "date": "01 Sep 2022", "rating": {"bg_color": "#58ac00", "title": "4"}, "user_image_feedback_list": [{"image_name": "JPEG_20220901_083851_73380164363460868517bf61b4e-4963-4d45-bb8d-99abefc766eb.jpg", "image_url": "https://images.oyoroomscdn.com/ugc-feedback-uploads/JPEG_20220901_083851_73380164363460868517bf61b4e-4963-4d45-bb8d-99abefc766eb.jpg", "type": "jpg", "uploaded_at": "2022-09-01", "image_id": "114129"}]}, {"user_name": "Krishna ChandraPanigrahi", "user_image": "usr.image", "review_text": "Location is very Good. Walkable distance from Station.Hotel rooms are ok only. Amenities mentioned are not provided.", "date": "31 Aug 2022", "rating": {"bg_color": "#58ac00", "title": "4"}}, {"user_name": "Kaif", "user_image": "usr.image", "review_text": "It is a good place to stay", "date": "15 Aug 2022", "rating": {"bg_color": "#58ac00", "title": "4"}}, {"user_name": "Litfi", "user_image": "usr.image", "review_text": "Only problem was in cleanliness", "date": "12 Aug 2022", "rating": {"bg_color": "#58ac00", "title": "4"}}, {"user_name": "Abubakar Siddik", "user_image": "usr.image", "review_text": "They are asking money more than what u r booked in oyo", "date": "04 Jul 2022", "rating": {"bg_color": "#58ac00", "title": "4"}}, {"user_name": "Bibin Babu", "user_image": "usr.image", "review_text": "I paid more money. But stay was good.", "date": "02 Jul 2022", "rating": {"bg_color": "#58ac00", "title": "4"}}, {"user_name": "J.Mahesh", "user_image": "usr.image", "review_text": "Maintaining the staff with Multi language", "date": "12 Dec 2022", "rating": {"bg_color": "#8fc402", "title": "3"}}, {"user_name": "Sahil Garg", "user_image": "usr.image", "review_text": "This hotel is not good staff is too bad rooms are very dirty.. Rooms are very small in size.", "date": "10 Dec 2022", "rating": {"bg_color": "#8fc402", "title": "3"}}, {"user_name": "Anwesha", "user_image": "usr.image", "review_text": "Bed bugs \ud83d\udc1eno house keeping service. Very poor management. Near to kempegowda bus station. Difficult to stay here.", "date": "10 Dec 2022", "rating": {"bg_color": "#8fc402", "title": "3"}}, {"user_name": "ManojKumar", "user_image": "usr.image", "review_text": "They charged extra money for stay", "date": "04 Dec 2022", "rating": {"bg_color": "#8fc402", "title": "3"}}, {"user_name": "Nagendra Naik Islavath", "user_image": "usr.image", "review_text": "They charged 300rs for early entry", "date": "14 Nov 2022", "rating": {"bg_color": "#8fc402", "title": "3"}}, {"user_name": "Srikanta Debnath", "user_image": "usr.image", "review_text": "Taken 300 Rs extra for check-in at 7.20am.", "date": "06 Nov 2022", "rating": {"bg_color": "#8fc402", "title": "3"}}, {"user_name": "Malli", "user_image": "usr.image", "review_text": "No cleane and getting smelling", "date": "23 Oct 2022", "rating": {"bg_color": "#8fc402", "title": "3"}}, {"user_name": "Bijumohan", "user_image": "usr.image", "review_text": "They have charged me INR 200 extra for room.", "date": "23 Oct 2022", "rating": {"bg_color": "#8fc402", "title": "3"}}, {"user_name": "Hasheem", "user_image": "usr.image", "review_text": "Room was good", "date": "19 Oct 2022", "rating": {"bg_color": "#8fc402", "title": "3"}}, {"user_name": "Manu Jose", "user_image": "usr.image", "review_text": "The room is average clean .there is no ac functioning and there is no television. It's just a room .", "date": "19 Oct 2022", "rating": {"bg_color": "#8fc402", "title": "3"}}, {"user_name": "Anuraj", "user_image": "usr.image", "review_text": "they will force customer to give 5 star rating\nand  a glass opening to outside in the bathroom of room no 220. its a transparent one . sometime times they will not issue towel or bathsoaps. we have to request them for many times for recieving it", "date": "19 Oct 2022", "rating": {"bg_color": "#8fc402", "title": "3"}}, {"user_name": "Rushabh Chimulkar", "user_image": "usr.image", "review_text": "Tv was not working they diddent recharge the tv", "date": "19 Oct 2022", "rating": {"bg_color": "#8fc402", "title": "3"}}, {"user_name": "Sunil KumarM", "user_image": "usr.image", "review_text": "Need improvement", "date": "18 Oct 2022", "rating": {"bg_color": "#8fc402", "title": "3"}}, {"user_name": "Sambit Pani", "user_image": "usr.image", "review_text": "Location was good. But room doesn't has windows.", "date": "10 Oct 2022", "rating": {"bg_color": "#8fc402", "title": "3"}}, {"user_name": "Rakesh Kumar", "user_image": "usr.image", "review_text": "Not Bad", "date": "09 Oct 2022", "rating": {"bg_color": "#8fc402", "title": "3"}, "user_image_feedback_list": [{"image_name": "JPEG_20221009_091236_102493398300851164379bf5981-8d25-4889-af56-a5bffad8f664.jpg", "image_url": "https://images.oyoroomscdn.com/ugc-feedback-uploads/JPEG_20221009_091236_102493398300851164379bf5981-8d25-4889-af56-a5bffad8f664.jpg", "type": "jpg", "uploaded_at": "2022-10-09", "image_id": "130814"}]}, {"user_name": "Rakesh Rai", "user_image": "usr.image", "review_text": "Average", "date": "23 Sep 2022", "rating": {"bg_color": "#8fc402", "title": "3"}}, {"user_name": "Rakesh Padmashali", "user_image": "usr.image", "review_text": "Moisturize room, in house food not available, T V and Intercom not in work.", "date": "16 Sep 2022", "rating": {"bg_color": "#8fc402", "title": "3"}}, {"user_name": "vijay terdal", "user_image": "usr.image", "review_text": "Hotel is good but hotel owner take 300 extra charge for check in so, extra amount will be given for the customer. Not difference between oyo and other hotel amount prize.", "date": "21 Aug 2022", "rating": {"bg_color": "#8fc402", "title": "3"}}, {"user_name": "Ashish", "user_image": "usr.image", "review_text": "Bad smell all time", "date": "14 Aug 2022", "rating": {"bg_color": "#8fc402", "title": "3"}}, {"user_name": "T Phani", "user_image": "usr.image", "review_text": "Near to station", "date": "14 Jul 2022", "rating": {"bg_color": "#8fc402", "title": "3"}}, {"user_name": "Arnab Raha", "user_image": "usr.image", "review_text": "Not so supportive", "date": "12 Jul 2022", "rating": {"bg_color": "#8fc402", "title": "3"}}, {"user_name": "Santhosh", "user_image": "usr.image", "review_text": "there collecting extra money for customer", "date": "26 Jun 2022", "rating": {"bg_color": "#8fc402", "title": "3"}}, {"user_name": "Gopikrishna", "user_image": "usr.image", "review_text": "atleast there is no ventilation in that room,\nFelt some what suffocated \nAll the corners and. everything is closed ,Atleast if you provide some fresh air to let in that will be a good sign.", "date": "25 Jun 2022", "rating": {"bg_color": "#8fc402", "title": "3"}}, {"user_name": "Satish Kumar", "user_image": "usr.image", "review_text": "not bad", "date": "23 Jun 2022", "rating": {"bg_color": "#8fc402", "title": "3"}}, {"user_name": "Deljo Francis", "user_image": "usr.image", "review_text": "very bad customer service", "date": "14 Jun 2022", "rating": {"bg_color": "#8fc402", "title": "3"}}, {"user_name": "Venkateswarlu Venkateswarlu", "user_image": "usr.image", "review_text": "book at your own risk.\nall sizes of cockroaches present in the room.\nroom pics are different from the actual room (space) provided.\nno amenities other than AC and hot water.", "date": "14 Jun 2022", "rating": {"bg_color": "#8fc402", "title": "3"}}, {"user_name": "Shashi", "user_image": "usr.image", "review_text": "There were bugs in the room which appear at night times...", "date": "14 Jun 2022", "rating": {"bg_color": "#8fc402", "title": "3"}}, {"user_name": "Birju Gundi", "user_image": "usr.image", "review_text": "not as per oyo room std", "date": "04 Jun 2022", "rating": {"bg_color": "#8fc402", "title": "3"}}, {"user_name": "Ankur Kumar", "user_image": "usr.image", "review_text": "Forget cross ventilation, room doesn't have ventilation. That entire street is nothing but hotels. OYO got only this to partner with. Suggest to partner with some standard properties", "date": "12 Mar 2023", "rating": {"bg_color": "#feba00", "title": "2"}}, {"user_name": "Gayathri Krishnan", "user_image": "usr.image", "review_text": "The location was not accurate in the application and the name of the Oyo State was also different from what was mentioned. I had to check out early due to unforeseen circumstances and they wouldn't initiate any refund for the remaining days as well.", "date": "20 Nov 2022", "rating": {"bg_color": "#feba00", "title": "2"}}, {"user_name": "Deepak", "user_image": "usr.image", "review_text": "Check in issue , reception men asked extra 500 Rs to stay,I explained I'm booked on offer ,but he didn't understand need to argue for 30mins and then ic hecked in ,plss check this Oyo before booking", "date": "19 Sep 2022", "rating": {"bg_color": "#feba00", "title": "2"}}, {"user_name": "Vipin Singh", "user_image": "usr.image", "review_text": "AC was not working ,tv was not working ,no towel,no cleaning etc...", "date": "27 Aug 2022", "rating": {"bg_color": "#feba00", "title": "2"}}, {"user_name": "vickey", "user_image": "usr.image", "review_text": "Thay ll ask 100% type of unwanted questions", "date": "18 Aug 2022", "rating": {"bg_color": "#feba00", "title": "2"}}, {"user_name": "Antony", "user_image": "usr.image", "review_text": "Room ventilation is not there and insects are sleeping for bedsheets pillows and bathroom also very worst for this time oyo show 500 but we r paying 1000 rupees upto pay from double not only this oyo some oyo rooms are showing 600 but when w r entry that hotel he is told upto 200 percent amount y this much u will plucked for", "date": "03 Aug 2022", "rating": {"bg_color": "#feba00", "title": "2"}}, {"user_name": "Prabhudev", "user_image": "usr.image", "review_text": "no soap given, no towel", "date": "25 Jun 2022", "rating": {"bg_color": "#feba00", "title": "2"}}, {"user_name": "Shivam Sharma", "user_image": "usr.image", "review_text": "vary poor staff", "date": "14 Jun 2022", "rating": {"bg_color": "#feba00", "title": "2"}}, {"user_name": "joe nishchal", "user_image": "usr.image", "review_text": "They took extra money from us and the condition of room was worst", "date": "04 Feb 2023", "rating": {"bg_color": "#ff4742", "title": "1"}}, {"user_name": "919003191254", "user_image": "usr.image", "review_text": "Paid and completed my booking online \nBut the hotel management charged \nExtra for check-in \nAnd I was unable atleast get refund from Oyo\nWorst situation", "date": "03 Feb 2023", "rating": {"bg_color": "#ff4742", "title": "1"}}, {"user_name": "Chethan", "user_image": "usr.image", "review_text": "They will ask more money than the booking rate", "date": "17 Jan 2023", "rating": {"bg_color": "#ff4742", "title": "1"}}, {"user_name": "Anjitha Harith", "user_image": "usr.image", "review_text": "Very poor staff behaviour. Pathetic room conditions. A/C wasn't working, No towels where provided and leaked taps. Had the worst experience", "date": "01 Jan 2023", "rating": {"bg_color": "#ff4742", "title": "1"}}, {"user_name": "Kavin", "user_image": "usr.image", "review_text": "He didnot offered room while booking  by OYO.", "date": "01 Jan 2023", "rating": {"bg_color": "#ff4742", "title": "1"}}, {"user_name": "Anusree M", "user_image": "usr.image", "review_text": "Very poor.. in photo, rooms were very clean, but in reality, it is very bad.. i book for 1300rs. But the room is not worth even for 600rs...bad smell is coming through", "date": "01 Jan 2023", "rating": {"bg_color": "#ff4742", "title": "1"}}, {"user_name": "P Sattibabu", "user_image": "usr.image", "review_text": "We was not check in because hotel owner asked extra charge , he not accepted online booking", "date": "17 Dec 2022", "rating": {"bg_color": "#ff4742", "title": "1"}}, {"user_name": "Himanshu", "user_image": "usr.image", "review_text": "They have charged extra rupees ... very disgusting", "date": "06 Dec 2022", "rating": {"bg_color": "#ff4742", "title": "1"}}, {"user_name": "bunu chamling rai", "user_image": "usr.image", "review_text": "I booked a room at Oyo it was an emergency but when I reached that location they said the room was full though I booked it online and confirmed my payment ..i didn't got the room to stay and didn't get my refund ....", "date": "26 Nov 2022", "rating": {"bg_color": "#ff4742", "title": "1"}}, {"user_name": "Lakshman Ms.Elisa", "user_image": "usr.image", "review_text": "Room was not at all good,room was full of water from AC while working ,washroom bucket and mug was dirty ,As booked flagship experience was very bad", "date": "27 Oct 2022", "rating": {"bg_color": "#ff4742", "title": "1"}}]}}, {"data": {"title": "154 Verified Reviews", "rating_data": {"title": "3.9", "bg_color": "#b4da55", "tag": "Good", "subtitle": "1012 ratings on verified stays by guests"}, "sort_options": [{"type": "date-high", "title": "Recent reviews"}, {"type": "rating-high", "title": "High to low ratings"}, {"type": "rating-low", "title": "Low to high ratings"}], "is_last": true, "reviews": [{"user_name": "Sai Kishore", "user_image": "usr.image", "review_text": "This hotel is asked us to pay 400 rupees extra to get checked-in.\nSince we visited Bangalore for another city, it is difficult to go to other Oyo hotel and had paid 400 rupees to get room. Also room quality is bad.\nEscalated to Oyo customer care and asked to black list this hotel", "date": "24 Oct 2022", "rating": {"bg_color": "#ff4742", "title": "1"}}, {"user_name": "Sudhakar", "user_image": "usr.image", "review_text": "As commented by others, they denied to accept the booking and asked to pay extra money... It is un avoidable situation and couldn't ignore. OYO just remove this hotel from list and do not miss guide people.", "date": "20 Oct 2022", "rating": {"bg_color": "#ff4742", "title": "1"}}, {"user_name": "Shaju TG", "user_image": "usr.image", "review_text": "No TV\nNo intercom\nVery strict on check out time\nEven spacious very old room", "date": "08 Oct 2022", "rating": {"bg_color": "#ff4742", "title": "1"}}, {"user_name": "Ponrangam", "user_image": "usr.image", "review_text": "Room  not cleaning,  bad quality", "date": "06 Oct 2022", "rating": {"bg_color": "#ff4742", "title": "1"}}, {"user_name": "Rajashekhar Beedimani", "user_image": "usr.image", "review_text": "I am cheated by oyo as I had booked Oyo room at Oyo flagship 16105 majestic at 1538.00 for two days, the hotel people collected 462.00 extra. When I said I have paid amount online as per discount offered by Oyo. They said our price is 2000.00 for 2 days if not interested you can cancel or complaint. I am cheated. I will not use oyo service in future if no action is taken on this. Thank you have a Happy Dussehra.", "date": "05 Oct 2022", "rating": {"bg_color": "#ff4742", "title": "1"}}, {"user_name": "Asif", "user_image": "usr.image", "review_text": "Bad behaviour", "date": "28 Sep 2022", "rating": {"bg_color": "#ff4742", "title": "1"}}, {"user_name": "Rajesh", "user_image": "usr.image", "review_text": "Worst room", "date": "16 Sep 2022", "rating": {"bg_color": "#ff4742", "title": "1"}}, {"user_name": "nayana kumar", "user_image": "usr.image", "review_text": "Very pore.. and ni cleaning.. very bad smell in the room.. and ac not work full night", "date": "23 Aug 2022", "rating": {"bg_color": "#ff4742", "title": "1"}}, {"user_name": "Anand P", "user_image": "usr.image", "review_text": "Fraudulent hotel, we booked for 2 rooms and made the payment but when we  reached the hotel they said that no rooms are available for the same.Nevergo for such fraudulent hotels.", "date": "23 Jul 2022", "rating": {"bg_color": "#ff4742", "title": "1"}}, {"user_name": "XXX XXX", "user_image": "usr.image", "review_text": "Nothing is good here. The staff are very rude. They ask more money with OYO online payment. I paid in OYO and opted for 529 \u20b9 but they asked our charges are 1000 \u20b9 so you need to pay extra.", "date": "21 Jul 2022", "rating": {"bg_color": "#ff4742", "title": "1"}}, {"user_name": "brijith mathews", "user_image": "usr.image", "review_text": "The main reason I reviewed poor because they charged extra 800+ rupee for nothing the service also very bad", "date": "20 Jul 2022", "rating": {"bg_color": "#ff4742", "title": "1"}}, {"user_name": "Preetham", "user_image": "usr.image", "review_text": "Worst hotel  I got room for rs.683 in Oyo  but after reached the hotel they asking extra money and I paid  extra 600 ..wort hotel in Bangalore", "date": "19 Jul 2022", "rating": {"bg_color": "#ff4742", "title": "1"}}, {"user_name": "Sushil Hire", "user_image": "usr.image", "review_text": "Toilet is stinky and they have charge  extra money after full payment and not allowing me to go to the room", "date": "19 Jul 2022", "rating": {"bg_color": "#ff4742", "title": "1"}}, {"user_name": "Rajesh Ranjan", "user_image": "usr.image", "review_text": "Room was too derty, water leakage on the bed. Not clean bed, towel wasn't provided. Behaviour was not good", "date": "19 Jul 2022", "rating": {"bg_color": "#ff4742", "title": "1"}}, {"user_name": "Yacoob Wahid Sheriff", "user_image": "usr.image", "review_text": "I have never ever had a bad experience previously in my entire life this hotel not eligible for a ordinary lodge also staff are very rude like a barbarian the hotel manager is very greedy person he demanded more money from us he 300 rupees extra from us and no hot water and no Air conditioning and filthy and unhygienic hotel totally worst hotel please remove this hotel from Oyo we lodge a complaint about this hotel Oyo executive", "date": "19 Jul 2022", "rating": {"bg_color": "#ff4742", "title": "1"}}, {"user_name": "Ranjith G", "user_image": "usr.image", "review_text": "This is surprise hotel. You will get surprised every time. Surprise 1.They will double charge for sure. \nSurprise 2.They will surely talk rudely only. \n\nThere are so many hotel near to that place is cheap only. Or choose any other hotel in oyo..", "date": "19 Jul 2022", "rating": {"bg_color": "#ff4742", "title": "1"}}, {"user_name": "S.Mohammed Azarudeen", "user_image": "usr.image", "review_text": "they ask extra amount to check in", "date": "16 Jul 2022", "rating": {"bg_color": "#ff4742", "title": "1"}}, {"user_name": "Ranjan Ku", "user_image": "usr.image", "review_text": "very bad\n\nwaste my money", "date": "14 Jul 2022", "rating": {"bg_color": "#ff4742", "title": "1"}}, {"user_name": "Viza Zhimomi", "user_image": "usr.image", "review_text": "The worst in the whole wide world, disgusting property, the property owner is the rudest man , shows different price in the app and charges more from the property.", "date": "11 Jul 2022", "rating": {"bg_color": "#ff4742", "title": "1"}}, {"user_name": "Shubham Sinha", "user_image": "usr.image", "date": "08 Jul 2022", "rating": {"bg_color": "#ff4742", "title": "1"}, "user_image_feedback_list": [{"image_name": "hotel_image_2c81dce4-bd63-479a-9447-7579a72c84164774401862792654655.jpeg", "image_url": "https://images.oyoroomscdn.com/ugc-feedback-uploads/hotel_image_2c81dce4-bd63-479a-9447-7579a72c84164774401862792654655.jpeg", "type": "jpeg", "uploaded_at": "2022-07-08", "image_id": "93126"}]}, {"user_name": "Priyanka", "user_image": "usr.image", "review_text": "Very poor management, they charged additional amounts for rooms., waiting period is too long. Room was not good, bad & wast maintenance. Money wasted", "date": "07 Jul 2022", "rating": {"bg_color": "#ff4742", "title": "1"}}, {"user_name": "Gibin", "user_image": "usr.image", "review_text": "The room was very bad and they over charged and refused to clean and change the sheets even after multiple requests. There was no working TV or wifi", "date": "07 Jul 2022", "rating": {"bg_color": "#ff4742", "title": "1"}}, {"user_name": "Ajay Cm", "user_image": "usr.image", "review_text": "even I don't check in hotel", "date": "05 Jul 2022", "rating": {"bg_color": "#ff4742", "title": "1"}}, {"user_name": "Vinodh", "user_image": "usr.image", "review_text": "they did not provide me a room they have sold that room for another person in my booking they are not ready to refund my amount especially cheating the customer", "date": "05 Jul 2022", "rating": {"bg_color": "#ff4742", "title": "1"}}, {"user_name": "Prerna", "user_image": "usr.image", "review_text": "firstly they asked me to pay extra amount of 251 after paying the full amount of 549 on OYO app. When checked in after paying the extra amount of 251 there was a lot of cockroaches in the room roaming here and there even some got inside my luggage. Washroom was also full of cockroaches. We also saw that they're asking extra money from many more customers who booked the hotel through OYO app.", "date": "03 Jul 2022", "rating": {"bg_color": "#ff4742", "title": "1"}}, {"user_name": "Malkesh", "user_image": "usr.image", "review_text": "not a good sarvice  ayo aap is my bil 357 but hotel bil is 700 it's not good", "date": "30 Jun 2022", "rating": {"bg_color": "#ff4742", "title": "1"}}, {"user_name": "dhilip kumar", "user_image": "usr.image", "review_text": "worst behaviour", "date": "29 Jun 2022", "rating": {"bg_color": "#ff4742", "title": "1"}}, {"user_name": "Harika", "user_image": "usr.image", "review_text": "Room is not clean, got cockroaches on bed. Washroom\u2019s are bad. And at the check-in he says OYO app has issues and showing wrong price and charged 3times the amount showing up in app. When complained about cockroaches, instead of they cleaning the room, they gave hit and asked to spray on bed.", "date": "28 Jun 2022", "rating": {"bg_color": "#ff4742", "title": "1"}}, {"user_name": "Rupesh", "user_image": "usr.image", "review_text": "Worst. Asking for extra money.", "date": "28 Jun 2022", "rating": {"bg_color": "#ff4742", "title": "1"}}, {"user_name": "S MOHAN", "user_image": "usr.image", "review_text": "worst in the Bangalore... they are asking to pay extra payment to stay.dont book this hotel in online bokkings", "date": "28 Jun 2022", "rating": {"bg_color": "#ff4742", "title": "1"}}, {"user_name": "Gibin", "user_image": "usr.image", "review_text": "The room did not have TV and wifi wasn't working even though it was advertised.", "date": "27 Jun 2022", "rating": {"bg_color": "#ff4742", "title": "1"}, "user_image_feedback_list": [{"image_name": "hotel_image_300ed4e6-83c4-4e78-b4fe-d431bd2e4b649048735645539687440.jpeg", "image_url": "https://images.oyoroomscdn.com/ugc-feedback-uploads/hotel_image_300ed4e6-83c4-4e78-b4fe-d431bd2e4b649048735645539687440.jpeg", "type": "jpeg", "uploaded_at": "2022-06-27", "image_id": "88361"}, {"image_name": "hotel_image_300ed4e6-83c4-4e78-b4fe-d431bd2e4b644036819778659957241.jpeg", "image_url": "https://images.oyoroomscdn.com/ugc-feedback-uploads/hotel_image_300ed4e6-83c4-4e78-b4fe-d431bd2e4b644036819778659957241.jpeg", "type": "jpeg", "uploaded_at": "2022-06-27", "image_id": "88360"}]}, {"user_name": "CharanRaj", "user_image": "usr.image", "review_text": "very poor hotel don't go they are charging extra amount", "date": "27 Jun 2022", "rating": {"bg_color": "#ff4742", "title": "1"}}, {"user_name": "Nikhil Kumar", "user_image": "usr.image", "review_text": "owner behaviour is not good and he take extra money from me and there is no towel and  soap\nFan is not working properly\nAC also not working", "date": "27 Jun 2022", "rating": {"bg_color": "#ff4742", "title": "1"}}, {"user_name": "Kuriakose", "user_image": "usr.image", "review_text": "Oyo offers 450 with discount..when reached the stay they asked 800.", "date": "24 Jun 2022", "rating": {"bg_color": "#ff4742", "title": "1"}}, {"user_name": "Sambhu", "user_image": "usr.image", "review_text": "never seen a room such dirty like this,washroom stinky and room full of cockroaches.Told the reception person to change room he said because u booked through oyo we will not give any other room,washroom amenaties all broken,all oyo bottlea empty.Really pathetic", "date": "24 Jun 2022", "rating": {"bg_color": "#ff4742", "title": "1"}, "user_image_feedback_list": [{"image_name": "hotel_image_ae862d6b-1a86-4e65-8e8b-e3b5950628393521959918272751343.jpeg", "image_url": "https://images.oyoroomscdn.com/ugc-feedback-uploads/hotel_image_ae862d6b-1a86-4e65-8e8b-e3b5950628393521959918272751343.jpeg", "type": "jpeg", "uploaded_at": "2022-06-24", "image_id": "86771"}, {"image_name": "hotel_image_ae862d6b-1a86-4e65-8e8b-e3b5950628394174226509002167722.jpeg", "image_url": "https://images.oyoroomscdn.com/ugc-feedback-uploads/hotel_image_ae862d6b-1a86-4e65-8e8b-e3b5950628394174226509002167722.jpeg", "type": "jpeg", "uploaded_at": "2022-06-24", "image_id": "86773"}]}, {"user_name": "919491751936 KumarReddy", "user_image": "usr.image", "review_text": "We Booked 2 Rooms. But They Provided only 1 Room for 2 familes.\nThey Said that There are Rooms Shortage.\nWhy OYO is Shown Booking while there is Shortage in the Hotel \nPoor Service.\nHotel also Not Hygenic.", "date": "22 Jun 2022", "rating": {"bg_color": "#ff4742", "title": "1"}}, {"user_name": "Akhilkumar Anil", "user_image": "usr.image", "review_text": "very bad", "date": "22 Jun 2022", "rating": {"bg_color": "#ff4742", "title": "1"}}, {"user_name": "Sanchi B.", "user_image": "usr.image", "review_text": "Did not get any service like housekeeping, no room cleaning, no amenities and complimentary stuff that u usually get like soap, hand wash, they didn't even check uo on room for cleaning it.\nThey said the price is low for themnd that ogo didn't update it. So they should inform this to oyo itself right????... And on tol of that thy gave us three people one bed  bedroom. we could barely fit there. wifi worked fine after a day. no fan working. even if ac was off the whole room was cold throughout the night!\nno clean bedsheet or pillow and  blanket was dirty and when asked to change atletthe blanket, the maintenance guy bought some blanket from other room which idk was clean or not.\nthe light was not very good either. washroom looked ok but smelled and just seemed unhygienic.\nWe booked it jst to spend night sleeping and didn't consider day spending there at all because we would not be there the whole day at all.\nThe surrounding area is not very good. The Majestic bus stp and metro is a bit far if you want to walk. and if you want auto u need to goto nearby auto stand. there are autos there.\nbut better book a hotel beside main road so that cab nd auto booking and dropping is easier.\n\nRegardless i would say the staff obviously was interacting very politely Maybe idk it's banglore people thing. They talk very politely to evryone.\n\nBut would not recommend booking this at all.", "date": "20 Jun 2022", "rating": {"bg_color": "#ff4742", "title": "1"}, "user_image_feedback_list": [{"image_name": "hotel_image_673f2e6c-f167-4ddc-977f-8cf00dc8ef236516330446882555266.jpeg", "image_url": "https://images.oyoroomscdn.com/ugc-feedback-uploads/hotel_image_673f2e6c-f167-4ddc-977f-8cf00dc8ef236516330446882555266.jpeg", "type": "jpeg", "uploaded_at": "2022-06-20", "image_id": "85316"}, {"image_name": "hotel_image_673f2e6c-f167-4ddc-977f-8cf00dc8ef232835326801121311633.jpeg", "image_url": "https://images.oyoroomscdn.com/ugc-feedback-uploads/hotel_image_673f2e6c-f167-4ddc-977f-8cf00dc8ef232835326801121311633.jpeg", "type": "jpeg", "uploaded_at": "2022-06-20", "image_id": "85318"}, {"image_name": "hotel_image_673f2e6c-f167-4ddc-977f-8cf00dc8ef234373326314431172779.jpeg", "image_url": "https://images.oyoroomscdn.com/ugc-feedback-uploads/hotel_image_673f2e6c-f167-4ddc-977f-8cf00dc8ef234373326314431172779.jpeg", "type": "jpeg", "uploaded_at": "2022-06-20", "image_id": "85317"}]}, {"user_name": "CB Pankajkumar29AAACC6106Y1ZX", "user_image": "usr.image", "review_text": "they didn't provide room despite booking. At last moment have seek for new hotel with very high rate.", "date": "20 Jun 2022", "rating": {"bg_color": "#ff4742", "title": "1"}}, {"user_name": "Bijoy Gopinath", "user_image": "usr.image", "date": "19 Jun 2022", "rating": {"bg_color": "#ff4742", "title": "1"}, "user_image_feedback_list": [{"image_name": "hotel_image_0200211e-1993-4bac-815b-ec8d764647097287587210620216491.jpeg", "image_url": "https://images.oyoroomscdn.com/ugc-feedback-uploads/hotel_image_0200211e-1993-4bac-815b-ec8d764647097287587210620216491.jpeg", "type": "jpeg", "uploaded_at": "2022-06-19", "image_id": "84686"}, {"image_name": "hotel_image_0200211e-1993-4bac-815b-ec8d764647093723142900671263427.jpeg", "image_url": "https://images.oyoroomscdn.com/ugc-feedback-uploads/hotel_image_0200211e-1993-4bac-815b-ec8d764647093723142900671263427.jpeg", "type": "jpeg", "uploaded_at": "2022-06-19", "image_id": "84684"}, {"image_name": "hotel_image_0200211e-1993-4bac-815b-ec8d764647091785157086346618908.jpeg", "image_url": "https://images.oyoroomscdn.com/ugc-feedback-uploads/hotel_image_0200211e-1993-4bac-815b-ec8d764647091785157086346618908.jpeg", "type": "jpeg", "uploaded_at": "2022-06-19", "image_id": "84687"}, {"image_name": "hotel_image_0200211e-1993-4bac-815b-ec8d764647091691409162017708795.jpeg", "image_url": "https://images.oyoroomscdn.com/ugc-feedback-uploads/hotel_image_0200211e-1993-4bac-815b-ec8d764647091691409162017708795.jpeg", "type": "jpeg", "uploaded_at": "2022-06-19", "image_id": "84689"}, {"image_name": "hotel_image_0200211e-1993-4bac-815b-ec8d764647092933955673792855394.jpeg", "image_url": "https://images.oyoroomscdn.com/ugc-feedback-uploads/hotel_image_0200211e-1993-4bac-815b-ec8d764647092933955673792855394.jpeg", "type": "jpeg", "uploaded_at": "2022-06-19", "image_id": "84691"}, {"image_name": "hotel_image_0200211e-1993-4bac-815b-ec8d764647095092118590186290580.jpeg", "image_url": "https://images.oyoroomscdn.com/ugc-feedback-uploads/hotel_image_0200211e-1993-4bac-815b-ec8d764647095092118590186290580.jpeg", "type": "jpeg", "uploaded_at": "2022-06-19", "image_id": "84685"}, {"image_name": "hotel_image_0200211e-1993-4bac-815b-ec8d764647092631705104109946465.jpeg", "image_url": "https://images.oyoroomscdn.com/ugc-feedback-uploads/hotel_image_0200211e-1993-4bac-815b-ec8d764647092631705104109946465.jpeg", "type": "jpeg", "uploaded_at": "2022-06-19", "image_id": "84690"}]}, {"user_name": "Fareth", "user_image": "usr.image", "review_text": "total waste.. I trust oyo prrior but now I'm not beliving oyo any more", "date": "19 Jun 2022", "rating": {"bg_color": "#ff4742", "title": "1"}}, {"user_name": "Dilip", "user_image": "usr.image", "review_text": "worst stay in my lifetime...", "date": "19 Jun 2022", "rating": {"bg_color": "#ff4742", "title": "1"}}, {"user_name": "SHYAM NARAYAN", "user_image": "usr.image", "review_text": "Doesn't even look like an Oyo Flagship.\nNo toiletries, poor housekeeping, sources food from nearby unhygienic outlets...unresponsive staff......  nightmare....", "date": "19 Jun 2022", "rating": {"bg_color": "#ff4742", "title": "1"}, "user_image_feedback_list": [{"image_name": "hotel_image_9306f6fd-3744-4c16-b48f-e37758aa426f4573952270118572162.jpeg", "image_url": "https://images.oyoroomscdn.com/ugc-feedback-uploads/hotel_image_9306f6fd-3744-4c16-b48f-e37758aa426f4573952270118572162.jpeg", "type": "jpeg", "uploaded_at": "2022-06-19", "image_id": "84428"}, {"image_name": "hotel_image_9306f6fd-3744-4c16-b48f-e37758aa426f7746641145922854831.jpeg", "image_url": "https://images.oyoroomscdn.com/ugc-feedback-uploads/hotel_image_9306f6fd-3744-4c16-b48f-e37758aa426f7746641145922854831.jpeg", "type": "jpeg", "uploaded_at": "2022-06-19", "image_id": "84429"}]}, {"user_name": "Prudhvi", "user_image": "usr.image", "date": "18 Jun 2022", "rating": {"bg_color": "#ff4742", "title": "1"}, "user_image_feedback_list": [{"image_name": "hotel_image_5fc0bbe5-6655-423e-a0aa-41526f340fb75947720285408037514.jpeg", "image_url": "https://images.oyoroomscdn.com/ugc-feedback-uploads/hotel_image_5fc0bbe5-6655-423e-a0aa-41526f340fb75947720285408037514.jpeg", "type": "jpeg", "uploaded_at": "2022-06-18", "image_id": "83775"}, {"image_name": "hotel_image_5fc0bbe5-6655-423e-a0aa-41526f340fb74233785672637908994.jpeg", "image_url": "https://images.oyoroomscdn.com/ugc-feedback-uploads/hotel_image_5fc0bbe5-6655-423e-a0aa-41526f340fb74233785672637908994.jpeg", "type": "jpeg", "uploaded_at": "2022-06-18", "image_id": "83776"}, {"image_name": "hotel_image_5fc0bbe5-6655-423e-a0aa-41526f340fb71783570020124252304.jpeg", "image_url": "https://images.oyoroomscdn.com/ugc-feedback-uploads/hotel_image_5fc0bbe5-6655-423e-a0aa-41526f340fb71783570020124252304.jpeg", "type": "jpeg", "uploaded_at": "2022-06-18", "image_id": "83778"}, {"image_name": "hotel_image_5fc0bbe5-6655-423e-a0aa-41526f340fb7926154116988226446.jpeg", "image_url": "https://images.oyoroomscdn.com/ugc-feedback-uploads/hotel_image_5fc0bbe5-6655-423e-a0aa-41526f340fb7926154116988226446.jpeg", "type": "jpeg", "uploaded_at": "2022-06-18", "image_id": "83777"}]}, {"user_name": "Ebin Babu", "user_image": "usr.image", "review_text": "I already booked the room 2 days before the I reached their that time he was telling now here no rooms are available", "date": "17 Jun 2022", "rating": {"bg_color": "#ff4742", "title": "1"}}, {"user_name": "AJAY KRISHNAN", "user_image": "usr.image", "review_text": "check in experience was poor and confusing", "date": "17 Jun 2022", "rating": {"bg_color": "#ff4742", "title": "1"}}, {"user_name": "Vishal", "user_image": "usr.image", "review_text": "Very bad experience", "date": "15 Jun 2022", "rating": {"bg_color": "#ff4742", "title": "1"}}, {"user_name": "Manoj Javali", "user_image": "usr.image", "review_text": "Owner was very rude and there wasn\u2019t even proper towel available.", "date": "12 Jun 2022", "rating": {"bg_color": "#ff4742", "title": "1"}}, {"user_name": "Ribin Sir", "user_image": "usr.image", "review_text": "Very Bad experience,", "date": "12 Jun 2022", "rating": {"bg_color": "#ff4742", "title": "1"}, "user_image_feedback_list": [{"image_name": "hotel_image_d2a8bf2f-94c2-435d-aa04-754ff73b9f179058590267316095024.jpeg", "image_url": "https://images.oyoroomscdn.com/ugc-feedback-uploads/hotel_image_d2a8bf2f-94c2-435d-aa04-754ff73b9f179058590267316095024.jpeg", "type": "jpeg", "uploaded_at": "2022-06-12", "image_id": "80794"}, {"image_name": "hotel_image_d2a8bf2f-94c2-435d-aa04-754ff73b9f172805676353673630595.jpeg", "image_url": "https://images.oyoroomscdn.com/ugc-feedback-uploads/hotel_image_d2a8bf2f-94c2-435d-aa04-754ff73b9f172805676353673630595.jpeg", "type": "jpeg", "uploaded_at": "2022-06-12", "image_id": "80795"}, {"image_name": "hotel_image_d2a8bf2f-94c2-435d-aa04-754ff73b9f175973672720444380591.jpeg", "image_url": "https://images.oyoroomscdn.com/ugc-feedback-uploads/hotel_image_d2a8bf2f-94c2-435d-aa04-754ff73b9f175973672720444380591.jpeg", "type": "jpeg", "uploaded_at": "2022-06-12", "image_id": "80793"}]}, {"user_name": "Manjunath", "user_image": "usr.image", "review_text": "I didn't used this room...", "date": "12 Jun 2022", "rating": {"bg_color": "#ff4742", "title": "1"}}, {"user_name": "Bharathraj", "user_image": "usr.image", "review_text": "booking confirmed but no rooms available at venue ... Stood on road with family and Children at midnight", "date": "11 Jun 2022", "rating": {"bg_color": "#ff4742", "title": "1"}}, {"user_name": "SourabhSuman", "user_image": "usr.image", "review_text": "Room not clean and washroom is damped with fungus. cockroaches everywhere in the room", "date": "11 Jun 2022", "rating": {"bg_color": "#ff4742", "title": "1"}}, {"user_name": "SANJAY GHORAI", "user_image": "usr.image", "review_text": "very bad staff and behaviour, service is worst.", "date": "01 Jun 2022", "rating": {"bg_color": "#ff4742", "title": "1"}}]}}]