[{"data": {"title": "175 Verified Reviews", "rating_data": {"title": "4.4", "bg_color": "#58ac00", "tag": "Very Good", "subtitle": "1239 ratings on verified stays by guests"}, "sort_options": [{"type": "date-high", "title": "Recent reviews"}, {"type": "rating-high", "title": "High to low ratings"}, {"type": "rating-low", "title": "Low to high ratings"}], "is_last": false, "next_offset": 101, "reviews": [{"user_name": "Savyasachi Dasgupta", "user_image": "usr.image", "review_text": "Great rooms", "date": "29 Apr 2023", "rating": {"bg_color": "#346000", "title": "5"}}, {"user_name": "Rohith", "user_image": "usr.image", "review_text": "It's good place to spend the time", "date": "29 Apr 2023", "rating": {"bg_color": "#346000", "title": "5"}}, {"user_name": "Santhosh kumar", "user_image": "usr.image", "review_text": "Food", "date": "28 Apr 2023", "rating": {"bg_color": "#346000", "title": "5"}}, {"user_name": "binu", "user_image": "usr.image", "review_text": "Good", "date": "17 Apr 2023", "rating": {"bg_color": "#346000", "title": "5"}}, {"user_name": "Kailash Chandra", "user_image": "usr.image", "review_text": "Well place, near by SMVT and chinaswamy", "date": "12 Apr 2023", "rating": {"bg_color": "#346000", "title": "5"}}, {"user_name": "Gokul moorthy", "user_image": "usr.image", "review_text": "Excellent", "date": "10 Apr 2023", "rating": {"bg_color": "#346000", "title": "5"}}, {"user_name": "Diya", "user_image": "usr.image", "review_text": "The most smooth check in till date and extremely kind and cooperative staff.", "date": "02 Apr 2023", "rating": {"bg_color": "#346000", "title": "5"}}, {"user_name": "K Ramana", "user_image": "usr.image", "date": "18 Feb 2023", "rating": {"bg_color": "#346000", "title": "5"}, "user_image_feedback_list": [{"image_name": "JPEG_20230218_223755_87937503034230222305391f89b-9c8b-4f8e-b4bb-162938f0816b.jpg", "image_url": "https://images.oyoroomscdn.com/ugc-feedback-uploads/JPEG_20230218_223755_87937503034230222305391f89b-9c8b-4f8e-b4bb-162938f0816b.jpg", "type": "jpg", "uploaded_at": "2023-02-18", "image_id": "177457"}]}, {"user_name": "K Ramana", "user_image": "usr.image", "review_text": "Good Staff", "date": "16 Feb 2023", "rating": {"bg_color": "#346000", "title": "5"}}, {"user_name": "K Ramana", "user_image": "usr.image", "review_text": "Very nice stay", "date": "12 Feb 2023", "rating": {"bg_color": "#346000", "title": "5"}}, {"user_name": "Kanaga SundarRaj", "user_image": "usr.image", "review_text": "Good location.,", "date": "07 Feb 2023", "rating": {"bg_color": "#346000", "title": "5"}}, {"user_name": "Litto Thomas", "user_image": "usr.image", "review_text": "Good", "date": "22 Jan 2023", "rating": {"bg_color": "#346000", "title": "5"}}, {"user_name": "Felix", "user_image": "usr.image", "review_text": "The rooms was clean and tidy and they were professional and kind I love it", "date": "17 Jan 2023", "rating": {"bg_color": "#346000", "title": "5"}}, {"user_name": "Jayram", "user_image": "usr.image", "review_text": "Good", "date": "16 Jan 2023", "rating": {"bg_color": "#346000", "title": "5"}}, {"user_name": "Gopal", "user_image": "usr.image", "review_text": "nice stay", "date": "15 Jan 2023", "rating": {"bg_color": "#346000", "title": "5"}}, {"user_name": "Vivek CP", "user_image": "usr.image", "review_text": "The room was decent. Staffs were well behaved. Room service was on punctual. Had a wonderful overall experience.", "date": "15 Jan 2023", "rating": {"bg_color": "#346000", "title": "5"}}, {"user_name": "Rimo Vincent", "user_image": "usr.image", "review_text": "Hotel Palm Tree is Located near Halasuru Metro station, room is super clean. Free high speed Wifi", "date": "27 Dec 2022", "rating": {"bg_color": "#346000", "title": "5"}}, {"user_name": "Shubham Agarwal", "user_image": "usr.image", "review_text": "Place was nice, wish there wasn't a cockroach in the bathroom", "date": "26 Dec 2022", "rating": {"bg_color": "#346000", "title": "5"}}, {"user_name": "Jai Chechani", "user_image": "usr.image", "review_text": "Well decent stay", "date": "13 Dec 2022", "rating": {"bg_color": "#346000", "title": "5"}}, {"user_name": "Shibi", "user_image": "usr.image", "review_text": "Good ambience and great room service. Despite of rain they provided good food and service. Power back up was good", "date": "11 Dec 2022", "rating": {"bg_color": "#346000", "title": "5"}}, {"user_name": "Shashank Belagali", "user_image": "usr.image", "review_text": "The staff were very helpful and understanding and the room was also clean.", "date": "10 Dec 2022", "rating": {"bg_color": "#346000", "title": "5"}}, {"user_name": "Vivienne Nicolette", "user_image": "usr.image", "review_text": "Nice spacious room well maintained, good staff \nWas easy to find on maps too food was good", "date": "08 Dec 2022", "rating": {"bg_color": "#346000", "title": "5"}}, {"user_name": "Syed SagirAhamad", "user_image": "usr.image", "review_text": "It was good stay their,............................... \nThank you,....................... .  . . .. ......", "date": "04 Dec 2022", "rating": {"bg_color": "#346000", "title": "5"}}, {"user_name": "XXX XXX", "user_image": "usr.image", "review_text": "Excellent smooth check in check out good staff", "date": "02 Dec 2022", "rating": {"bg_color": "#346000", "title": "5"}}, {"user_name": "Sharath Padmashri", "user_image": "usr.image", "review_text": "A good stay with a very helpful staff , plus points are the nearby metro station and all good chill out places are just 2 kms away that is Indiranagar .", "date": "26 Nov 2022", "rating": {"bg_color": "#346000", "title": "5"}}, {"user_name": "PUJA", "user_image": "usr.image", "review_text": "good", "date": "26 Nov 2022", "rating": {"bg_color": "#346000", "title": "5"}}, {"user_name": "Sai Krishna", "user_image": "usr.image", "review_text": "Good", "date": "25 Nov 2022", "rating": {"bg_color": "#346000", "title": "5"}}, {"user_name": "Mother Mary", "user_image": "usr.image", "review_text": "Good", "date": "14 Nov 2022", "rating": {"bg_color": "#346000", "title": "5"}}, {"user_name": "Agnivo Chakraborty", "user_image": "usr.image", "review_text": "Liked everything, room, location and food \ud83d\ude0b", "date": "19 Oct 2022", "rating": {"bg_color": "#346000", "title": "5"}}, {"user_name": "Mervin Jk", "user_image": "usr.image", "review_text": "Great I love it", "date": "18 Oct 2022", "rating": {"bg_color": "#346000", "title": "5"}}, {"user_name": "Basil", "user_image": "usr.image", "review_text": "Great hotel and great service. They could have kept the bathroom and rooms a bit more well maintained", "date": "17 Oct 2022", "rating": {"bg_color": "#346000", "title": "5"}}, {"user_name": "Subin sainudeen", "user_image": "usr.image", "review_text": "Superb service and hygiene", "date": "15 Oct 2022", "rating": {"bg_color": "#346000", "title": "5"}, "user_image_feedback_list": [{"image_name": "JPEG_20221016_040105_3733542035891529786ec4aa303-ab1b-43cd-92ae-a8781109626c.jpg", "image_url": "https://images.oyoroomscdn.com/ugc-feedback-uploads/JPEG_20221016_040105_3733542035891529786ec4aa303-ab1b-43cd-92ae-a8781109626c.jpg", "type": "jpg", "uploaded_at": "2022-10-15", "image_id": "133932"}]}, {"user_name": "Syed ImranYousuff", "user_image": "usr.image", "review_text": "Awesome", "date": "14 Oct 2022", "rating": {"bg_color": "#346000", "title": "5"}}, {"user_name": "Deepak", "user_image": "usr.image", "review_text": "Location,  room services and good rooms...", "date": "12 Oct 2022", "rating": {"bg_color": "#346000", "title": "5"}}, {"user_name": "Shashank", "user_image": "usr.image", "review_text": "Very good stay with good room service.", "date": "11 Oct 2022", "rating": {"bg_color": "#346000", "title": "5"}}, {"user_name": "G Yuvaraj", "user_image": "usr.image", "review_text": "It was an excellent stay, friendly staff, disturbance free area", "date": "09 Oct 2022", "rating": {"bg_color": "#346000", "title": "5"}}, {"user_name": "Lucky Mishra", "user_image": "usr.image", "review_text": "Awesome rooms , great cleaniness and hygiene ...", "date": "06 Oct 2022", "rating": {"bg_color": "#346000", "title": "5"}}, {"user_name": "Ashok Mandal", "user_image": "usr.image", "review_text": "Great servicing and great worker thank you so much oyo hotel", "date": "06 Oct 2022", "rating": {"bg_color": "#346000", "title": "5"}}, {"user_name": "Subin sainudeen", "user_image": "usr.image", "review_text": "Good receptionist. Clean rooms", "date": "03 Oct 2022", "rating": {"bg_color": "#346000", "title": "5"}}, {"user_name": "Sunil gavhanepatil", "user_image": "usr.image", "review_text": "One of best room service. Rooms are so clean", "date": "21 Sep 2022", "rating": {"bg_color": "#346000", "title": "5"}}, {"user_name": "Vinhu V", "user_image": "usr.image", "review_text": "Good and neat hotel", "date": "20 Sep 2022", "rating": {"bg_color": "#346000", "title": "5"}}, {"user_name": "Pooja", "user_image": "usr.image", "review_text": "Hotel is very good and staffs are very friendly and room is clean and sanitised and price also not too high.", "date": "17 Sep 2022", "rating": {"bg_color": "#346000", "title": "5"}}, {"user_name": "Debargha Roy", "user_image": "usr.image", "review_text": "The rooms are spacious with lot of sunlight. We were allowed to take outside food deliveries. The location of the hotel ensures that you have easy access to public transport.", "date": "16 Sep 2022", "rating": {"bg_color": "#346000", "title": "5"}}, {"user_name": "919087107863 S", "user_image": "usr.image", "review_text": "Good Rooms, service was not upto mark", "date": "15 Sep 2022", "rating": {"bg_color": "#346000", "title": "5"}}, {"user_name": "Nimesh Raghavan", "user_image": "usr.image", "review_text": "Your service", "date": "12 Sep 2022", "rating": {"bg_color": "#346000", "title": "5"}}, {"user_name": "Athul Sathyan", "user_image": "usr.image", "review_text": "Good hotel,checkin is fast and only thing is I had faced issues with room key as most of the times it didn't work.", "date": "11 Sep 2022", "rating": {"bg_color": "#346000", "title": "5"}}, {"user_name": "Sohail Dharani", "user_image": "usr.image", "review_text": "Lift wasn't working for a few hours", "date": "04 Sep 2022", "rating": {"bg_color": "#346000", "title": "5"}}, {"user_name": "Uttam Guchhait", "user_image": "usr.image", "review_text": "Osm room and friendly staff", "date": "02 Sep 2022", "rating": {"bg_color": "#346000", "title": "5"}}, {"user_name": "Manu Kumar.M", "user_image": "usr.image", "review_text": "Good", "date": "27 Aug 2022", "rating": {"bg_color": "#346000", "title": "5"}}, {"user_name": "Pooja", "user_image": "usr.image", "review_text": "Great stay", "date": "22 Aug 2022", "rating": {"bg_color": "#346000", "title": "5"}}, {"user_name": "Naaheen", "user_image": "usr.image", "review_text": "A good place with clean and well maintained rooms", "date": "21 Aug 2022", "rating": {"bg_color": "#346000", "title": "5"}}, {"user_name": "Janardhan", "user_image": "usr.image", "review_text": "Great experience everytime i book a stay here", "date": "21 Aug 2022", "rating": {"bg_color": "#346000", "title": "5"}}, {"user_name": "Pooja", "user_image": "usr.image", "review_text": "Nice stay", "date": "19 Aug 2022", "rating": {"bg_color": "#346000", "title": "5"}}, {"user_name": "Pooja", "user_image": "usr.image", "review_text": "Nice hotel \u263a\ufe0f", "date": "19 Aug 2022", "rating": {"bg_color": "#346000", "title": "5"}}, {"user_name": "Pooja", "user_image": "usr.image", "review_text": "Nice Experience", "date": "19 Aug 2022", "rating": {"bg_color": "#346000", "title": "5"}}, {"user_name": "Pooja", "user_image": "usr.image", "review_text": "The rooms were clean, very comfortable, and the staff was amazing. ...", "date": "18 Aug 2022", "rating": {"bg_color": "#346000", "title": "5"}}, {"user_name": "Pooja", "user_image": "usr.image", "review_text": "Nice Experience", "date": "18 Aug 2022", "rating": {"bg_color": "#346000", "title": "5"}}, {"user_name": "K Ramana", "user_image": "usr.image", "review_text": "Nice Experience", "date": "18 Aug 2022", "rating": {"bg_color": "#346000", "title": "5"}}, {"user_name": "Dinesh P", "user_image": "usr.image", "review_text": "Room interior is good.", "date": "17 Aug 2022", "rating": {"bg_color": "#346000", "title": "5"}}, {"user_name": "Pooja", "user_image": "usr.image", "review_text": "Excellent experience", "date": "17 Aug 2022", "rating": {"bg_color": "#346000", "title": "5"}}, {"user_name": "Pooja", "user_image": "usr.image", "review_text": "Good", "date": "16 Aug 2022", "rating": {"bg_color": "#346000", "title": "5"}, "user_image_feedback_list": [{"image_name": "JPEG_20220816_095433_401336627053143126876029672-3052-4ef1-9c1c-3c36c573d594.jpg", "image_url": "https://images.oyoroomscdn.com/ugc-feedback-uploads/JPEG_20220816_095433_401336627053143126876029672-3052-4ef1-9c1c-3c36c573d594.jpg", "type": "jpg", "uploaded_at": "2022-08-16", "image_id": "108647"}]}, {"user_name": "Pooja", "user_image": "usr.image", "review_text": "Good stay", "date": "16 Aug 2022", "rating": {"bg_color": "#346000", "title": "5"}}, {"user_name": "Pooja", "user_image": "usr.image", "review_text": "Good service and staff Also", "date": "15 Aug 2022", "rating": {"bg_color": "#346000", "title": "5"}}, {"user_name": "Pooja", "user_image": "usr.image", "review_text": "Good service", "date": "14 Aug 2022", "rating": {"bg_color": "#346000", "title": "5"}}, {"user_name": "Anitha", "user_image": "usr.image", "review_text": "Room was clean and well maintained", "date": "13 Aug 2022", "rating": {"bg_color": "#346000", "title": "5"}}, {"user_name": "Kiki", "user_image": "usr.image", "review_text": "The staff were really very polite and helpful... The receptionist... The house keeping... I had a great stay. Visiting again someday.", "date": "06 Aug 2022", "rating": {"bg_color": "#346000", "title": "5"}}, {"user_name": "Shivansh", "user_image": "usr.image", "review_text": "Great", "date": "04 Aug 2022", "rating": {"bg_color": "#346000", "title": "5"}}, {"user_name": "Fajnas", "user_image": "usr.image", "review_text": "Very good staffs, good behaviour,, location is good", "date": "02 Aug 2022", "rating": {"bg_color": "#346000", "title": "5"}}, {"user_name": "K Ramana", "user_image": "usr.image", "review_text": "Good stay", "date": "25 Jul 2022", "rating": {"bg_color": "#346000", "title": "5"}}, {"user_name": "K Ramana", "user_image": "usr.image", "review_text": "Good", "date": "23 Jul 2022", "rating": {"bg_color": "#346000", "title": "5"}}, {"user_name": "Shreekant", "user_image": "usr.image", "review_text": "Good", "date": "18 Jul 2022", "rating": {"bg_color": "#346000", "title": "5"}}, {"user_name": "Prajwal", "user_image": "usr.image", "review_text": "Good Staffs.", "date": "11 Jul 2022", "rating": {"bg_color": "#346000", "title": "5"}}, {"user_name": "Aaditya Gupta", "user_image": "usr.image", "review_text": "Good experience", "date": "02 Jul 2022", "rating": {"bg_color": "#346000", "title": "5"}}, {"user_name": "Somil Gupta", "user_image": "usr.image", "review_text": "Good", "date": "27 Jun 2022", "rating": {"bg_color": "#346000", "title": "5"}}, {"user_name": "Gyanesh Verma", "user_image": "usr.image", "review_text": "good room but curtain were broken n tv too", "date": "04 Jun 2022", "rating": {"bg_color": "#346000", "title": "5"}}, {"user_name": "tharun", "user_image": "usr.image", "review_text": "nice", "date": "02 Jun 2022", "rating": {"bg_color": "#346000", "title": "5"}}, {"user_name": "NATASHA AQUINAS", "user_image": "usr.image", "review_text": "The room and washroom was clean. However, only 1 towel was provided for 2 guests.", "date": "28 Apr 2023", "rating": {"bg_color": "#58ac00", "title": "4"}}, {"user_name": "Nirmal Kumar Jena", "user_image": "usr.image", "review_text": "I liked the way the room is.It was nice and spacious. nice view from  the room. The bed was so comfortable. Spent quality time.", "date": "17 Apr 2023", "rating": {"bg_color": "#58ac00", "title": "4"}}, {"user_name": "Binu", "user_image": "usr.image", "review_text": "Good", "date": "17 Apr 2023", "rating": {"bg_color": "#58ac00", "title": "4"}}, {"user_name": "Aswin Jaykumar", "user_image": "usr.image", "review_text": "Location was okay. but hospitality and atmosphere is great \nparking was easy since because it was holiday.", "date": "03 Apr 2023", "rating": {"bg_color": "#58ac00", "title": "4"}}, {"user_name": "aslam", "user_image": "usr.image", "review_text": "Room view was nice to see there was COKRORCH in bathroom and good parking facility lift is available for old people", "date": "23 Jan 2023", "rating": {"bg_color": "#58ac00", "title": "4"}}, {"user_name": "ChethanHR", "user_image": "usr.image", "review_text": "The hotel is good spacious. There are some little concerns like cockroaches. But apart from that this hotel is good and affordable", "date": "11 Jan 2023", "rating": {"bg_color": "#58ac00", "title": "4"}, "user_image_feedback_list": [{"image_name": "IMG202301101905362b214c47-2249-4151-b918-699474a256eb.jpg", "image_url": "https://images.oyoroomscdn.com/ugc-feedback-uploads/IMG202301101905362b214c47-2249-4151-b918-699474a256eb.jpg", "type": "jpg", "uploaded_at": "2023-01-11", "image_id": "166454"}, {"image_name": "IMG20230110190531b83ed08b-60f4-4130-a8ce-142f11217680.jpg", "image_url": "https://images.oyoroomscdn.com/ugc-feedback-uploads/IMG20230110190531b83ed08b-60f4-4130-a8ce-142f11217680.jpg", "type": "jpg", "uploaded_at": "2023-01-11", "image_id": "166453"}]}, {"user_name": "Syed Mubarak", "user_image": "usr.image", "review_text": "Good", "date": "10 Jan 2023", "rating": {"bg_color": "#58ac00", "title": "4"}}, {"user_name": "Arun Prasad", "user_image": "usr.image", "review_text": "Neat and clean rooms", "date": "20 Dec 2022", "rating": {"bg_color": "#58ac00", "title": "4"}}, {"user_name": "Santhosh", "user_image": "usr.image", "review_text": "Well maintained ,good comunication", "date": "05 Dec 2022", "rating": {"bg_color": "#58ac00", "title": "4"}}, {"user_name": "Chandrashekhar allikatti", "user_image": "usr.image", "review_text": "Nice and clean", "date": "03 Dec 2022", "rating": {"bg_color": "#58ac00", "title": "4"}}, {"user_name": "Kp SONU", "user_image": "usr.image", "review_text": "It\u2019s nice experience", "date": "28 Nov 2022", "rating": {"bg_color": "#58ac00", "title": "4"}}, {"user_name": "Narendra Panwar", "user_image": "usr.image", "review_text": "Hotel is good but its rates are not competitive.", "date": "25 Nov 2022", "rating": {"bg_color": "#58ac00", "title": "4"}}, {"user_name": "Prakruthi", "user_image": "usr.image", "review_text": "The room was clean.", "date": "14 Nov 2022", "rating": {"bg_color": "#58ac00", "title": "4"}}, {"user_name": "Anul Kanti", "user_image": "usr.image", "review_text": "Clean rooms with good view, Fast check in and friendly front desk manager", "date": "06 Nov 2022", "rating": {"bg_color": "#58ac00", "title": "4"}}, {"user_name": "Alex", "user_image": "usr.image", "review_text": "Food & room is good. For business purpose ok. Family need to rethink. Very near to Metro station. Brush, paste like this it\u2019s not available.", "date": "02 Nov 2022", "rating": {"bg_color": "#58ac00", "title": "4"}}, {"user_name": "Joshiba", "user_image": "usr.image", "date": "26 Oct 2022", "rating": {"bg_color": "#58ac00", "title": "4"}, "user_image_feedback_list": [{"image_name": "C1ABA99E-0651-45C3-B3BA-66470BF157E63fcdc7a4-2722-4d75-be44-ae5eb80addb7.jpeg", "image_url": "https://images.oyoroomscdn.com/ugc-feedback-uploads/C1ABA99E-0651-45C3-B3BA-66470BF157E63fcdc7a4-2722-4d75-be44-ae5eb80addb7.jpeg", "type": "jpeg", "uploaded_at": "2022-10-26", "image_id": "138289"}]}, {"user_name": "Karthik", "user_image": "usr.image", "review_text": "It was a good stay", "date": "13 Oct 2022", "rating": {"bg_color": "#58ac00", "title": "4"}}, {"user_name": "Divesh", "user_image": "usr.image", "review_text": "The room was neet and the bathroom was clean.", "date": "10 Oct 2022", "rating": {"bg_color": "#58ac00", "title": "4"}}, {"user_name": "Candia Olivero", "user_image": "usr.image", "review_text": "Our hotel room was very clean (both the room as well as the bathroom) and the hotel staff were very polite and cooperative.", "date": "07 Oct 2022", "rating": {"bg_color": "#58ac00", "title": "4"}}, {"user_name": "deepak yadav", "user_image": "usr.image", "review_text": "Poor wifi", "date": "01 Oct 2022", "rating": {"bg_color": "#58ac00", "title": "4"}, "user_image_feedback_list": [{"image_name": "Screenshot_20220929-160923_OYObde2744d-d83e-47c4-90f3-6382aac8e4f1.jpg", "image_url": "https://images.oyoroomscdn.com/ugc-feedback-uploads/Screenshot_20220929-160923_OYObde2744d-d83e-47c4-90f3-6382aac8e4f1.jpg", "type": "jpg", "uploaded_at": "2022-10-01", "image_id": "127415"}]}, {"user_name": "deepak yadav", "user_image": "usr.image", "review_text": "Good - room, Staff, location\nCan be improved - amenities like laundary, bathroom kits etc", "date": "30 Sep 2022", "rating": {"bg_color": "#58ac00", "title": "4"}}, {"user_name": "RONIT KUMAR", "user_image": "usr.image", "review_text": "Everything was great at the place.The location,The view of the city,the rooms except a few here and there.May be they can arrange a restaurant in-house and improve their Room service a little bit.No issues with rooms or during my stay & P.S- Dont charge for water from guests.Definitely a good place to stay....", "date": "23 Sep 2022", "rating": {"bg_color": "#58ac00", "title": "4"}}, {"user_name": "Tarishi Jauhari", "user_image": "usr.image", "review_text": "I really liked the location\nEasily accessible by food vendors\nGood for people connecting after a long time\nWould definitely recommend", "date": "13 Sep 2022", "rating": {"bg_color": "#58ac00", "title": "4"}}, {"user_name": "Syed Aquib", "user_image": "usr.image", "review_text": "Good facilities", "date": "09 Sep 2022", "rating": {"bg_color": "#58ac00", "title": "4"}}]}}, {"data": {"title": "175 Verified Reviews", "rating_data": {"title": "4.4", "bg_color": "#58ac00", "tag": "Very Good", "subtitle": "1239 ratings on verified stays by guests"}, "sort_options": [{"type": "date-high", "title": "Recent reviews"}, {"type": "rating-high", "title": "High to low ratings"}, {"type": "rating-low", "title": "Low to high ratings"}], "is_last": true, "reviews": [{"user_name": "Neekita Baid", "user_image": "usr.image", "review_text": "Good", "date": "16 Aug 2022", "rating": {"bg_color": "#58ac00", "title": "4"}}, {"user_name": "RAHEL", "user_image": "usr.image", "review_text": "Good Hotel with supportive staff...", "date": "06 Aug 2022", "rating": {"bg_color": "#58ac00", "title": "4"}}, {"user_name": "Vinay A", "user_image": "usr.image", "review_text": "Good customer service, clean, close to everything you need.", "date": "26 Jul 2022", "rating": {"bg_color": "#58ac00", "title": "4"}}, {"user_name": "Janardhan", "user_image": "usr.image", "review_text": "Staff was good I would suggest to work on cleanliness", "date": "13 Jul 2022", "rating": {"bg_color": "#58ac00", "title": "4"}}, {"user_name": "Bharath", "user_image": "usr.image", "review_text": "Awesome experience\nFriendly staff .\nGood rooms ,cleanness is very good.\nOver good experience with Yo hotel. Thank you for your hospitality.", "date": "11 Jul 2022", "rating": {"bg_color": "#58ac00", "title": "4"}}, {"user_name": "Nazara Mansuri", "user_image": "usr.image", "review_text": "Good staff and clean room service. Lighting is dim, could be better.", "date": "28 Jun 2022", "rating": {"bg_color": "#58ac00", "title": "4"}}, {"user_name": "aditi aditi", "user_image": "usr.image", "review_text": "good", "date": "20 Jun 2022", "rating": {"bg_color": "#58ac00", "title": "4"}}, {"user_name": "Vinod Kumar", "user_image": "usr.image", "review_text": "Location", "date": "15 Jun 2022", "rating": {"bg_color": "#58ac00", "title": "4"}}, {"user_name": "Sreekanth D", "user_image": "usr.image", "review_text": "Good", "date": "05 Jun 2022", "rating": {"bg_color": "#58ac00", "title": "4"}}, {"user_name": "Raj", "user_image": "usr.image", "review_text": "Average", "date": "06 Mar 2023", "rating": {"bg_color": "#8fc402", "title": "3"}}, {"user_name": "Sithil", "user_image": "usr.image", "review_text": "Food is not good.. bathrooms is not so great. And room service is not good.  Furniture is not good.", "date": "05 Feb 2023", "rating": {"bg_color": "#8fc402", "title": "3"}}, {"user_name": "sunil", "user_image": "usr.image", "review_text": "TV will not work at any room , otherwise rooms are good clean and staff is decent , market is not near by so one should have their personal vehicle...", "date": "10 Jan 2023", "rating": {"bg_color": "#8fc402", "title": "3"}}, {"user_name": "Praveen Lokanath", "user_image": "usr.image", "review_text": "They don't accept online booking. They demand extra money over and above online booking price. Staffs are are not friendly.", "date": "05 Jan 2023", "rating": {"bg_color": "#8fc402", "title": "3"}}, {"user_name": "Ratan", "user_image": "usr.image", "review_text": "Everything is good except parking", "date": "28 Dec 2022", "rating": {"bg_color": "#8fc402", "title": "3"}}, {"user_name": "Chelvaraj.T.", "user_image": "usr.image", "review_text": "We were refused to check in due to a peculiar rule that '2 male with 1 female or 1 male with 2 female' are not allowed in a Classic Room. I was a father aged 79 with my daughter aged 51 and my Son in law aged 64. I was rediculaously", "date": "03 Dec 2022", "rating": {"bg_color": "#8fc402", "title": "3"}}, {"user_name": "santhosh", "user_image": "usr.image", "review_text": "No sopa shampoo towel in room", "date": "02 Dec 2022", "rating": {"bg_color": "#8fc402", "title": "3"}}, {"user_name": "Shamanth", "user_image": "usr.image", "review_text": "Rooms are good, bathroom not upto the mark, television is not upto the mark. Room was clean, food is tasty", "date": "18 Nov 2022", "rating": {"bg_color": "#8fc402", "title": "3"}}, {"user_name": "Abdul Razak", "user_image": "usr.image", "review_text": "The lift was not working.\nRoom was in 4th floor\nPlus the landline not working \nTried calling reception number from phone not reachable", "date": "07 Nov 2022", "rating": {"bg_color": "#8fc402", "title": "3"}}, {"user_name": "IKBAL", "user_image": "usr.image", "review_text": "It's good", "date": "19 Oct 2022", "rating": {"bg_color": "#8fc402", "title": "3"}}, {"user_name": "deepak yadav", "user_image": "usr.image", "review_text": "Pro - location, rooms, bathroom\n\nCons - amenities, toiletries, Staff support, don't give bill if you book online", "date": "07 Oct 2022", "rating": {"bg_color": "#8fc402", "title": "3"}, "user_image_feedback_list": [{"image_name": "Screenshot_20220929-160923_OYO5561a5a2-78bc-483c-aa92-1a7977162a5e.jpg", "image_url": "https://images.oyoroomscdn.com/ugc-feedback-uploads/Screenshot_20220929-160923_OYO5561a5a2-78bc-483c-aa92-1a7977162a5e.jpg", "type": "jpg", "uploaded_at": "2022-10-07", "image_id": "129965"}]}, {"user_name": "mayank", "user_image": "usr.image", "review_text": "Basics items like toothbrush toothpaste was not available \nGeyser was not working", "date": "02 Oct 2022", "rating": {"bg_color": "#8fc402", "title": "3"}}, {"user_name": "TusharJacobAlexander", "user_image": "usr.image", "review_text": "The place wasn't at great as expected and certainly wasn't worth the price i paid (1700rs)", "date": "29 Sep 2022", "rating": {"bg_color": "#8fc402", "title": "3"}, "user_image_feedback_list": [{"image_name": "IMG_20220925_1819117ee5e1a0-bd11-4572-ade6-87db0570abc6.jpg", "image_url": "https://images.oyoroomscdn.com/ugc-feedback-uploads/IMG_20220925_1819117ee5e1a0-bd11-4572-ade6-87db0570abc6.jpg", "type": "jpg", "uploaded_at": "2022-09-29", "image_id": "126607"}]}, {"user_name": "Akshay D", "user_image": "usr.image", "review_text": "Room was very small and conjusted. Service was not gud", "date": "19 Sep 2022", "rating": {"bg_color": "#8fc402", "title": "3"}}, {"user_name": "Afrid Khan", "user_image": "usr.image", "review_text": "staff simply knocking the door for water", "date": "18 Sep 2022", "rating": {"bg_color": "#8fc402", "title": "3"}}, {"user_name": "Manu Kumar.M", "user_image": "usr.image", "review_text": "Ok", "date": "30 Aug 2022", "rating": {"bg_color": "#8fc402", "title": "3"}}, {"user_name": "Vinay", "user_image": "usr.image", "review_text": "Hotel, hotel location, room quality is average, \nStaff is good and polite but \nCleaning is not upto the mark, suggest you please look next option or you want to feel guilty about your decision then select that option", "date": "27 Aug 2022", "rating": {"bg_color": "#8fc402", "title": "3"}}, {"user_name": "Ashwin Ravi", "user_image": "usr.image", "review_text": "Shower was not working properly. Fan was not working at all. Rest was fine", "date": "02 Aug 2022", "rating": {"bg_color": "#8fc402", "title": "3"}}, {"user_name": "Tushar Sakordekar", "user_image": "usr.image", "review_text": "Does not have a restaurant.\nLocation is not attractive.", "date": "01 Aug 2022", "rating": {"bg_color": "#8fc402", "title": "3"}}, {"user_name": "Kinjalk", "user_image": "usr.image", "review_text": "Room condition not upto mark, waternot coming", "date": "28 Jul 2022", "rating": {"bg_color": "#8fc402", "title": "3"}}, {"user_name": "Karunakaran R", "user_image": "usr.image", "review_text": "water heater is not working", "date": "08 Jul 2022", "rating": {"bg_color": "#8fc402", "title": "3"}}, {"user_name": "Vinith Kumar", "user_image": "usr.image", "review_text": "corner room was given which was a congested one. Staff service was very poor.", "date": "15 Jun 2022", "rating": {"bg_color": "#8fc402", "title": "3"}}, {"user_name": "Sravan", "user_image": "usr.image", "review_text": "Poor maintenance,.   \nPoor pillows.     \nNo proper shower.\n,In house food is good .", "date": "26 Nov 2022", "rating": {"bg_color": "#feba00", "title": "2"}}, {"user_name": "Kevin", "user_image": "usr.image", "review_text": "Wasn't that professional in dealing with customers.  We have opted to stay for 3 days in which  none of the days the hotel management bothered to clean the room or provide a bottle of water which almost every hotel provides to customer if the stay exceeds more than a day.\n\nWhen I was in the front desk last day of the checkout an another customer who had made booking online and paid the amount was denied  checking stating that the hotel has stopped online booking and was denied checking. When the customer asked amount the amount paid it was said that the money will be refunded by customer care and washed of their hands.\n\nIt's not a professional way in dealing with guest who travel from far of places and are forced to make changes in plans and source extra money to pay for checkin\n\nEven though you have stopped online booking please make sure that you provide service to customers who have booked one when your service was listed in booking sites\n\nTotally disappointed!!", "date": "22 Oct 2022", "rating": {"bg_color": "#feba00", "title": "2"}}, {"user_name": "Abhishek Anand", "user_image": "usr.image", "review_text": "Ac was not working and bathroom was not clean", "date": "26 Sep 2022", "rating": {"bg_color": "#feba00", "title": "2"}}, {"user_name": "Mukul", "user_image": "usr.image", "review_text": "I ordered food and i received more than 1 hr and i got only 1 towel in room....", "date": "21 Sep 2022", "rating": {"bg_color": "#feba00", "title": "2"}}, {"user_name": "ASHWIN BASKAR", "user_image": "usr.image", "review_text": "Sanitization is poor. There was a cigarette smell all over the room and it was too bad. No room service everyday.", "date": "11 Jun 2022", "rating": {"bg_color": "#feba00", "title": "2"}}, {"user_name": "Prem Kumar", "user_image": "usr.image", "review_text": "The rooms were not maintained well. The restaurant was closed and we were given twins beds with no proper maintenance.  They did not have water in the room. Over our stay was not worth it .", "date": "14 Apr 2023", "rating": {"bg_color": "#ff4742", "title": "1"}}, {"user_name": "Aiyanna", "user_image": "usr.image", "review_text": "Below Average room with below average hygiene. Their staff shouldn't be in the service industry. Completely incompetent middle management.( jyothika and another random front of office staff) Trying to scam people for more money during checkout.", "date": "05 Apr 2023", "rating": {"bg_color": "#ff4742", "title": "1"}}, {"user_name": "Mitali dn", "user_image": "usr.image", "review_text": "Our experience was very bad. There were so many cockroaches in our room. \nEverything was so dirty and not kept properly.\nNot worth the money at all.\nStaff was also not helpful and was rude to us.\n\nWill definitely not recommend anyone to stay here.", "date": "03 Apr 2023", "rating": {"bg_color": "#ff4742", "title": "1"}}, {"user_name": "Shubham Kumar", "user_image": "usr.image", "date": "26 Mar 2023", "rating": {"bg_color": "#ff4742", "title": "1"}, "user_image_feedback_list": [{"image_name": "IMG-20230325-WA000242b062ef-083b-44d7-a342-12df70812acf.jpeg", "image_url": "https://images.oyoroomscdn.com/ugc-feedback-uploads/IMG-20230325-WA000242b062ef-083b-44d7-a342-12df70812acf.jpeg", "type": "jpeg", "uploaded_at": "2023-03-26", "image_id": "188777"}]}, {"user_name": "Aishwarya Adam", "user_image": "usr.image", "review_text": "there were cockroaches all over the room . we stayed for 2 nights and 3 days . the room service didn\u00e2\u0080\u0099t come to clean the room. the bathroom smelled really bad. we spent more yet we were not satisfied at all. i want to raise this as a complaint", "date": "11 Mar 2023", "rating": {"bg_color": "#ff4742", "title": "1"}}, {"user_name": "Kasi", "user_image": "usr.image", "review_text": "The TV doesn't work. The staff don't work. The cleaners don't work.. The AC barely works. So if you want things that work in your hotel, then steer clear of this establishment.\n\nYou can't even contact anybody to complain.", "date": "09 Mar 2023", "rating": {"bg_color": "#ff4742", "title": "1"}}, {"user_name": "Puneeth", "user_image": "usr.image", "review_text": "Full of cockroach\u2019s in wash room \nNot a good service no plates giving for outside food ! Disgusting\u2026.", "date": "07 Feb 2023", "rating": {"bg_color": "#ff4742", "title": "1"}}, {"user_name": "Sangeetha kamath", "user_image": "usr.image", "review_text": "No proper staff no room service bathroom r not clean. As we enter the premises it's filled with cigrette smoke no hot water properly.", "date": "05 Feb 2023", "rating": {"bg_color": "#ff4742", "title": "1"}}, {"user_name": "Mohini", "user_image": "usr.image", "review_text": "Hotel service was pathetic no wifi insects were roaming in the room and location is also very poor. Bad experience", "date": "30 Jan 2023", "rating": {"bg_color": "#ff4742", "title": "1"}}, {"user_name": "khaja", "user_image": "usr.image", "review_text": "Worst room, with no required essentials. Bathroom is pathetic. Overall very bad stay", "date": "31 Dec 2022", "rating": {"bg_color": "#ff4742", "title": "1"}}, {"user_name": "AnanthakrishnanV S", "user_image": "usr.image", "review_text": "Seems like there is a scam running around with the hotel staff with torn bedsheets hidden under the blanket. Noticed this when checking out, and had to pay \u20b9500 for the bedsheet. Checked out and read their Google reviews,and its a recurring problem for all customers. Will be filing a complaint with the due authorities.", "date": "18 Dec 2022", "rating": {"bg_color": "#ff4742", "title": "1"}}, {"user_name": "Ashu", "user_image": "usr.image", "review_text": "Location is good but they behave rudely . I booked for 2 days but they canceled second day stay after staying one day.", "date": "18 Dec 2022", "rating": {"bg_color": "#ff4742", "title": "1"}}, {"user_name": "Rakesh Richardson", "user_image": "usr.image", "review_text": "there\u2019s no proper service, and the bathroom isn\u2019t clean and i wouldn\u2019t recommend this hotel. Land line ain\u2019t working at all. and if u need something the staff isn\u2019t responding", "date": "06 Dec 2022", "rating": {"bg_color": "#ff4742", "title": "1"}}, {"user_name": "AMIT", "user_image": "usr.image", "review_text": "Unhygenic , not worth the money", "date": "10 Nov 2022", "rating": {"bg_color": "#ff4742", "title": "1"}}, {"user_name": "Ayushi", "user_image": "usr.image", "review_text": "The room was okish service was pathetic even they don't give toiletries etc charging 2.5k per day we expect little standard of services provided,if we ask anything the person directly deny and say no, regretted staying and paying this huge amt.would never suggest this to anyone", "date": "06 Nov 2022", "rating": {"bg_color": "#ff4742", "title": "1"}}, {"user_name": "Ashish Bhat", "user_image": "usr.image", "review_text": "Room was full of dust, heavy seepage on the walls", "date": "21 Oct 2022", "rating": {"bg_color": "#ff4742", "title": "1"}}, {"user_name": "Shrabana", "user_image": "usr.image", "review_text": "I have already posted photos of the room, no breakfast, no hot water", "date": "16 Oct 2022", "rating": {"bg_color": "#ff4742", "title": "1"}}, {"user_name": "Ankit", "user_image": "usr.image", "review_text": "Worst experience they take your bookings and money ..and when you will reach hotel they will tell rooms are already booked no rooms available..", "date": "04 Oct 2022", "rating": {"bg_color": "#ff4742", "title": "1"}}, {"user_name": "Vivek", "user_image": "usr.image", "review_text": "Breakfast is not available and rooms were cozy ...not worthy to stay ...it's beside main road .lot of disturbance", "date": "04 Oct 2022", "rating": {"bg_color": "#ff4742", "title": "1"}}, {"user_name": "Ashish Bhat", "user_image": "usr.image", "review_text": "Worst food ever in an oyo hotel. The rice in curd rice was uncooked and the noodles were too spicy. We sent the food back and 2 people again came with the same food knocking my door and arguing that Bill has been made and we have to pay for it. What is this pathetic behaviour", "date": "27 Sep 2022", "rating": {"bg_color": "#ff4742", "title": "1"}}, {"user_name": "Rajkumar", "user_image": "usr.image", "review_text": "Reception Staff behaviour is not good. They need to be changed", "date": "25 Sep 2022", "rating": {"bg_color": "#ff4742", "title": "1"}}, {"user_name": "Rajkumar", "user_image": "usr.image", "review_text": "Receptionist needs to change his behaviour.", "date": "25 Sep 2022", "rating": {"bg_color": "#ff4742", "title": "1"}}, {"user_name": "Rishi", "user_image": "usr.image", "review_text": "poor", "date": "11 Sep 2022", "rating": {"bg_color": "#ff4742", "title": "1"}}, {"user_name": "Sid", "user_image": "usr.image", "review_text": "Very worst service from Hotel and OYO got single bed for 2 people and no soap or towel provided.\nBooked for 2 days, Checked in at 9 pm on Day 1 and Checked out at 10 am next day morning could not even stay for 12 hours also.\nHotel Reception had two Young Notorious Attitude Boys who don't have manners and Don't know how to behave.\nOYO Customer Care Person just says only 1 line \"We cannot do anything according to OYO Policy\".\nDID NOT GET GOOD ROOM SERVICE NOR ANY REFUND very worst service ever experienced.", "date": "04 Sep 2022", "rating": {"bg_color": "#ff4742", "title": "1"}}, {"user_name": "Tharique Anvar", "user_image": "usr.image", "review_text": "Poor quality all in all", "date": "31 Aug 2022", "rating": {"bg_color": "#ff4742", "title": "1"}}, {"user_name": "Jestin Nexa", "user_image": "usr.image", "review_text": "Collected 280 extra from me", "date": "28 Aug 2022", "rating": {"bg_color": "#ff4742", "title": "1"}}, {"user_name": "Pramod. M", "user_image": "usr.image", "review_text": "no refunds", "date": "26 Aug 2022", "rating": {"bg_color": "#ff4742", "title": "1"}}, {"user_name": "RakeshPandey", "user_image": "usr.image", "review_text": "Receptionist behaviour was not good for guest", "date": "22 Aug 2022", "rating": {"bg_color": "#ff4742", "title": "1"}}, {"user_name": "Manthan", "user_image": "usr.image", "review_text": "No proper bed setup fan wasn't working", "date": "18 Aug 2022", "rating": {"bg_color": "#ff4742", "title": "1"}}, {"user_name": "Syedsuhail", "user_image": "usr.image", "review_text": "Worst hotel, after booking taken, they say rooms are full and can't give to Oyo customer", "date": "12 Aug 2022", "rating": {"bg_color": "#ff4742", "title": "1"}}, {"user_name": "Sauvik Dutta", "user_image": "usr.image", "review_text": "Issue full refund. No further discussion. Do not call me..Denied booking even if it was confirmed.Please issue full refund since we had to go thru lot of hurdles with family and 2 yr kid", "date": "20 Jul 2022", "rating": {"bg_color": "#ff4742", "title": "1"}}, {"user_name": "Arul", "user_image": "usr.image", "review_text": "Restroom not uncomfortable", "date": "18 Jul 2022", "rating": {"bg_color": "#ff4742", "title": "1"}}, {"user_name": "Deepak", "user_image": "usr.image", "review_text": "denied check.", "date": "16 Jul 2022", "rating": {"bg_color": "#ff4742", "title": "1"}}, {"user_name": "rakesh pandey", "user_image": "usr.image", "review_text": "Extra paid", "date": "12 Jul 2022", "rating": {"bg_color": "#ff4742", "title": "1"}}, {"user_name": "rakesh pandey", "user_image": "usr.image", "review_text": "Fraudulent by oyo hotel in price", "date": "10 Jul 2022", "rating": {"bg_color": "#ff4742", "title": "1"}}, {"user_name": "Deepesh", "user_image": "usr.image", "review_text": "not able to check in", "date": "02 Jul 2022", "rating": {"bg_color": "#ff4742", "title": "1"}}, {"user_name": "Dinesh", "user_image": "usr.image", "review_text": "I was denied check in as it was full . I paid in full and called the support. They said will check but still haven\u2019t reverted !! Very very very bad experience!! I am still waiting for the refund !!", "date": "19 Jun 2022", "rating": {"bg_color": "#ff4742", "title": "1"}}, {"user_name": "Heena", "user_image": "usr.image", "review_text": "it was very bad experience this time... i don't know why they did like that... May be we got the for very less price.. so they have provided very bad room washroom issue.... they were not giving floor mat... so many times i have requested for room changing... but no response from receptionist... i never want to book this hotel again... very bad experience...", "date": "01 Jun 2022", "rating": {"bg_color": "#ff4742", "title": "1"}}]}}]