[{"data": {"title": "227 Verified Reviews", "rating_data": {"title": "4.3", "bg_color": "#58ac00", "tag": "Very Good", "subtitle": "1597 ratings on verified stays by guests"}, "sort_options": [{"type": "date-high", "title": "Recent reviews"}, {"type": "rating-high", "title": "High to low ratings"}, {"type": "rating-low", "title": "Low to high ratings"}], "is_last": false, "next_offset": 101, "reviews": [{"user_name": "Amal Unni", "user_image": "usr.image", "review_text": "Nice room and neat bathroom.\nClose to metro station.\nFriendly staff. \nOnly issue with car parking.\nParked on road.", "date": "16 Apr 2023", "rating": {"bg_color": "#346000", "title": "5"}, "user_image_feedback_list": [{"image_name": "IMG_45020be678b1-4ba1-4cde-873b-9ab8be8b5b18.jpeg", "image_url": "https://images.oyoroomscdn.com/ugc-feedback-uploads/IMG_45020be678b1-4ba1-4cde-873b-9ab8be8b5b18.jpeg", "type": "jpeg", "uploaded_at": "2023-04-16", "image_id": "195055"}]}, {"user_name": "Karthik", "user_image": "usr.image", "review_text": "Seriously osm good stop and we'll maintains \ud83d\udc4d", "date": "16 Apr 2023", "rating": {"bg_color": "#346000", "title": "5"}}, {"user_name": "Manikandan", "user_image": "usr.image", "review_text": "Excellent service", "date": "15 Apr 2023", "rating": {"bg_color": "#346000", "title": "5"}}, {"user_name": "Rakesh", "user_image": "usr.image", "review_text": "Its a very good oyo to stay i really really appreciate to the receptionist and the service they have given", "date": "12 Apr 2023", "rating": {"bg_color": "#346000", "title": "5"}}, {"user_name": "Samay Thorat", "user_image": "usr.image", "review_text": "It was good stay in Bangalore, must visit this oyo, room was clean, staff was supportive, food is nice.", "date": "04 Apr 2023", "rating": {"bg_color": "#346000", "title": "5"}}, {"user_name": "Mayank Dugar", "user_image": "usr.image", "review_text": "Location & the service was good!", "date": "29 Mar 2023", "rating": {"bg_color": "#346000", "title": "5"}}, {"user_name": "Altafpasha", "user_image": "usr.image", "review_text": "Good", "date": "23 Mar 2023", "rating": {"bg_color": "#346000", "title": "5"}}, {"user_name": "Abhijith", "user_image": "usr.image", "review_text": "Hotel is located in prime location,  easy accesible to metro. Good rooms with good hospitality . Food is amazing", "date": "21 Mar 2023", "rating": {"bg_color": "#346000", "title": "5"}}, {"user_name": "Abhijith", "user_image": "usr.image", "review_text": "Good, excellent", "date": "14 Mar 2023", "rating": {"bg_color": "#346000", "title": "5"}}, {"user_name": "Sandy", "user_image": "usr.image", "review_text": "Good", "date": "05 Mar 2023", "rating": {"bg_color": "#346000", "title": "5"}}, {"user_name": "Balaji t", "user_image": "usr.image", "review_text": "It's good and clean and well and good service", "date": "26 Feb 2023", "rating": {"bg_color": "#346000", "title": "5"}}, {"user_name": "918559062363", "user_image": "usr.image", "review_text": "Good service and rooms", "date": "26 Feb 2023", "rating": {"bg_color": "#346000", "title": "5"}}, {"user_name": "VivekGupta", "user_image": "usr.image", "review_text": "Good", "date": "24 Feb 2023", "rating": {"bg_color": "#346000", "title": "5"}}, {"user_name": "Shachipathy Ks", "user_image": "usr.image", "review_text": "Good", "date": "15 Feb 2023", "rating": {"bg_color": "#346000", "title": "5"}}, {"user_name": "Ananyajain", "user_image": "usr.image", "review_text": "Evrything was clean and good and hygienic", "date": "15 Feb 2023", "rating": {"bg_color": "#346000", "title": "5"}}, {"user_name": "Gaurav", "user_image": "usr.image", "review_text": "All Good but one problem Tata Sky Not Recharge I have to 5 to 6 times , still they all are not recharge.", "date": "14 Feb 2023", "rating": {"bg_color": "#346000", "title": "5"}}, {"user_name": "harshit pal", "user_image": "usr.image", "review_text": "Hotel is good well maintained bed was clean the room was clean toilet was good and maintained and food is good also", "date": "06 Feb 2023", "rating": {"bg_color": "#346000", "title": "5"}}, {"user_name": "SUNITHA PATTA", "user_image": "usr.image", "date": "04 Feb 2023", "rating": {"bg_color": "#346000", "title": "5"}, "user_image_feedback_list": [{"image_name": "IMG_20230203_09040025938de2-2c71-480d-8777-b4aa1e62764a.jpg", "image_url": "https://images.oyoroomscdn.com/ugc-feedback-uploads/IMG_20230203_09040025938de2-2c71-480d-8777-b4aa1e62764a.jpg", "type": "jpg", "uploaded_at": "2023-02-04", "image_id": "172398"}]}, {"user_name": "Gurcharan Ohri", "user_image": "usr.image", "review_text": "very good services very nearest to Metro Station Halasuru all staff are very supportive very nice location very good experience there thanks Goibibo", "date": "19 Jan 2023", "rating": {"bg_color": "#346000", "title": "5"}}, {"user_name": "Gurcharan Ohri", "user_image": "usr.image", "review_text": "very good experience there very neat and clean room or bathroom staff behaviour is very helpful very supportive very good delicious breakfast or lunch thanks Goibibo", "date": "19 Jan 2023", "rating": {"bg_color": "#346000", "title": "5"}}, {"user_name": "Cavan Saldanha", "user_image": "usr.image", "review_text": "The location is good, but the room could've been better. Not exactly as it was in the pictures. So yeah!", "date": "17 Jan 2023", "rating": {"bg_color": "#346000", "title": "5"}}, {"user_name": "Azgar Pasha", "user_image": "usr.image", "review_text": "Good condition rooms", "date": "06 Jan 2023", "rating": {"bg_color": "#346000", "title": "5"}}, {"user_name": "Kenith John", "user_image": "usr.image", "review_text": "The best hotel I've ever stayed...the reception was very helpful to me even after i checked in late night\nBeautiful room as shown in pictures\nWas expecting bathroom amenities to be placed in every room", "date": "01 Jan 2023", "rating": {"bg_color": "#346000", "title": "5"}}, {"user_name": "avinash toppo", "user_image": "usr.image", "review_text": "Everything is good and perfect\nLoved the person worker \nI comfortable the room", "date": "28 Dec 2022", "rating": {"bg_color": "#346000", "title": "5"}}, {"user_name": "Shashidhar ks", "user_image": "usr.image", "review_text": "Good experience, humble staff , location best to metro , easy accessable, stay in Oyo without any hesitation. Safety, hygiene makes u comfortable.", "date": "28 Dec 2022", "rating": {"bg_color": "#346000", "title": "5"}}, {"user_name": "Search Not", "user_image": "usr.image", "review_text": "Service is good ,& room was also clean .", "date": "22 Dec 2022", "rating": {"bg_color": "#346000", "title": "5"}}, {"user_name": "Rajkumar Vanaparthy", "user_image": "usr.image", "review_text": "neat and clean.the beds are not good", "date": "18 Dec 2022", "rating": {"bg_color": "#346000", "title": "5"}}, {"user_name": "Karthik", "user_image": "usr.image", "review_text": "Friendly staffs,good management, clean,neat and safe room.", "date": "03 Dec 2022", "rating": {"bg_color": "#346000", "title": "5"}}, {"user_name": "janarthan j", "user_image": "usr.image", "review_text": "Spacious room\nNeat and clean rooms \nStaffs are friendly\nGood location", "date": "15 Nov 2022", "rating": {"bg_color": "#346000", "title": "5"}}, {"user_name": "Jaswanthreddy", "user_image": "usr.image", "review_text": "Gud", "date": "14 Nov 2022", "rating": {"bg_color": "#346000", "title": "5"}}, {"user_name": "swapnil kumar", "user_image": "usr.image", "review_text": "Everything was on point", "date": "08 Nov 2022", "rating": {"bg_color": "#346000", "title": "5"}}, {"user_name": "Vivek CP", "user_image": "usr.image", "review_text": "Good rooms, bathrooms. \nIn house restaurant and there policy about Swiggy ordering is not nice.", "date": "05 Nov 2022", "rating": {"bg_color": "#346000", "title": "5"}}, {"user_name": "Godi Yashwanth", "user_image": "usr.image", "review_text": "Good maintance, hygienic,warm welcome from the receptionist,felt like home and looking forward to come again Thank you", "date": "24 Oct 2022", "rating": {"bg_color": "#346000", "title": "5"}}, {"user_name": "Suprith SL", "user_image": "usr.image", "review_text": "Nice hotel to stay", "date": "18 Oct 2022", "rating": {"bg_color": "#346000", "title": "5"}}, {"user_name": "aayush gupta", "user_image": "usr.image", "review_text": "Nice place to stay, location is easily accessible with all the amenities such as mall etc...\nRooms are good, in house food also good.", "date": "13 Oct 2022", "rating": {"bg_color": "#346000", "title": "5"}}, {"user_name": "Aditya", "user_image": "usr.image", "review_text": "Good staff", "date": "10 Oct 2022", "rating": {"bg_color": "#346000", "title": "5"}}, {"user_name": "Vamsi", "user_image": "usr.image", "review_text": "Thank you", "date": "09 Oct 2022", "rating": {"bg_color": "#346000", "title": "5"}}, {"user_name": "Rony Dominic", "user_image": "usr.image", "review_text": "Very nice and clean room", "date": "09 Oct 2022", "rating": {"bg_color": "#346000", "title": "5"}}, {"user_name": "Anudeep Palle", "user_image": "usr.image", "review_text": "Very well maintained OYO. Restaurant is available in the 6th floor. Food is too good. Chef here is very polite and humble.", "date": "04 Oct 2022", "rating": {"bg_color": "#346000", "title": "5"}}, {"user_name": "Ashi Kumari", "user_image": "usr.image", "review_text": "Pretty room", "date": "03 Oct 2022", "rating": {"bg_color": "#346000", "title": "5"}}, {"user_name": "Arindam Goswami", "user_image": "usr.image", "review_text": "Great! Convenient for traveling", "date": "26 Sep 2022", "rating": {"bg_color": "#346000", "title": "5"}}, {"user_name": "Lakshmi Narayanan", "user_image": "usr.image", "review_text": "Great stay, neat and clean", "date": "23 Sep 2022", "rating": {"bg_color": "#346000", "title": "5"}}, {"user_name": "Sambamoorthy", "user_image": "usr.image", "review_text": "I always prefer to stay in oyo only. Good services.", "date": "21 Sep 2022", "rating": {"bg_color": "#346000", "title": "5"}}, {"user_name": "Rajkumar", "user_image": "usr.image", "review_text": "Ya it's good to stay here", "date": "19 Sep 2022", "rating": {"bg_color": "#346000", "title": "5"}}, {"user_name": "Anurag Raushan", "user_image": "usr.image", "review_text": "Very nice experience helping and coperative staff, food quality is also good", "date": "19 Sep 2022", "rating": {"bg_color": "#346000", "title": "5"}}, {"user_name": "Vamsi", "user_image": "usr.image", "review_text": "Thank you for making my stay wonderful. Keep up the good work :)", "date": "19 Sep 2022", "rating": {"bg_color": "#346000", "title": "5"}}, {"user_name": "Mughil", "user_image": "usr.image", "review_text": "It was good.. Rooms was clean worth for this price.. No disturbance and no hidden charges was asked at the end..", "date": "18 Sep 2022", "rating": {"bg_color": "#346000", "title": "5"}}, {"user_name": "Sohail Ahmad", "user_image": "usr.image", "review_text": "Excellent experience", "date": "18 Sep 2022", "rating": {"bg_color": "#346000", "title": "5"}}, {"user_name": "Athul Sathyan", "user_image": "usr.image", "review_text": "Good rooms but it's really bad they are not allowing Zomato,Swiggy inside the hotel. We customers have there are own preferences,the hotel management can't force there restaurants food on us.", "date": "13 Sep 2022", "rating": {"bg_color": "#346000", "title": "5"}}, {"user_name": "Sohail Ahmad", "user_image": "usr.image", "review_text": "Excellent experience", "date": "09 Sep 2022", "rating": {"bg_color": "#346000", "title": "5"}}, {"user_name": "Sohail Ahmad", "user_image": "usr.image", "review_text": "Excellent experience", "date": "09 Sep 2022", "rating": {"bg_color": "#346000", "title": "5"}}, {"user_name": "Navaneeta Saikia", "user_image": "usr.image", "review_text": "Safe, clean, good infrastructure, good food and prime location. Stayed here for quite a few days and loved the experience.", "date": "01 Sep 2022", "rating": {"bg_color": "#346000", "title": "5"}}, {"user_name": "Arjun js", "user_image": "usr.image", "review_text": "Very clean and hygiene.... Worth living there", "date": "31 Aug 2022", "rating": {"bg_color": "#346000", "title": "5"}}, {"user_name": "Viswanath", "user_image": "usr.image", "review_text": "Superb hotel with nice bathroom and lightings and staffs also", "date": "31 Aug 2022", "rating": {"bg_color": "#346000", "title": "5"}}, {"user_name": "Sohail Ahmad", "user_image": "usr.image", "review_text": "Excellent experience", "date": "31 Aug 2022", "rating": {"bg_color": "#346000", "title": "5"}}, {"user_name": "Faheem Mohammed", "user_image": "usr.image", "review_text": "Hastle free Check-in Check-out , Good food and hygienic rooms , overall a very good experience", "date": "29 Aug 2022", "rating": {"bg_color": "#346000", "title": "5"}}, {"user_name": "Kumar Shashwat", "user_image": "usr.image", "review_text": "It was Excellent.", "date": "26 Aug 2022", "rating": {"bg_color": "#346000", "title": "5"}}, {"user_name": "Ravishek Kumar", "user_image": "usr.image", "review_text": "Best hotel", "date": "24 Aug 2022", "rating": {"bg_color": "#346000", "title": "5"}}, {"user_name": "Man", "user_image": "usr.image", "review_text": "Nice place to stay", "date": "22 Aug 2022", "rating": {"bg_color": "#346000", "title": "5"}}, {"user_name": "Lakshmireddy", "user_image": "usr.image", "review_text": "The room is nice", "date": "18 Aug 2022", "rating": {"bg_color": "#346000", "title": "5"}}, {"user_name": "Vinay Nayak", "user_image": "usr.image", "review_text": "Good experience....nice room ...bed ... lighting..... bathroom cleaning is veary good", "date": "16 Aug 2022", "rating": {"bg_color": "#346000", "title": "5"}}, {"user_name": "Hariprasad", "user_image": "usr.image", "review_text": "Hassle free checkin... Good room... Good service.", "date": "12 Aug 2022", "rating": {"bg_color": "#346000", "title": "5"}, "user_image_feedback_list": [{"image_name": "20220807_111327bfd1f00b-73cc-4d01-91af-1add884c2bc9.jpg", "image_url": "https://images.oyoroomscdn.com/ugc-feedback-uploads/20220807_111327bfd1f00b-73cc-4d01-91af-1add884c2bc9.jpg", "type": "jpg", "uploaded_at": "2022-08-12", "image_id": "107118"}]}, {"user_name": "Abhijeet Swarnkar", "user_image": "usr.image", "review_text": "Good and clean rooms. Decent staff.", "date": "11 Aug 2022", "rating": {"bg_color": "#346000", "title": "5"}}, {"user_name": "Hariprasad", "user_image": "usr.image", "review_text": "Good service, couple friendly, spacious room", "date": "11 Aug 2022", "rating": {"bg_color": "#346000", "title": "5"}, "user_image_feedback_list": [{"image_name": "20220807_111158f01993ed-d3fe-42ea-b4b2-b9f6398c3dd4.jpg", "image_url": "https://images.oyoroomscdn.com/ugc-feedback-uploads/20220807_111158f01993ed-d3fe-42ea-b4b2-b9f6398c3dd4.jpg", "type": "jpg", "uploaded_at": "2022-08-11", "image_id": "106928"}, {"image_name": "20220807_111313985a59a2-2798-4cab-8e02-199c56a6e021.jpg", "image_url": "https://images.oyoroomscdn.com/ugc-feedback-uploads/20220807_111313985a59a2-2798-4cab-8e02-199c56a6e021.jpg", "type": "jpg", "uploaded_at": "2022-08-11", "image_id": "106929"}, {"image_name": "20220807_11132744aaf85d-711c-46e2-ab27-0a57e9f1d5a5.jpg", "image_url": "https://images.oyoroomscdn.com/ugc-feedback-uploads/20220807_11132744aaf85d-711c-46e2-ab27-0a57e9f1d5a5.jpg", "type": "jpg", "uploaded_at": "2022-08-11", "image_id": "106927"}]}, {"user_name": "hizana farhath", "user_image": "usr.image", "review_text": "The stay was very awesome. Room was very clean. Staff support was very good. The atmosphere was safe and was couple friendly", "date": "08 Aug 2022", "rating": {"bg_color": "#346000", "title": "5"}}, {"user_name": "Abdul Waheed", "user_image": "usr.image", "review_text": "We had no issues while checking in and the food was excellent.", "date": "08 Aug 2022", "rating": {"bg_color": "#346000", "title": "5"}}, {"user_name": "Murali M", "user_image": "usr.image", "review_text": "oyo praises and inside room", "date": "07 Aug 2022", "rating": {"bg_color": "#346000", "title": "5"}}, {"user_name": "Gopidasan", "user_image": "usr.image", "review_text": "Simply excellent. Safe and secure. Staff's were treating us in a professional way.", "date": "07 Aug 2022", "rating": {"bg_color": "#346000", "title": "5"}}, {"user_name": "Krishna Gupta", "user_image": "usr.image", "review_text": "Good location\nRoom was clean and good service by staff", "date": "06 Aug 2022", "rating": {"bg_color": "#346000", "title": "5"}}, {"user_name": "Sri Raghav", "user_image": "usr.image", "review_text": "Great place to stay", "date": "05 Aug 2022", "rating": {"bg_color": "#346000", "title": "5"}}, {"user_name": "Mythri Kallapur", "user_image": "usr.image", "review_text": "Kitchen staff are very helpful and accomodating", "date": "04 Aug 2022", "rating": {"bg_color": "#346000", "title": "5"}}, {"user_name": "Ben Samuel", "user_image": "usr.image", "review_text": "Located in a prime locality. Nearby Halasuru metro and a good price", "date": "02 Aug 2022", "rating": {"bg_color": "#346000", "title": "5"}}, {"user_name": "Sameer", "user_image": "usr.image", "review_text": "Very spacious rooms, cleanliness is top notch very good staff, receptionist is very helpful. Enjoyed the stay", "date": "01 Aug 2022", "rating": {"bg_color": "#346000", "title": "5"}}, {"user_name": "Ritik Agarwal", "user_image": "usr.image", "review_text": "Instant check-in, no hassle. Rooms and washrooms as clean as in photos! Good property!", "date": "01 Aug 2022", "rating": {"bg_color": "#346000", "title": "5"}, "user_image_feedback_list": [{"image_name": "JPEG_20220801_110506_583025620551937138263a0245c-4eba-470b-9155-04710afd9c55.jpg", "image_url": "https://images.oyoroomscdn.com/ugc-feedback-uploads/JPEG_20220801_110506_583025620551937138263a0245c-4eba-470b-9155-04710afd9c55.jpg", "type": "jpg", "uploaded_at": "2022-08-01", "image_id": "103369"}, {"image_name": "JPEG_20220801_110519_47396995406350692406f040c05-3a4c-4902-b018-b453b696b5df.jpg", "image_url": "https://images.oyoroomscdn.com/ugc-feedback-uploads/JPEG_20220801_110519_47396995406350692406f040c05-3a4c-4902-b018-b453b696b5df.jpg", "type": "jpg", "uploaded_at": "2022-08-01", "image_id": "103370"}, {"image_name": "JPEG_20220801_110540_8402929575970460448e14828bb-e003-4790-934a-7f4aebcae022.jpg", "image_url": "https://images.oyoroomscdn.com/ugc-feedback-uploads/JPEG_20220801_110540_8402929575970460448e14828bb-e003-4790-934a-7f4aebcae022.jpg", "type": "jpg", "uploaded_at": "2022-08-01", "image_id": "103371"}]}, {"user_name": "Baladev Behura", "user_image": "usr.image", "review_text": "Nice hotel", "date": "31 Jul 2022", "rating": {"bg_color": "#346000", "title": "5"}, "user_image_feedback_list": [{"image_name": "IMG_20220730_220431bcecacec-8f18-463f-b275-68e532a9cb81.jpg", "image_url": "https://images.oyoroomscdn.com/ugc-feedback-uploads/IMG_20220730_220431bcecacec-8f18-463f-b275-68e532a9cb81.jpg", "type": "jpg", "uploaded_at": "2022-07-31", "image_id": "102942"}]}, {"user_name": "Muhammed Yassin", "user_image": "usr.image", "review_text": "good", "date": "21 Jul 2022", "rating": {"bg_color": "#346000", "title": "5"}}, {"user_name": "Pranish", "user_image": "usr.image", "review_text": "Good, big rooms. decently cleaned, complimentary breakfast. Must go if you're a Bengali :p. Everything was very smooth, nice location, very near to halasuru metro, would 100% recommend", "date": "18 Jul 2022", "rating": {"bg_color": "#346000", "title": "5"}}, {"user_name": "Siva Prasad", "user_image": "usr.image", "review_text": "Good", "date": "14 Jul 2022", "rating": {"bg_color": "#346000", "title": "5"}}, {"user_name": "avinash toppo", "user_image": "usr.image", "review_text": "Everything comfortable I like it \nIt's very good \ud83d\udc4d\ud83d\ude0a", "date": "13 Jul 2022", "rating": {"bg_color": "#346000", "title": "5"}}, {"user_name": "Kishore", "user_image": "usr.image", "review_text": "good place to stay", "date": "11 Jul 2022", "rating": {"bg_color": "#346000", "title": "5"}}, {"user_name": "Shashi Shekhar", "user_image": "usr.image", "review_text": "good hotel", "date": "05 Jul 2022", "rating": {"bg_color": "#346000", "title": "5"}}, {"user_name": "Vijay", "user_image": "usr.image", "review_text": "very nice", "date": "28 Jun 2022", "rating": {"bg_color": "#346000", "title": "5"}}, {"user_name": "Abhishek Joseph", "user_image": "usr.image", "review_text": "cleanliness", "date": "18 Jun 2022", "rating": {"bg_color": "#346000", "title": "5"}}, {"user_name": "Devanand", "user_image": "usr.image", "review_text": "good", "date": "10 Jun 2022", "rating": {"bg_color": "#346000", "title": "5"}}, {"user_name": "Susmita Mishra", "user_image": "usr.image", "review_text": "Clean room", "date": "01 Jun 2022", "rating": {"bg_color": "#346000", "title": "5"}}, {"user_name": "Susmita Mishra", "user_image": "usr.image", "review_text": "Good service", "date": "01 Jun 2022", "rating": {"bg_color": "#346000", "title": "5"}}, {"user_name": "Faraaz", "user_image": "usr.image", "review_text": "Great location... Clean bathrooms and rooms... Quick checkin with good staff service. Additionally good vegitarian restaurant is available on the rooftop who serve great break fast.", "date": "22 Apr 2023", "rating": {"bg_color": "#58ac00", "title": "4"}}, {"user_name": "Rajsekar", "user_image": "usr.image", "review_text": "Close to metro and friendly staff. Some rooms have broken tables.", "date": "09 Apr 2023", "rating": {"bg_color": "#58ac00", "title": "4"}}, {"user_name": "Jetin Godfred", "user_image": "usr.image", "review_text": "The stay was good \nCouple friendly\nThe place is ideal and rooms are ok nd clean\nThe place is near to metro station also", "date": "08 Apr 2023", "rating": {"bg_color": "#58ac00", "title": "4"}}, {"user_name": "EBINEZER", "user_image": "usr.image", "review_text": "Need ac improvement tv not working", "date": "31 Mar 2023", "rating": {"bg_color": "#58ac00", "title": "4"}}, {"user_name": "Anjanayan", "user_image": "usr.image", "review_text": "Good stay, near to metro.only draw back is no parking", "date": "18 Mar 2023", "rating": {"bg_color": "#58ac00", "title": "4"}}, {"user_name": "Subrata Palit", "user_image": "usr.image", "review_text": "Comfortable stay without TV..Ambience, cleanliness, supportive staffs, comfortable bed and useful furnitures, very good wash room, geyser etc.TV provided with Tata Sky connection was showing only Asamese and Hariyani languages programme. Rest all channels were not at all subscribed. Attendents were called to sortout the problem. But they could not do as other language channels were not subscribed. They know the situation that is why they kept quiet! We could not see even english news channels forgetting our bengali news!", "date": "14 Mar 2023", "rating": {"bg_color": "#58ac00", "title": "4"}}, {"user_name": "Hari", "user_image": "usr.image", "review_text": "Decent place", "date": "13 Mar 2023", "rating": {"bg_color": "#58ac00", "title": "4"}}, {"user_name": "Suprith SL", "user_image": "usr.image", "review_text": "The location is good, even the food is good..cons are bedsheets are not good, they do not allow zomato inside. Over all the experience was 3 out of 5.", "date": "12 Mar 2023", "rating": {"bg_color": "#58ac00", "title": "4"}}, {"user_name": "Anjanayan", "user_image": "usr.image", "review_text": "Good hotel and decent room, checkin and check out were smooth. Parking availability is a concern", "date": "17 Feb 2023", "rating": {"bg_color": "#58ac00", "title": "4"}}, {"user_name": "Amit", "user_image": "usr.image", "review_text": "One of the best oyo in Bangalore. Close to Metro. Staff is good. Breakfast is above average. Rooms are good. But not the best. Still compared to other townhouse In Bangalore this one is good", "date": "29 Jan 2023", "rating": {"bg_color": "#58ac00", "title": "4"}}, {"user_name": "Zingyarlan", "user_image": "usr.image", "review_text": "nice room", "date": "19 Jan 2023", "rating": {"bg_color": "#58ac00", "title": "4"}}, {"user_name": "Basil Eldhose", "user_image": "usr.image", "review_text": "Room is worth for 690 rupees.located in a good residencial area\nAminites.\nDouble coat bed, walldrobe, AC,free wifi,attached bathroom\n\nCheck in time must ask attached bathroom\nBathroom just average only\nTv channel not available\nNear by room backery, small grocery available", "date": "06 Jan 2023", "rating": {"bg_color": "#58ac00", "title": "4"}, "user_image_feedback_list": [{"image_name": "IMG_20230106_123502163f5eec-2ad9-40e0-b361-8e25a5d82ed4.jpg", "image_url": "https://images.oyoroomscdn.com/ugc-feedback-uploads/IMG_20230106_123502163f5eec-2ad9-40e0-b361-8e25a5d82ed4.jpg", "type": "jpg", "uploaded_at": "2023-01-06", "image_id": "164651"}, {"image_name": "IMG_20230106_12343515e3d09a-01bf-4df9-af5e-8e80d300b137.jpg", "image_url": "https://images.oyoroomscdn.com/ugc-feedback-uploads/IMG_20230106_12343515e3d09a-01bf-4df9-af5e-8e80d300b137.jpg", "type": "jpg", "uploaded_at": "2023-01-06", "image_id": "164653"}, {"image_name": "IMG_20230106_123440b026d142-3961-4693-a462-6531940b501a.jpg", "image_url": "https://images.oyoroomscdn.com/ugc-feedback-uploads/IMG_20230106_123440b026d142-3961-4693-a462-6531940b501a.jpg", "type": "jpg", "uploaded_at": "2023-01-06", "image_id": "164647"}, {"image_name": "IMG_20230106_1234106ac67786-17f5-43cd-b532-3326831bb95f.jpg", "image_url": "https://images.oyoroomscdn.com/ugc-feedback-uploads/IMG_20230106_1234106ac67786-17f5-43cd-b532-3326831bb95f.jpg", "type": "jpg", "uploaded_at": "2023-01-06", "image_id": "164652"}, {"image_name": "IMG_20230106_123521a23ba4e8-7731-467d-aa61-526364a27340.jpg", "image_url": "https://images.oyoroomscdn.com/ugc-feedback-uploads/IMG_20230106_123521a23ba4e8-7731-467d-aa61-526364a27340.jpg", "type": "jpg", "uploaded_at": "2023-01-06", "image_id": "164646"}, {"image_name": "IMG_20230106_12342172ed2e4d-bd2c-4799-ac0e-2c8aa0f2de07.jpg", "image_url": "https://images.oyoroomscdn.com/ugc-feedback-uploads/IMG_20230106_12342172ed2e4d-bd2c-4799-ac0e-2c8aa0f2de07.jpg", "type": "jpg", "uploaded_at": "2023-01-06", "image_id": "164649"}, {"image_name": "IMG_20230106_12351853983f73-913d-49f1-87dc-ae84d484563a.jpg", "image_url": "https://images.oyoroomscdn.com/ugc-feedback-uploads/IMG_20230106_12351853983f73-913d-49f1-87dc-ae84d484563a.jpg", "type": "jpg", "uploaded_at": "2023-01-06", "image_id": "164650"}, {"image_name": "IMG_20230106_123415ca880f8b-f816-4874-939c-d44876bd3147.jpg", "image_url": "https://images.oyoroomscdn.com/ugc-feedback-uploads/IMG_20230106_123415ca880f8b-f816-4874-939c-d44876bd3147.jpg", "type": "jpg", "uploaded_at": "2023-01-06", "image_id": "164648"}]}, {"user_name": "Kishan Musale", "user_image": "usr.image", "review_text": "Good rooms.", "date": "24 Dec 2022", "rating": {"bg_color": "#58ac00", "title": "4"}}, {"user_name": "Ritika", "user_image": "usr.image", "date": "18 Dec 2022", "rating": {"bg_color": "#58ac00", "title": "4"}, "user_image_feedback_list": [{"image_name": "148cae82d08fbd6f30daf776-e985-48f8-9b20-a129ed9194c2.jpg", "image_url": "https://images.oyoroomscdn.com/ugc-feedback-uploads/148cae82d08fbd6f30daf776-e985-48f8-9b20-a129ed9194c2.jpg", "type": "jpg", "uploaded_at": "2022-12-18", "image_id": "156790"}]}]}}, {"data": {"title": "227 Verified Reviews", "rating_data": {"title": "4.3", "bg_color": "#58ac00", "tag": "Very Good", "subtitle": "1597 ratings on verified stays by guests"}, "sort_options": [{"type": "date-high", "title": "Recent reviews"}, {"type": "rating-high", "title": "High to low ratings"}, {"type": "rating-low", "title": "Low to high ratings"}], "is_last": false, "next_offset": 202, "reviews": [{"user_name": "Biswajit Kumura", "user_image": "usr.image", "review_text": "Overall good..", "date": "27 Nov 2022", "rating": {"bg_color": "#58ac00", "title": "4"}}, {"user_name": "gajendra", "user_image": "usr.image", "review_text": "Room ok but sound destabance", "date": "13 Nov 2022", "rating": {"bg_color": "#58ac00", "title": "4"}}, {"user_name": "Akash Vijayan", "user_image": "usr.image", "review_text": "Stay at the hotel was good. Room and bathroom were neat and clean as shown in the picture. Only problem was there were no proper chennels in T.V.", "date": "11 Nov 2022", "rating": {"bg_color": "#58ac00", "title": "4"}}, {"user_name": "Raghav Prasad", "user_image": "usr.image", "review_text": "The rooms were decent but the sheets weren't super clean.\nOther than that it was a decent stay, no complaints.", "date": "10 Nov 2022", "rating": {"bg_color": "#58ac00", "title": "4"}}, {"user_name": "Rakesh", "user_image": "usr.image", "review_text": "Superb", "date": "08 Nov 2022", "rating": {"bg_color": "#58ac00", "title": "4"}}, {"user_name": "Cherian Jacob", "user_image": "usr.image", "review_text": "Good place. Clean and comfy. TV connection was cut though. And charged extra money for early check-in.", "date": "23 Oct 2022", "rating": {"bg_color": "#58ac00", "title": "4"}}, {"user_name": "Francis J", "user_image": "usr.image", "review_text": "Every thing was good .", "date": "18 Oct 2022", "rating": {"bg_color": "#58ac00", "title": "4"}}, {"user_name": "manik bali", "user_image": "usr.image", "review_text": "Good room, near metro station", "date": "14 Oct 2022", "rating": {"bg_color": "#58ac00", "title": "4"}}, {"user_name": "Shekar Velu", "user_image": "usr.image", "review_text": "It was good and simple facility.None", "date": "10 Oct 2022", "rating": {"bg_color": "#58ac00", "title": "4"}}, {"user_name": "Harikrishna Yadav", "user_image": "usr.image", "review_text": "No welcome kit provided which includes shampoo, lotion and soap,  Bed is not ok,  full back pain due to the sprung bed", "date": "07 Oct 2022", "rating": {"bg_color": "#58ac00", "title": "4"}}, {"user_name": "Somula Saida", "user_image": "usr.image", "review_text": "Room and maintainamce", "date": "03 Oct 2022", "rating": {"bg_color": "#58ac00", "title": "4"}}, {"user_name": "Jitendra Kumar", "user_image": "usr.image", "review_text": "Nice location. Great bathroom. Staff are good.", "date": "24 Sep 2022", "rating": {"bg_color": "#58ac00", "title": "4"}}, {"user_name": "Jasper", "user_image": "usr.image", "review_text": "The rooms were good it was a good stay \ud83d\ude42 but the floor was sticky and there were small cockroachs and it's a veg restaurant \ud83e\udd72\ud83e\udd7a\ud83e\udd72", "date": "24 Sep 2022", "rating": {"bg_color": "#58ac00", "title": "4"}}, {"user_name": "Chandrahas", "user_image": "usr.image", "review_text": "Everything is good but it would have been better if it was well maintained.", "date": "09 Sep 2022", "rating": {"bg_color": "#58ac00", "title": "4"}}, {"user_name": "Hari Ganesh", "user_image": "usr.image", "review_text": "Good room. Can improve a lot.", "date": "04 Sep 2022", "rating": {"bg_color": "#58ac00", "title": "4"}}, {"user_name": "Rohit", "user_image": "usr.image", "review_text": "Good", "date": "04 Sep 2022", "rating": {"bg_color": "#58ac00", "title": "4"}}, {"user_name": "Rakesh V", "user_image": "usr.image", "review_text": "I was a nice experience overall,\nBut they were slower During the check in", "date": "02 Sep 2022", "rating": {"bg_color": "#58ac00", "title": "4"}}, {"user_name": "Mayank Chaudhary", "user_image": "usr.image", "review_text": "Easy access, 2 water bottle provided free, free breakfast, clean bedsheet, 24hr geyser, but no shower.", "date": "01 Sep 2022", "rating": {"bg_color": "#58ac00", "title": "4"}}, {"user_name": "Shubham", "user_image": "usr.image", "review_text": "Decent stay and decent price", "date": "31 Aug 2022", "rating": {"bg_color": "#58ac00", "title": "4"}}, {"user_name": "Rohit", "user_image": "usr.image", "review_text": "Food is good", "date": "29 Aug 2022", "rating": {"bg_color": "#58ac00", "title": "4"}}, {"user_name": "Aditya Aryan", "user_image": "usr.image", "review_text": "Good stay with easy check in and nice service", "date": "25 Aug 2022", "rating": {"bg_color": "#58ac00", "title": "4"}}, {"user_name": "vasudev", "user_image": "usr.image", "review_text": "Amazing room and amazing service, the room was tidy, bed was comfortable and clean.\nComplimentary breakfast was nice\nThank you Oyo", "date": "23 Aug 2022", "rating": {"bg_color": "#58ac00", "title": "4"}}, {"user_name": "Rahul KT", "user_image": "usr.image", "review_text": "Overall good", "date": "20 Aug 2022", "rating": {"bg_color": "#58ac00", "title": "4"}}, {"user_name": "Atheena Paulson", "user_image": "usr.image", "review_text": "Good breakfast", "date": "15 Aug 2022", "rating": {"bg_color": "#58ac00", "title": "4"}}, {"user_name": "Arjun Suresh", "user_image": "usr.image", "review_text": "Very good in house restaurent", "date": "11 Aug 2022", "rating": {"bg_color": "#58ac00", "title": "4"}}, {"user_name": "Prakash Singh", "user_image": "usr.image", "review_text": "Very good rooms. Spacious. Well maintained.", "date": "09 Aug 2022", "rating": {"bg_color": "#58ac00", "title": "4"}}, {"user_name": "Kamil Hithayath", "user_image": "usr.image", "review_text": "Bed was not good. I could feel the springs", "date": "07 Aug 2022", "rating": {"bg_color": "#58ac00", "title": "4"}}, {"user_name": "hizana farhath", "user_image": "usr.image", "review_text": "The room was very nice with very good facilities", "date": "31 Jul 2022", "rating": {"bg_color": "#58ac00", "title": "4"}}, {"user_name": "Hemendra Singh", "user_image": "usr.image", "review_text": "Only bedsheet and pillow covers are having some stains otherwise everything thing was good", "date": "18 Jul 2022", "rating": {"bg_color": "#58ac00", "title": "4"}}, {"user_name": "BR", "user_image": "usr.image", "review_text": "great location, and decent place to stay adjacent to ulsoor metro station. safe and customer support is alright. breakfast is quite decent on the 6th floor. overall would recommend", "date": "14 Jul 2022", "rating": {"bg_color": "#58ac00", "title": "4"}}, {"user_name": "Shashank Belagali", "user_image": "usr.image", "review_text": "bathroom was a little stinky but otherwise the stay was pretty good", "date": "20 Jun 2022", "rating": {"bg_color": "#58ac00", "title": "4"}}, {"user_name": "Tarun Chicheriya", "user_image": "usr.image", "review_text": "Ok", "date": "05 Jun 2022", "rating": {"bg_color": "#58ac00", "title": "4"}}, {"user_name": "Naresh", "user_image": "usr.image", "review_text": "staff was good.", "date": "03 Jun 2022", "rating": {"bg_color": "#58ac00", "title": "4"}}, {"user_name": "Abdus Samad", "user_image": "usr.image", "review_text": "No complimentary breakfast.Had water issues with the room and toiletry was not supplied properly,", "date": "06 Apr 2023", "rating": {"bg_color": "#8fc402", "title": "3"}}, {"user_name": "Shafi Al", "user_image": "usr.image", "review_text": "ac is not working", "date": "16 Mar 2023", "rating": {"bg_color": "#8fc402", "title": "3"}}, {"user_name": "Gitanjali", "user_image": "usr.image", "review_text": "My recent stay at the hotel was fairly average. The room was clean and comfortable but small, but there was nothing exceptional about it. The staff were friendly and accommodating, but there were no standout moments of exceptional service. \nThe hotel facilities were adequate but not outstanding. Breakfast was included but the selection was limited. Overall, it was a pleasant stay but didn't leave a lasting impression. It's a good choice for a no-frills stay, but those looking for luxury or memorable experiences may want to look elsewhere.", "date": "24 Feb 2023", "rating": {"bg_color": "#8fc402", "title": "3"}}, {"user_name": "Naseem Ummer", "user_image": "usr.image", "review_text": "Located at a very accessible location and offers good rooms.\nIf only service would have been better", "date": "11 Feb 2023", "rating": {"bg_color": "#8fc402", "title": "3"}}, {"user_name": "Sharief", "user_image": "usr.image", "review_text": "Just an ok stay", "date": "28 Dec 2022", "rating": {"bg_color": "#8fc402", "title": "3"}}, {"user_name": "manoj mannam", "user_image": "usr.image", "review_text": "Peaceful l and hygienic.", "date": "25 Dec 2022", "rating": {"bg_color": "#8fc402", "title": "3"}}, {"user_name": "allen", "user_image": "usr.image", "review_text": "Customer Service wasn't great and no public restrooms for customers were provided. Pillow case had holes and also stains were there, which is really unhygienic.", "date": "23 Dec 2022", "rating": {"bg_color": "#8fc402", "title": "3"}}, {"user_name": "Syed Ismail", "user_image": "usr.image", "review_text": "Need to get towels\u2026no shampoo r soap in bath rooms\u2026", "date": "15 Dec 2022", "rating": {"bg_color": "#8fc402", "title": "3"}}, {"user_name": "Pruthvik AM", "user_image": "usr.image", "review_text": "Very bad service. Unclean and terrible staff.", "date": "03 Dec 2022", "rating": {"bg_color": "#8fc402", "title": "3"}}, {"user_name": "Rishabh Rao", "user_image": "usr.image", "review_text": "Had been assigned this hotel after my previous booking cancelled on me late at night approx 11:00 PM. The rooms here were unclean and the walls were stained. Basic toiletries were provided but overall the standard was not up to the mark.", "date": "02 Dec 2022", "rating": {"bg_color": "#8fc402", "title": "3"}}, {"user_name": "Sai Keerthan", "user_image": "usr.image", "review_text": "Tv is not working. There's no door mats. Wife also not working. Room is good and receptionist behaved good.", "date": "25 Nov 2022", "rating": {"bg_color": "#8fc402", "title": "3"}}, {"user_name": "Bhavin", "user_image": "usr.image", "review_text": "Service was not up to mark.got my room 1.5 hr latel", "date": "15 Oct 2022", "rating": {"bg_color": "#8fc402", "title": "3"}}, {"user_name": "Venkatesh", "user_image": "usr.image", "review_text": "Everything seems good but there is no force in hot water it flows veryslow for showering also cost is little too high \nOverall good stay but little discrbency", "date": "15 Oct 2022", "rating": {"bg_color": "#8fc402", "title": "3"}}, {"user_name": "Jayanta Jana", "user_image": "usr.image", "review_text": "No basic room service is there. There is towel in the bathroom. After asking for several times then only they provided. Room was not cleaned.Bed sheet had stain marks.\nRoom is same as photo. But it lacks a working desk. It is not well maintained hotel. Staffs are not professional enough. I would say it is average just spend your night. They also do not provide cutlery if you order food from Zomato. In room there is no glass for drinking water which is a necessary thing. I do not recommend this hotel. At this price there are far better hotels available.", "date": "13 Oct 2022", "rating": {"bg_color": "#8fc402", "title": "3"}, "user_image_feedback_list": [{"image_name": "IMG_20221011_000216a1af0434-3683-4fd6-b0de-0e0895b5b37d.jpg", "image_url": "https://images.oyoroomscdn.com/ugc-feedback-uploads/IMG_20221011_000216a1af0434-3683-4fd6-b0de-0e0895b5b37d.jpg", "type": "jpg", "uploaded_at": "2022-10-13", "image_id": "132942"}, {"image_name": "IMG_20221010_140126876e68af-693f-490b-aec7-a3c748a3333d.jpg", "image_url": "https://images.oyoroomscdn.com/ugc-feedback-uploads/IMG_20221010_140126876e68af-693f-490b-aec7-a3c748a3333d.jpg", "type": "jpg", "uploaded_at": "2022-10-13", "image_id": "132940"}, {"image_name": "IMG_20221010_140133b02b02d3-ff1c-4edd-b0a3-74faee4dd6d8.jpg", "image_url": "https://images.oyoroomscdn.com/ugc-feedback-uploads/IMG_20221010_140133b02b02d3-ff1c-4edd-b0a3-74faee4dd6d8.jpg", "type": "jpg", "uploaded_at": "2022-10-13", "image_id": "132941"}, {"image_name": "IMG_20221010_14011920469350-f056-44dd-944f-6ab19c6014fd.jpg", "image_url": "https://images.oyoroomscdn.com/ugc-feedback-uploads/IMG_20221010_14011920469350-f056-44dd-944f-6ab19c6014fd.jpg", "type": "jpg", "uploaded_at": "2022-10-13", "image_id": "132939"}]}, {"user_name": "Bhargobjyoti Nath", "user_image": "usr.image", "review_text": "Rooms not maintained as Oyo Townhouse Standard", "date": "11 Oct 2022", "rating": {"bg_color": "#8fc402", "title": "3"}}, {"user_name": "Sharief", "user_image": "usr.image", "review_text": "After entering the hotel I was told to wait for one hour to get into the room", "date": "10 Oct 2022", "rating": {"bg_color": "#8fc402", "title": "3"}}, {"user_name": "deepak yadav", "user_image": "usr.image", "review_text": "Pro - Good location, decent food, staff support\n\n\nCons - Poor condition of walls, don't even have a decent iron box (gave me a burnt one), laundary timings can be improved, could not provide 2 hangar to guest", "date": "22 Sep 2022", "rating": {"bg_color": "#8fc402", "title": "3"}, "user_image_feedback_list": [{"image_name": "20220919_193305c37dab9d-57a4-44d6-b6da-9395e59c9d45.jpg", "image_url": "https://images.oyoroomscdn.com/ugc-feedback-uploads/20220919_193305c37dab9d-57a4-44d6-b6da-9395e59c9d45.jpg", "type": "jpg", "uploaded_at": "2022-09-22", "image_id": "123377"}, {"image_name": "20220919_193255bf691afa-5272-4961-8089-447cf80c7e84.jpg", "image_url": "https://images.oyoroomscdn.com/ugc-feedback-uploads/20220919_193255bf691afa-5272-4961-8089-447cf80c7e84.jpg", "type": "jpg", "uploaded_at": "2022-09-22", "image_id": "123379"}]}, {"user_name": "sudhakar", "user_image": "usr.image", "review_text": "Beds very uncomfortable", "date": "09 Sep 2022", "rating": {"bg_color": "#8fc402", "title": "3"}}, {"user_name": "Shaik Biyabani", "user_image": "usr.image", "review_text": "Room doesn't have table and TV works for few channel", "date": "12 Aug 2022", "rating": {"bg_color": "#8fc402", "title": "3"}}, {"user_name": "Nikhil", "user_image": "usr.image", "review_text": "Food is good", "date": "02 Aug 2022", "rating": {"bg_color": "#8fc402", "title": "3"}}, {"user_name": "Tanveer ahmed", "user_image": "usr.image", "review_text": "bed was not comfortable you can feel the springs ,  front office rejected to provide breakfast even though it is included", "date": "01 Jul 2022", "rating": {"bg_color": "#8fc402", "title": "3"}}, {"user_name": "Abhijeet Dash", "user_image": "usr.image", "review_text": "The TV was not working for the entire duration.. otherwise I would have given 5 star", "date": "06 Jun 2022", "rating": {"bg_color": "#8fc402", "title": "3"}}, {"user_name": "Kalpesh Naik", "user_image": "usr.image", "review_text": "No handwash, towel, stained bedsheets, staff is very late in attending customer requirements, the pictures do not match the actual room", "date": "03 Mar 2023", "rating": {"bg_color": "#feba00", "title": "2"}}, {"user_name": "Sri", "user_image": "usr.image", "review_text": "They are providing towel and tv", "date": "21 Feb 2023", "rating": {"bg_color": "#feba00", "title": "2"}}, {"user_name": "Ajoy Prasad", "user_image": "usr.image", "review_text": "My parents stayed for a week and not even a single day did they clean the room or the bathroom. They were told several times to clean but they didn't bat an eye. Food was alright though. Service was the worst. Bedsheets and blankets were dirty. Blanket they provided was even torn.", "date": "10 Feb 2023", "rating": {"bg_color": "#feba00", "title": "2"}}, {"user_name": "XXX XXX", "user_image": "usr.image", "review_text": "we made booking through Oyo cSA said food is included but property manager charged from us. Whenever you are making booking make sure all these things", "date": "08 Feb 2023", "rating": {"bg_color": "#feba00", "title": "2"}}, {"user_name": "Santhosh Meganathan", "user_image": "usr.image", "review_text": "The service provided and the money spent on it aren't worthy", "date": "02 Feb 2023", "rating": {"bg_color": "#feba00", "title": "2"}}, {"user_name": "Polu srikanth", "user_image": "usr.image", "review_text": "rooms were decent, but towels and bed sheets were not clean and neat. even the food was worst, breakfast was too bad.", "date": "14 Jan 2023", "rating": {"bg_color": "#feba00", "title": "2"}}, {"user_name": "Benedict Suhas", "user_image": "usr.image", "review_text": "Sheets were dirty. Nothing was well kept", "date": "11 Jan 2023", "rating": {"bg_color": "#feba00", "title": "2"}}, {"user_name": "Changappa", "user_image": "usr.image", "review_text": "This was my 3rd time hear but 2 out of 3 times they have not provided soap and towels we need to ask them again and again even more worse is when I include food in my booking and if I order room service morning he brings it from 6th floor to 5th floor and demands for 240rs for service charges this was major disappointment\ud83d\ude41 240 rs room service charge for just 2 Dosa and tea bread jam  hopeless thing if I ask the staff they are blank no help from them also I hope they improves this", "date": "08 Jan 2023", "rating": {"bg_color": "#feba00", "title": "2"}}, {"user_name": "Debarun Sarkar", "user_image": "usr.image", "review_text": "Not very good for the price. Outside food delivery is not allowed. Inside food is only vegetarian. Not very good in short.", "date": "13 Dec 2022", "rating": {"bg_color": "#feba00", "title": "2"}}, {"user_name": "Barathkumar Jagadesh", "user_image": "usr.image", "review_text": "Please take the hotel price mentioned in booking.com, or else dont partner up with any 3rd party applications like bookiHotel, location and cleanliness.Hotel, location everything is good for the price I saw in Booking.comnbut after visiting the hotel, they say booking.com price is too low. In our hotel the price starts from 1500nthey wont accept less than 1500 itseems, and they say to call booking.com customer care.nI checked in at the night, so I didn\u2019t argue and paid the money.", "date": "19 Oct 2022", "rating": {"bg_color": "#feba00", "title": "2"}}, {"user_name": "Ramkrishna Polisetti", "user_image": "usr.image", "review_text": "They arrange room latly at 3 pm ..and next day aftrn from 12 pm there is no proper power in the room ..room ok reception not responded properly", "date": "09 Oct 2022", "rating": {"bg_color": "#feba00", "title": "2"}}, {"user_name": "Aditya K", "user_image": "usr.image", "review_text": "I would suggest not to opt for this place unless you are a bachelor or all of u are boys there are tons of great places in Bangalore Looking at the reviews given I had expected that it would be a nice place however, unfortunately, that wasn't the case. I stayed there with my fiance recently. The few good things about this place are the convenient location as it is near the metro, the restro people were professional and the breakfast was pretty great as well. The room was descent however there was no electricity, water supply during one of the days of our stay and no tv channels were available but all of this still could be neglected the prime reason why I am inclined to give a poor rating is that one of the houseboys tried barging into our room and not just once if the latch was not been put up he would have got into the room. The person never cared about knocking. This is an intrusion of privacy. My fiance didn't feel safe there. I don't usually give poor ratting until things go south", "date": "29 Sep 2022", "rating": {"bg_color": "#feba00", "title": "2"}}, {"user_name": "Shambhavi", "user_image": "usr.image", "review_text": "Not good", "date": "27 Sep 2022", "rating": {"bg_color": "#feba00", "title": "2"}}, {"user_name": "Chandrabhan Singh", "user_image": "usr.image", "review_text": "Ihave taken this stay for 4 days. Day one was very hectic.  Matrix was broken i have informed in service desk 2 times but they ignored this but next day in evening they change the room. In second room where hot water is not coming in shower due to issue in handle. Service was very slow. We have included breakfast in our booking. But if we order complimentary breakfast in our room they charge for that. Complimentary breakfast is only available if we go to there restaurant. While changing room we forgot our moblie charger and next day we ask them about that they said they didn\u2019t get any charger there. Positive thing is that view from their restaurant. Food quality is ok ok same taste on all the gravy.", "date": "15 Sep 2022", "rating": {"bg_color": "#feba00", "title": "2"}}, {"user_name": "Athul Ben", "user_image": "usr.image", "review_text": "Poorly mannered and trained staff, very unprofessional, feels like I'm walking into a shitty lodge.\n\nThey don't care about your experience in the hotel.\n\nRoom quality is absolutely poor and the \nBedsheets stained.\nWalls stained.\nBathroom floor stained.\n\nI stayed @ this Townhouse on March 2022, the staff was better, rooms were better.\n\nNow it's a complete disaster.\n\nI honestly don't enjoy staying in OyOs in Bangalore.", "date": "14 Sep 2022", "rating": {"bg_color": "#feba00", "title": "2"}}, {"user_name": "Tejas N", "user_image": "usr.image", "review_text": "There was no nonveg even though it was on menu! Wifi was so poor.", "date": "11 Sep 2022", "rating": {"bg_color": "#feba00", "title": "2"}}, {"user_name": "Faez", "user_image": "usr.image", "review_text": "the room is dingy", "date": "31 Aug 2022", "rating": {"bg_color": "#feba00", "title": "2"}}, {"user_name": "Jothirnadh", "user_image": "usr.image", "review_text": "The bed is in its worst condition possible. I was unable to sleep so preferred to sleep on the floor. The rest of the room, washroom and sanitisation was great. Provided good bed I might have given 4+ rating", "date": "22 Aug 2022", "rating": {"bg_color": "#feba00", "title": "2"}}, {"user_name": "Anshuman Gogoi", "user_image": "usr.image", "review_text": "Room was not cleaned properly. Walls were dirty. Asked receptionist for water bottle but he probably forgot to do so.", "date": "08 Aug 2022", "rating": {"bg_color": "#feba00", "title": "2"}}, {"user_name": "Muralidhar S", "user_image": "usr.image", "review_text": "Rooms r not clean", "date": "28 Jul 2022", "rating": {"bg_color": "#feba00", "title": "2"}}, {"user_name": "Mayank Bhardwaj", "user_image": "usr.image", "review_text": "the bed was of the worst quality with the springs broken off the mattress , gave me immense back pain.", "date": "15 Jul 2022", "rating": {"bg_color": "#feba00", "title": "2"}}, {"user_name": "manohar nayak", "user_image": "usr.image", "review_text": "new reception members  are not good", "date": "05 Jun 2022", "rating": {"bg_color": "#feba00", "title": "2"}}, {"user_name": "tharun", "user_image": "usr.image", "review_text": "Staff r to rude", "date": "29 Apr 2023", "rating": {"bg_color": "#ff4742", "title": "1"}}, {"user_name": "Muralidhar S", "user_image": "usr.image", "review_text": "Worst bed, ac is not working, room only bad smell no toilet maintaince", "date": "15 Apr 2023", "rating": {"bg_color": "#ff4742", "title": "1"}, "user_image_feedback_list": [{"image_name": "IMG_20230414_154311d971525e-f41f-4577-9d34-f18a88b048c6.jpg", "image_url": "https://images.oyoroomscdn.com/ugc-feedback-uploads/IMG_20230414_154311d971525e-f41f-4577-9d34-f18a88b048c6.jpg", "type": "jpg", "uploaded_at": "2023-04-15", "image_id": "194829"}, {"image_name": "IMG_20230414_1543231ba70b3e-9df3-4549-b40d-cfb352752506.jpg", "image_url": "https://images.oyoroomscdn.com/ugc-feedback-uploads/IMG_20230414_1543231ba70b3e-9df3-4549-b40d-cfb352752506.jpg", "type": "jpg", "uploaded_at": "2023-04-15", "image_id": "194828"}, {"image_name": "IMG_20230414_154321d7c3925d-8686-4a93-9412-383c260379f2.jpg", "image_url": "https://images.oyoroomscdn.com/ugc-feedback-uploads/IMG_20230414_154321d7c3925d-8686-4a93-9412-383c260379f2.jpg", "type": "jpg", "uploaded_at": "2023-04-15", "image_id": "194827"}]}, {"user_name": "Ashish Bhat", "user_image": "usr.image", "review_text": "Shitty receptionist who checked me in was shitty. Hi name is Sanaj", "date": "31 Mar 2023", "rating": {"bg_color": "#ff4742", "title": "1"}}, {"user_name": "Mohammed Fahad", "user_image": "usr.image", "review_text": "No Breakfast an No Spport in this Hotel", "date": "19 Mar 2023", "rating": {"bg_color": "#ff4742", "title": "1"}}, {"user_name": "Jigar Solanki", "user_image": "usr.image", "review_text": "They didn't allow me for check in. As they refused my bookings. I had to make another booking and paid again. How to get my refund", "date": "08 Mar 2023", "rating": {"bg_color": "#ff4742", "title": "1"}}, {"user_name": "Raghav", "user_image": "usr.image", "review_text": "The service was very poor and the room was not cleaned properly. Reception people were always rude.", "date": "04 Mar 2023", "rating": {"bg_color": "#ff4742", "title": "1"}}, {"user_name": "pawan", "user_image": "usr.image", "review_text": "Oyo service customer agent always giving incomplete information,the hotel is not worth of rs 1890 .never do Booking through oyo", "date": "10 Feb 2023", "rating": {"bg_color": "#ff4742", "title": "1"}}, {"user_name": "pawan", "user_image": "usr.image", "review_text": "Room is not clean properly as per price, bedsheet had stained and torned.i would like to suggest better to book other hotel", "date": "09 Feb 2023", "rating": {"bg_color": "#ff4742", "title": "1"}, "user_image_feedback_list": [{"image_name": "JPEG_20230209_231122_438599861207090383529684044-2d5c-489a-9bd5-19b10071c1ba.jpg", "image_url": "https://images.oyoroomscdn.com/ugc-feedback-uploads/JPEG_20230209_231122_438599861207090383529684044-2d5c-489a-9bd5-19b10071c1ba.jpg", "type": "jpg", "uploaded_at": "2023-02-09", "image_id": "174237"}]}, {"user_name": "Nirmal Murugan", "user_image": "usr.image", "review_text": "Worst hotel experience\nStaffs are rude and unprofessional \nUnclean service \nImpolite bunch of employees and services very extremely bad \nLifts doesn't operate during day hours", "date": "09 Jan 2023", "rating": {"bg_color": "#ff4742", "title": "1"}}, {"user_name": "Gana Dk", "user_image": "usr.image", "review_text": "We went with a lot of expectations but to be honest the stay was not really great as the service were very poor for the money taken.. The view is good but poor hotel. I would not recommend the place.if you&#39;re looking for exploring ulsoot please book hotel  near by the tourist attractions.this is very far from almost all the tourist attractions.Do not go here! Worst service and stay experience ever, i wish we could give ratings in minus.", "date": "03 Jan 2023", "rating": {"bg_color": "#ff4742", "title": "1"}}, {"user_name": "Muralidhar S", "user_image": "usr.image", "review_text": "No TV in room and room has very odder smile no neatness", "date": "30 Dec 2022", "rating": {"bg_color": "#ff4742", "title": "1"}}, {"user_name": "ajitkumar", "user_image": "usr.image", "review_text": "Ac was not working, tv was not working, there was no table for dining", "date": "28 Dec 2022", "rating": {"bg_color": "#ff4742", "title": "1"}}, {"user_name": "Sharafalikv", "user_image": "usr.image", "review_text": "The room is all neat. But it does not accept payment through phone pay while checking. There was an offer while doing it.", "date": "18 Dec 2022", "rating": {"bg_color": "#ff4742", "title": "1"}}, {"user_name": "Ashish Bhat", "user_image": "usr.image", "review_text": "As always. Bad mattress", "date": "12 Dec 2022", "rating": {"bg_color": "#ff4742", "title": "1"}}, {"user_name": "Manoj Kumar", "user_image": "usr.image", "review_text": "Very bad experience, no parking as they can only park 4 my room was not clean no water bottle no towel not table", "date": "11 Dec 2022", "rating": {"bg_color": "#ff4742", "title": "1"}}, {"user_name": "Rakshitaa Chandrasekar", "user_image": "usr.image", "review_text": "Worst stayNothing.bathrooms were really bad.. there was fungus on the door and the showers were broken.. there were cockroaches everywhere in the room.. complimentary breakfast had only 2 dosas and were really bad as well", "date": "09 Dec 2022", "rating": {"bg_color": "#ff4742", "title": "1"}}, {"user_name": "Ashish Bhat", "user_image": "usr.image", "review_text": "Extremely dirty towel given with old curry marks and literally dry curry on it. When complained about it  Noone came to check and replace it. Reception people are too slow and lazy and they have any follow up for guest requests", "date": "07 Dec 2022", "rating": {"bg_color": "#ff4742", "title": "1"}}, {"user_name": "Ashish Bhat", "user_image": "usr.image", "review_text": "Mattresses are still very cheap quality. After sitting on it. It feels like literally sitting on the wood as the mattress completely sinks in", "date": "05 Dec 2022", "rating": {"bg_color": "#ff4742", "title": "1"}}, {"user_name": "Uday", "user_image": "usr.image", "review_text": "I have just checked in and I\u2019m checking out in 10 min there is lots of insects in my room", "date": "01 Dec 2022", "rating": {"bg_color": "#ff4742", "title": "1"}}, {"user_name": "Ashish Bhat", "user_image": "usr.image", "review_text": "I book it and do the office work and the internet connectivity was lost atleast 5 - 6 times", "date": "28 Nov 2022", "rating": {"bg_color": "#ff4742", "title": "1"}}, {"user_name": "Ashish Bhat", "user_image": "usr.image", "review_text": "Mattress is very low quality.  When you stand on it you can actually feel the bed surface", "date": "21 Nov 2022", "rating": {"bg_color": "#ff4742", "title": "1"}}, {"user_name": "Ashish Bhat", "user_image": "usr.image", "review_text": "Dirty walls and uncomfortable mattress", "date": "11 Nov 2022", "rating": {"bg_color": "#ff4742", "title": "1"}}, {"user_name": "kennedy", "user_image": "usr.image", "review_text": "Why the compliment breakfast not served. All these days I had the benefit", "date": "02 Nov 2022", "rating": {"bg_color": "#ff4742", "title": "1"}}]}}, {"data": {"title": "227 Verified Reviews", "rating_data": {"title": "4.3", "bg_color": "#58ac00", "tag": "Very Good", "subtitle": "1597 ratings on verified stays by guests"}, "sort_options": [{"type": "date-high", "title": "Recent reviews"}, {"type": "rating-high", "title": "High to low ratings"}, {"type": "rating-low", "title": "Low to high ratings"}], "is_last": true, "reviews": [{"user_name": "Divyanshu Pandey", "user_image": "usr.image", "review_text": "We were given a room on the ground floor, which was smaller compared to other rooms. On asking the staff to shift us to a room on the upper floor, they kept making excuses(first they said the room available and is being cleaned, and after a few mins they completely denied saying any room isn't available even though it was). Then they asked us to wait for another 4 hours, after which they still didn't give us another room. They finally gave us the room on the next day after asking them 6-7 times. The management was very unfriendly.", "date": "18 Oct 2022", "rating": {"bg_color": "#ff4742", "title": "1"}}, {"user_name": "Ankur Gaur", "user_image": "usr.image", "review_text": "Rooms not as shown in pictures and complimentary breakfast was shown while booking denied at hotel.", "date": "17 Oct 2022", "rating": {"bg_color": "#ff4742", "title": "1"}}, {"user_name": "RAVINDER K", "user_image": "usr.image", "review_text": "Very worst staff I have come across god save OYO", "date": "11 Oct 2022", "rating": {"bg_color": "#ff4742", "title": "1"}}, {"user_name": "Pradeep", "user_image": "usr.image", "review_text": "Very bad service", "date": "10 Oct 2022", "rating": {"bg_color": "#ff4742", "title": "1"}}, {"user_name": "Eldhos Varghese", "user_image": "usr.image", "review_text": "good but do check room before u takelocation.NO Tv in room was promised that Tv will be installed but they didnu2019t install TV", "date": "05 Oct 2022", "rating": {"bg_color": "#ff4742", "title": "1"}}, {"user_name": "Gaurav Ramesh", "user_image": "usr.image", "review_text": "worst stay ever!the location is good.Everything, the rooms might make u feel like you are in horror movie with some weird stains all over the wall and stinking smell, washrooms are hell they will be stinking no soap no towel no nothing itu2019s worse than a 2 star budget hotel in the city", "date": "03 Oct 2022", "rating": {"bg_color": "#ff4742", "title": "1"}}, {"user_name": "Niranjan Chetia", "user_image": "usr.image", "review_text": "Service was not good", "date": "25 Sep 2022", "rating": {"bg_color": "#ff4742", "title": "1"}}, {"user_name": "Srinivas", "user_image": "usr.image", "review_text": "Unhygienic, poorly maintained, not clean... Walls and mirrors have black stains.. no tv.... Prob with showers buttons, valves and flush too... Very disappointed with my stay... Asked for change of room but no proper response too.", "date": "23 Sep 2022", "rating": {"bg_color": "#ff4742", "title": "1"}}, {"user_name": "Ashish Bhat", "user_image": "usr.image", "review_text": "Everything", "date": "23 Sep 2022", "rating": {"bg_color": "#ff4742", "title": "1"}}, {"user_name": "PRATEEK MATHUR", "user_image": "usr.image", "review_text": "Sad and dirty walls, not good food, looks like a cheap and shady place to stay, place does not look anything like the pictures shared. Worst townhouse ever. Room washroom amenities were all just bad.", "date": "20 Sep 2022", "rating": {"bg_color": "#ff4742", "title": "1"}, "user_image_feedback_list": [{"image_name": "20220918_092521069f2e34-4bab-4ffd-8dee-38f159038322.jpg", "image_url": "https://images.oyoroomscdn.com/ugc-feedback-uploads/20220918_092521069f2e34-4bab-4ffd-8dee-38f159038322.jpg", "type": "jpg", "uploaded_at": "2022-09-20", "image_id": "122216"}, {"image_name": "20220918_0925060da1824e-0276-46de-a4df-a4432864e4af.jpg", "image_url": "https://images.oyoroomscdn.com/ugc-feedback-uploads/20220918_0925060da1824e-0276-46de-a4df-a4432864e4af.jpg", "type": "jpg", "uploaded_at": "2022-09-20", "image_id": "122214"}, {"image_name": "20220918_092549f1578e87-7634-41d1-8d16-d36f6181498b.jpg", "image_url": "https://images.oyoroomscdn.com/ugc-feedback-uploads/20220918_092549f1578e87-7634-41d1-8d16-d36f6181498b.jpg", "type": "jpg", "uploaded_at": "2022-09-20", "image_id": "122215"}, {"image_name": "20220918_092534ef25297b-92bf-4a95-ac11-ba1ffcddd16b.jpg", "image_url": "https://images.oyoroomscdn.com/ugc-feedback-uploads/20220918_092534ef25297b-92bf-4a95-ac11-ba1ffcddd16b.jpg", "type": "jpg", "uploaded_at": "2022-09-20", "image_id": "122217"}]}, {"user_name": "Ashish Bhat", "user_image": "usr.image", "review_text": "Arrogant staff", "date": "19 Sep 2022", "rating": {"bg_color": "#ff4742", "title": "1"}}, {"user_name": "Shahab", "user_image": "usr.image", "review_text": "Untidy and unhygienic place. Not worth the money.", "date": "12 Sep 2022", "rating": {"bg_color": "#ff4742", "title": "1"}}, {"user_name": "Anilkumar ps", "user_image": "usr.image", "review_text": "Poor quality of house keeping stafs behavior is not up to the expatation tv not working", "date": "07 Sep 2022", "rating": {"bg_color": "#ff4742", "title": "1"}}, {"user_name": "Ashish Bhat", "user_image": "usr.image", "review_text": "Most items not available from the menu given in the room. They said menu was changing but old menu still kept in the room. After delivering food, they asked for cash. Denied to add in the room bill or pay online. Denied for the zomato guy to deliver in the room. Had to go down to collect myslef", "date": "05 Sep 2022", "rating": {"bg_color": "#ff4742", "title": "1"}}, {"user_name": "Ashish Bhat", "user_image": "usr.image", "review_text": "Smelly room. Stained linen. Uncomfortable mattress", "date": "02 Sep 2022", "rating": {"bg_color": "#ff4742", "title": "1"}}, {"user_name": "Neha", "user_image": "usr.image", "review_text": "Never stayed here so cannot sat how it was exactly. But looking ar pictures and reviews posted online", "date": "23 Aug 2022", "rating": {"bg_color": "#ff4742", "title": "1"}}, {"user_name": "rakesh pandey", "user_image": "usr.image", "review_text": "Very poor behaviour of staffs mr abhijeet", "date": "23 Aug 2022", "rating": {"bg_color": "#ff4742", "title": "1"}}, {"user_name": "Saurabh Rauthan", "user_image": "usr.image", "review_text": "Room boy and reception asks for extra money if something is spiled mistakenly on bedsheet covers. There were alot of dust and filth under the bed, rooms are not clean and maintained Properly. Had a terrible experience despite of thinking that townhouses are backed by oyo only.", "date": "21 Aug 2022", "rating": {"bg_color": "#ff4742", "title": "1"}}, {"user_name": "Mani", "user_image": "usr.image", "review_text": "Very bad service and room is not hygienic, very bad place to stay", "date": "19 Aug 2022", "rating": {"bg_color": "#ff4742", "title": "1"}}, {"user_name": "Anju Garsara", "user_image": "usr.image", "review_text": "Good service.No toilet amenities provided even after asking for it.", "date": "06 Jul 2022", "rating": {"bg_color": "#ff4742", "title": "1"}}, {"user_name": "Danvi Nanya", "user_image": "usr.image", "review_text": "no towels or mat in the room\nwifi was not connecting", "date": "23 Jun 2022", "rating": {"bg_color": "#ff4742", "title": "1"}}, {"user_name": "Robert Sinha", "user_image": "usr.image", "review_text": "Lot to improve", "date": "13 Jun 2022", "rating": {"bg_color": "#ff4742", "title": "1"}}, {"user_name": "Suresh Vr", "user_image": "usr.image", "review_text": "maintain pro clean pro", "date": "12 Jun 2022", "rating": {"bg_color": "#ff4742", "title": "1"}}, {"user_name": "Sanjana poojary", "user_image": "usr.image", "review_text": "Room was not clean, study table was broken, fan was making some weird sound, AC was okay and they didn't keep any toiletries even after paying 2k per night. I would get way better rooms for this price. For breakfast which was complimentary they asked us to order just one dish per person, like why on earth do you keep it complimentary then ?? Never experienced such bad service from any hotel. Really sad that i chose this place.", "date": "06 Jun 2022", "rating": {"bg_color": "#ff4742", "title": "1"}}, {"user_name": "Sajal Purkayastha", "user_image": "usr.image", "review_text": "poor Responsiveness at all levels.", "date": "04 Jun 2022", "rating": {"bg_color": "#ff4742", "title": "1"}}]}}]