[{"data": {"title": "266 Verified Reviews", "rating_data": {"title": "3.7", "bg_color": "#b4da55", "tag": "Good", "subtitle": "970 ratings on verified stays by guests"}, "sort_options": [{"type": "date-high", "title": "Recent reviews"}, {"type": "rating-high", "title": "High to low ratings"}, {"type": "rating-low", "title": "Low to high ratings"}], "is_last": false, "next_offset": 101, "reviews": [{"user_name": "kasyap cobra", "user_image": "usr.image", "date": "05 May 2023", "rating": {"bg_color": "#346000", "title": "5"}, "user_image_feedback_list": [{"image_name": "Screenshot_20230419_111709_OYOa88e6919-66ab-48f7-9153-5e63f519c41f.jpg", "image_url": "https://images.oyoroomscdn.com/ugc-feedback-uploads/Screenshot_20230419_111709_OYOa88e6919-66ab-48f7-9153-5e63f519c41f.jpg", "type": "jpg", "uploaded_at": "2023-05-05", "image_id": "200126"}]}, {"user_name": "suhan kumar", "user_image": "usr.image", "review_text": "Excellent", "date": "25 Apr 2023", "rating": {"bg_color": "#346000", "title": "5"}}, {"user_name": "suhan kumar", "user_image": "usr.image", "review_text": "Good \ud83d\ude0a happy", "date": "24 Apr 2023", "rating": {"bg_color": "#346000", "title": "5"}}, {"user_name": "kasyap cobra", "user_image": "usr.image", "review_text": "Excellent", "date": "24 Apr 2023", "rating": {"bg_color": "#346000", "title": "5"}}, {"user_name": "suhan kumar", "user_image": "usr.image", "review_text": "Excellent", "date": "23 Apr 2023", "rating": {"bg_color": "#346000", "title": "5"}}, {"user_name": "kasyap cobra", "user_image": "usr.image", "review_text": "Excellent", "date": "22 Apr 2023", "rating": {"bg_color": "#346000", "title": "5"}}, {"user_name": "kasyap cobra", "user_image": "usr.image", "review_text": "Excellent", "date": "16 Apr 2023", "rating": {"bg_color": "#346000", "title": "5"}}, {"user_name": "Suchismita", "user_image": "usr.image", "review_text": "It\u2019s a good place to stay. Locality is nice, transportation is very accessible. Only issue was with the cleanliness of the room, which is manageable but not upto expectation. Else everything was nice and comfortable. People were friendly and helpful at all times. Overall, it\u2019s a nice option to stay at.", "date": "09 Apr 2023", "rating": {"bg_color": "#346000", "title": "5"}}, {"user_name": "Tarun sahis", "user_image": "usr.image", "review_text": "Ok ok", "date": "08 Apr 2023", "rating": {"bg_color": "#346000", "title": "5"}}, {"user_name": "suhan kumar", "user_image": "usr.image", "review_text": "Excellent", "date": "07 Apr 2023", "rating": {"bg_color": "#346000", "title": "5"}}, {"user_name": "suhan kumar", "user_image": "usr.image", "review_text": "Excellent", "date": "20 Mar 2023", "rating": {"bg_color": "#346000", "title": "5"}}, {"user_name": "kasyap cobra", "user_image": "usr.image", "review_text": "Excellent", "date": "18 Mar 2023", "rating": {"bg_color": "#346000", "title": "5"}}, {"user_name": "suhan kumar", "user_image": "usr.image", "review_text": "Excellent", "date": "17 Mar 2023", "rating": {"bg_color": "#346000", "title": "5"}}, {"user_name": "suhan kumar", "user_image": "usr.image", "review_text": "Awesome", "date": "13 Mar 2023", "rating": {"bg_color": "#346000", "title": "5"}}, {"user_name": "vishwa", "user_image": "usr.image", "review_text": "Good", "date": "13 Mar 2023", "rating": {"bg_color": "#346000", "title": "5"}}, {"user_name": "suhan kumar", "user_image": "usr.image", "review_text": "Excellent", "date": "12 Mar 2023", "rating": {"bg_color": "#346000", "title": "5"}}, {"user_name": "suhan kumar", "user_image": "usr.image", "review_text": "Excellent", "date": "11 Mar 2023", "rating": {"bg_color": "#346000", "title": "5"}}, {"user_name": "suhan kumar", "user_image": "usr.image", "review_text": "Excellent", "date": "11 Mar 2023", "rating": {"bg_color": "#346000", "title": "5"}}, {"user_name": "suhan kumar", "user_image": "usr.image", "review_text": "Excellent", "date": "10 Mar 2023", "rating": {"bg_color": "#346000", "title": "5"}}, {"user_name": "kasyap cobra", "user_image": "usr.image", "review_text": "Excellent", "date": "08 Mar 2023", "rating": {"bg_color": "#346000", "title": "5"}}, {"user_name": "kasyap cobra", "user_image": "usr.image", "review_text": "Excellent", "date": "08 Mar 2023", "rating": {"bg_color": "#346000", "title": "5"}}, {"user_name": "suhan kumar", "user_image": "usr.image", "review_text": "Excellent", "date": "08 Mar 2023", "rating": {"bg_color": "#346000", "title": "5"}}, {"user_name": "suhan kumar", "user_image": "usr.image", "review_text": "Excellent my best place", "date": "07 Mar 2023", "rating": {"bg_color": "#346000", "title": "5"}}, {"user_name": "kasyap cobra", "user_image": "usr.image", "review_text": "Good", "date": "06 Mar 2023", "rating": {"bg_color": "#346000", "title": "5"}}, {"user_name": "kasyap cobra", "user_image": "usr.image", "review_text": "Good", "date": "06 Mar 2023", "rating": {"bg_color": "#346000", "title": "5"}}, {"user_name": "suhan kumar", "user_image": "usr.image", "review_text": "Excellent", "date": "06 Mar 2023", "rating": {"bg_color": "#346000", "title": "5"}}, {"user_name": "suhan kumar", "user_image": "usr.image", "review_text": "Excellent", "date": "06 Mar 2023", "rating": {"bg_color": "#346000", "title": "5"}}, {"user_name": "kasyap cobra", "user_image": "usr.image", "review_text": "Good", "date": "05 Mar 2023", "rating": {"bg_color": "#346000", "title": "5"}}, {"user_name": "kasyap cobra", "user_image": "usr.image", "review_text": "Excellent", "date": "05 Mar 2023", "rating": {"bg_color": "#346000", "title": "5"}}, {"user_name": "suhan kumar", "user_image": "usr.image", "review_text": "Good", "date": "05 Mar 2023", "rating": {"bg_color": "#346000", "title": "5"}}, {"user_name": "suhan kumar", "user_image": "usr.image", "review_text": "Excellent", "date": "05 Mar 2023", "rating": {"bg_color": "#346000", "title": "5"}}, {"user_name": "bhawani parsad", "user_image": "usr.image", "review_text": "Nice", "date": "04 Mar 2023", "rating": {"bg_color": "#346000", "title": "5"}}, {"user_name": "kasyap cobra", "user_image": "usr.image", "review_text": "Good", "date": "03 Mar 2023", "rating": {"bg_color": "#346000", "title": "5"}}, {"user_name": "kasyap cobra", "user_image": "usr.image", "review_text": "Good", "date": "03 Mar 2023", "rating": {"bg_color": "#346000", "title": "5"}}, {"user_name": "kasyap cobra", "user_image": "usr.image", "review_text": "Excellent", "date": "03 Mar 2023", "rating": {"bg_color": "#346000", "title": "5"}}, {"user_name": "kasyap cobra", "user_image": "usr.image", "review_text": "Excellent", "date": "03 Mar 2023", "rating": {"bg_color": "#346000", "title": "5"}}, {"user_name": "kasyap cobra", "user_image": "usr.image", "review_text": "Excellent", "date": "02 Mar 2023", "rating": {"bg_color": "#346000", "title": "5"}}, {"user_name": "kasyap cobra", "user_image": "usr.image", "review_text": "Good", "date": "02 Mar 2023", "rating": {"bg_color": "#346000", "title": "5"}}, {"user_name": "kasyap cobra", "user_image": "usr.image", "review_text": "Good", "date": "02 Mar 2023", "rating": {"bg_color": "#346000", "title": "5"}}, {"user_name": "kasyap cobra", "user_image": "usr.image", "review_text": "Good", "date": "01 Mar 2023", "rating": {"bg_color": "#346000", "title": "5"}}, {"user_name": "kasyap cobra", "user_image": "usr.image", "review_text": "Excellent", "date": "28 Feb 2023", "rating": {"bg_color": "#346000", "title": "5"}}, {"user_name": "kasyap cobra", "user_image": "usr.image", "review_text": "Excellent \ud83d\udc4d\u263a\ufe0f", "date": "20 Feb 2023", "rating": {"bg_color": "#346000", "title": "5"}}, {"user_name": "kasyap cobra", "user_image": "usr.image", "review_text": "Good \ud83d\udc4d", "date": "19 Feb 2023", "rating": {"bg_color": "#346000", "title": "5"}}, {"user_name": "kasyap cobra", "user_image": "usr.image", "review_text": "Good", "date": "19 Feb 2023", "rating": {"bg_color": "#346000", "title": "5"}}, {"user_name": "kasyap cobra", "user_image": "usr.image", "review_text": "Good", "date": "18 Feb 2023", "rating": {"bg_color": "#346000", "title": "5"}}, {"user_name": "kasyap cobra", "user_image": "usr.image", "review_text": "Good", "date": "18 Feb 2023", "rating": {"bg_color": "#346000", "title": "5"}}, {"user_name": "kasyap cobra", "user_image": "usr.image", "review_text": "Excellent", "date": "18 Feb 2023", "rating": {"bg_color": "#346000", "title": "5"}}, {"user_name": "kasyap cobra", "user_image": "usr.image", "review_text": "Excellent", "date": "17 Feb 2023", "rating": {"bg_color": "#346000", "title": "5"}}, {"user_name": "Arun", "user_image": "usr.image", "review_text": "In last 3 days all the hotel asking extra room rent, so I think within a year Oyo will hidden in his platform.....", "date": "26 Dec 2022", "rating": {"bg_color": "#346000", "title": "5"}}, {"user_name": "kasyap cobra", "user_image": "usr.image", "review_text": "Good", "date": "25 Dec 2022", "rating": {"bg_color": "#346000", "title": "5"}}, {"user_name": "kasyap cobra", "user_image": "usr.image", "review_text": "Good", "date": "25 Dec 2022", "rating": {"bg_color": "#346000", "title": "5"}}, {"user_name": "suhith", "user_image": "usr.image", "review_text": "Good", "date": "25 Dec 2022", "rating": {"bg_color": "#346000", "title": "5"}}, {"user_name": "suhith", "user_image": "usr.image", "review_text": "Good", "date": "25 Dec 2022", "rating": {"bg_color": "#346000", "title": "5"}}, {"user_name": "suhith", "user_image": "usr.image", "review_text": "Good", "date": "25 Dec 2022", "rating": {"bg_color": "#346000", "title": "5"}}, {"user_name": "suhith", "user_image": "usr.image", "review_text": "Good", "date": "24 Dec 2022", "rating": {"bg_color": "#346000", "title": "5"}}, {"user_name": "suhith", "user_image": "usr.image", "review_text": "Good", "date": "23 Dec 2022", "rating": {"bg_color": "#346000", "title": "5"}}, {"user_name": "Udaneshwara Manjunatha", "user_image": "usr.image", "review_text": "It was really good experience,  rooms were clean and comfortable.  Near to hotel, VEG HOTELS are available", "date": "15 Dec 2022", "rating": {"bg_color": "#346000", "title": "5"}}, {"user_name": "SURESH", "user_image": "usr.image", "review_text": "The room was very good, and the care taker was good and he has allowed me for the early check-in.. only negative was no hangers or cup boards in room except bed", "date": "13 Dec 2022", "rating": {"bg_color": "#346000", "title": "5"}}, {"user_name": "kastsp", "user_image": "usr.image", "review_text": "Nice", "date": "12 Dec 2022", "rating": {"bg_color": "#346000", "title": "5"}}, {"user_name": "kasyap cobra", "user_image": "usr.image", "review_text": "Good", "date": "12 Dec 2022", "rating": {"bg_color": "#346000", "title": "5"}}, {"user_name": "kasyap cobra", "user_image": "usr.image", "review_text": "Good", "date": "12 Dec 2022", "rating": {"bg_color": "#346000", "title": "5"}}, {"user_name": "Rakesh", "user_image": "usr.image", "review_text": "Good", "date": "11 Dec 2022", "rating": {"bg_color": "#346000", "title": "5"}}, {"user_name": "Rakesh", "user_image": "usr.image", "review_text": "Good", "date": "11 Dec 2022", "rating": {"bg_color": "#346000", "title": "5"}}, {"user_name": "kastsp", "user_image": "usr.image", "review_text": "Excellent", "date": "11 Dec 2022", "rating": {"bg_color": "#346000", "title": "5"}}, {"user_name": "kastsp", "user_image": "usr.image", "review_text": "Excellent", "date": "11 Dec 2022", "rating": {"bg_color": "#346000", "title": "5"}}, {"user_name": "suhan kumar", "user_image": "usr.image", "review_text": "Excellent", "date": "07 Dec 2022", "rating": {"bg_color": "#346000", "title": "5"}}, {"user_name": "Arun kumar", "user_image": "usr.image", "review_text": "Excellent", "date": "05 Dec 2022", "rating": {"bg_color": "#346000", "title": "5"}}, {"user_name": "Arun kumar", "user_image": "usr.image", "review_text": "Excellent hotel \ud83c\udfe8", "date": "05 Dec 2022", "rating": {"bg_color": "#346000", "title": "5"}}, {"user_name": "Arun kumar", "user_image": "usr.image", "review_text": "Excellent hotel \ud83d\udecd\ufe0f\ud83c\udfe8", "date": "04 Dec 2022", "rating": {"bg_color": "#346000", "title": "5"}}, {"user_name": "suhan kumar", "user_image": "usr.image", "review_text": "Excellent hotel \ud83d\udecd\ufe0f\ud83c\udfe8", "date": "04 Dec 2022", "rating": {"bg_color": "#346000", "title": "5"}}, {"user_name": "Akash Kumar", "user_image": "usr.image", "review_text": "Nice hotel", "date": "03 Dec 2022", "rating": {"bg_color": "#346000", "title": "5"}}, {"user_name": "kasyap cobra", "user_image": "usr.image", "review_text": "Excellent", "date": "26 Nov 2022", "rating": {"bg_color": "#346000", "title": "5"}}, {"user_name": "Swapnil", "user_image": "usr.image", "review_text": "Helpful person, no problem during checkout", "date": "24 Nov 2022", "rating": {"bg_color": "#346000", "title": "5"}, "user_image_feedback_list": [{"image_name": "IMG-20220818-WA0007cc45488e-5021-4258-ae02-337249dc3a67.jpeg", "image_url": "https://images.oyoroomscdn.com/ugc-feedback-uploads/IMG-20220818-WA0007cc45488e-5021-4258-ae02-337249dc3a67.jpeg", "type": "jpeg", "uploaded_at": "2022-11-24", "image_id": "147790"}]}, {"user_name": "kasyap cobra", "user_image": "usr.image", "review_text": "Excellent", "date": "22 Nov 2022", "rating": {"bg_color": "#346000", "title": "5"}}, {"user_name": "kasyap cobra", "user_image": "usr.image", "review_text": "Excellent", "date": "22 Nov 2022", "rating": {"bg_color": "#346000", "title": "5"}}, {"user_name": "kasyap cobra", "user_image": "usr.image", "review_text": "Good", "date": "20 Nov 2022", "rating": {"bg_color": "#346000", "title": "5"}}, {"user_name": "kasyap cobra", "user_image": "usr.image", "review_text": "Excellent", "date": "20 Nov 2022", "rating": {"bg_color": "#346000", "title": "5"}}, {"user_name": "kasyap cobra", "user_image": "usr.image", "review_text": "Excellent", "date": "10 Nov 2022", "rating": {"bg_color": "#346000", "title": "5"}}, {"user_name": "Ram", "user_image": "usr.image", "review_text": "It was Great Stay with Leva Homes.\nGreat and Friendly staff with great quality service.", "date": "08 Nov 2022", "rating": {"bg_color": "#346000", "title": "5"}}, {"user_name": "Yallappa", "user_image": "usr.image", "review_text": "Super", "date": "07 Nov 2022", "rating": {"bg_color": "#346000", "title": "5"}}, {"user_name": "Rakesh", "user_image": "usr.image", "review_text": "Excellent hotel \ud83c\udfe8\ud83d\udecf\ufe0f", "date": "31 Oct 2022", "rating": {"bg_color": "#346000", "title": "5"}}, {"user_name": "Arun kumar", "user_image": "usr.image", "review_text": "Good \ud83d\udc4d", "date": "23 Oct 2022", "rating": {"bg_color": "#346000", "title": "5"}}, {"user_name": "Arun kumar", "user_image": "usr.image", "review_text": "Good", "date": "21 Oct 2022", "rating": {"bg_color": "#346000", "title": "5"}}, {"user_name": "akshaya gowda", "user_image": "usr.image", "review_text": "Nice", "date": "20 Oct 2022", "rating": {"bg_color": "#346000", "title": "5"}}, {"user_name": "akshaya gowda", "user_image": "usr.image", "review_text": "Nice", "date": "20 Oct 2022", "rating": {"bg_color": "#346000", "title": "5"}}, {"user_name": "Arun kumar", "user_image": "usr.image", "review_text": "Excellent", "date": "18 Oct 2022", "rating": {"bg_color": "#346000", "title": "5"}}, {"user_name": "akshaya gowda", "user_image": "usr.image", "review_text": "Good", "date": "17 Oct 2022", "rating": {"bg_color": "#346000", "title": "5"}}, {"user_name": "Arun kumar", "user_image": "usr.image", "review_text": "Good", "date": "16 Oct 2022", "rating": {"bg_color": "#346000", "title": "5"}}, {"user_name": "Arun kumar", "user_image": "usr.image", "review_text": "Excellent", "date": "16 Oct 2022", "rating": {"bg_color": "#346000", "title": "5"}}, {"user_name": "kasyap cobra", "user_image": "usr.image", "review_text": "Excellent", "date": "16 Oct 2022", "rating": {"bg_color": "#346000", "title": "5"}}, {"user_name": "akshaya gowda", "user_image": "usr.image", "review_text": "Excellent", "date": "16 Oct 2022", "rating": {"bg_color": "#346000", "title": "5"}}, {"user_name": "akshaya gowda", "user_image": "usr.image", "review_text": "Excellent", "date": "16 Oct 2022", "rating": {"bg_color": "#346000", "title": "5"}}, {"user_name": "Arun kumar", "user_image": "usr.image", "review_text": "Excellent", "date": "14 Oct 2022", "rating": {"bg_color": "#346000", "title": "5"}}, {"user_name": "akshaya gowda", "user_image": "usr.image", "review_text": "Good", "date": "13 Oct 2022", "rating": {"bg_color": "#346000", "title": "5"}}, {"user_name": "akshaya gowda", "user_image": "usr.image", "review_text": "Good", "date": "13 Oct 2022", "rating": {"bg_color": "#346000", "title": "5"}}, {"user_name": "Arun kumar", "user_image": "usr.image", "review_text": "Excellent", "date": "08 Oct 2022", "rating": {"bg_color": "#346000", "title": "5"}}, {"user_name": "akshaya gowda", "user_image": "usr.image", "review_text": "Good", "date": "08 Oct 2022", "rating": {"bg_color": "#346000", "title": "5"}}, {"user_name": "akshaya gowda", "user_image": "usr.image", "review_text": "Excellent", "date": "04 Oct 2022", "rating": {"bg_color": "#346000", "title": "5"}}, {"user_name": "akshaya gowda", "user_image": "usr.image", "review_text": "Excellent", "date": "04 Oct 2022", "rating": {"bg_color": "#346000", "title": "5"}}, {"user_name": "akshaya gowda", "user_image": "usr.image", "review_text": "Excellent \ud83d\ude0a\ud83d\udc4c", "date": "04 Oct 2022", "rating": {"bg_color": "#346000", "title": "5"}}]}}, {"data": {"title": "266 Verified Reviews", "rating_data": {"title": "3.7", "bg_color": "#b4da55", "tag": "Good", "subtitle": "970 ratings on verified stays by guests"}, "sort_options": [{"type": "date-high", "title": "Recent reviews"}, {"type": "rating-high", "title": "High to low ratings"}, {"type": "rating-low", "title": "Low to high ratings"}], "is_last": false, "next_offset": 202, "reviews": [{"user_name": "kasyap cobra", "user_image": "usr.image", "review_text": "Good", "date": "01 Oct 2022", "rating": {"bg_color": "#346000", "title": "5"}}, {"user_name": "kasyap cobra", "user_image": "usr.image", "review_text": "Good excellent hotel \ud83c\udfe8\ud83d\udecf\ufe0f", "date": "01 Oct 2022", "rating": {"bg_color": "#346000", "title": "5"}}, {"user_name": "akshaya gowda", "user_image": "usr.image", "review_text": "Good experience", "date": "01 Oct 2022", "rating": {"bg_color": "#346000", "title": "5"}}, {"user_name": "akshaya gowda", "user_image": "usr.image", "review_text": "Excellent \ud83d\ude0a\ud83d\udc4c", "date": "01 Oct 2022", "rating": {"bg_color": "#346000", "title": "5"}}, {"user_name": "Arun kumar", "user_image": "usr.image", "review_text": "Excellent", "date": "30 Sep 2022", "rating": {"bg_color": "#346000", "title": "5"}}, {"user_name": "kasyap cobra", "user_image": "usr.image", "review_text": "Excellent", "date": "30 Sep 2022", "rating": {"bg_color": "#346000", "title": "5"}}, {"user_name": "kasyap cobra", "user_image": "usr.image", "review_text": "Excellent hotel \ud83d\udecd\ufe0f\ud83c\udfe8", "date": "30 Sep 2022", "rating": {"bg_color": "#346000", "title": "5"}}, {"user_name": "akshaya gowda", "user_image": "usr.image", "review_text": "Excellent hotel \ud83c\udfe8\ud83d\udecd\ufe0f", "date": "30 Sep 2022", "rating": {"bg_color": "#346000", "title": "5"}}, {"user_name": "akshaya gowda", "user_image": "usr.image", "review_text": "Good", "date": "30 Sep 2022", "rating": {"bg_color": "#346000", "title": "5"}}, {"user_name": "kasyap cobra", "user_image": "usr.image", "review_text": "Good excellent hotel like this \ud83d\ude09", "date": "29 Sep 2022", "rating": {"bg_color": "#346000", "title": "5"}}, {"user_name": "kasyap cobra", "user_image": "usr.image", "review_text": "Good excellent \ud83d\udc4c\ud83c\udd97", "date": "29 Sep 2022", "rating": {"bg_color": "#346000", "title": "5"}}, {"user_name": "akshaya gowda", "user_image": "usr.image", "review_text": "Excellent hotel \ud83c\udfe8\ud83d\udecd\ufe0f", "date": "29 Sep 2022", "rating": {"bg_color": "#346000", "title": "5"}}, {"user_name": "akshaya gowda", "user_image": "usr.image", "review_text": "Excellent hotel \ud83d\udecd\ufe0f", "date": "29 Sep 2022", "rating": {"bg_color": "#346000", "title": "5"}}, {"user_name": "Arun kumar", "user_image": "usr.image", "review_text": "Excellent \u263a\ufe0f\ud83d\udc4d\ud83d\udc4d", "date": "28 Sep 2022", "rating": {"bg_color": "#346000", "title": "5"}}, {"user_name": "Arun kumar", "user_image": "usr.image", "review_text": "Excellent \ud83d\ude0a\ud83d\udc4d", "date": "26 Sep 2022", "rating": {"bg_color": "#346000", "title": "5"}}, {"user_name": "Arun kumar", "user_image": "usr.image", "review_text": "good", "date": "26 Sep 2022", "rating": {"bg_color": "#346000", "title": "5"}}, {"user_name": "Swarup", "user_image": "usr.image", "review_text": "Everything is 4* out of 5*.. Only issue is you have to buy Drinking Water....", "date": "24 Sep 2022", "rating": {"bg_color": "#346000", "title": "5"}}, {"user_name": "Suman", "user_image": "usr.image", "review_text": "Any thing is fine neat n clean", "date": "19 Sep 2022", "rating": {"bg_color": "#346000", "title": "5"}}, {"user_name": "akshaya gowda", "user_image": "usr.image", "review_text": "Good \u00f0\u0178\u02dc\u0160", "date": "11 Sep 2022", "rating": {"bg_color": "#346000", "title": "5"}, "user_image_feedback_list": [{"image_name": "20220610_113603f15f5c91-5acc-4a36-beaf-ee22fa49713b.jpg", "image_url": "https://images.oyoroomscdn.com/ugc-feedback-uploads/20220610_113603f15f5c91-5acc-4a36-beaf-ee22fa49713b.jpg", "type": "jpg", "uploaded_at": "2022-09-11", "image_id": "118313"}, {"image_name": "20220610_1135500d3133c3-f493-4c15-971f-2aaa8538bf7f.jpg", "image_url": "https://images.oyoroomscdn.com/ugc-feedback-uploads/20220610_1135500d3133c3-f493-4c15-971f-2aaa8538bf7f.jpg", "type": "jpg", "uploaded_at": "2022-09-11", "image_id": "118314"}]}, {"user_name": "akshaya gowda", "user_image": "usr.image", "review_text": "Good experience", "date": "04 Sep 2022", "rating": {"bg_color": "#346000", "title": "5"}}, {"user_name": "akshaya gowda", "user_image": "usr.image", "review_text": "Good excellent", "date": "04 Sep 2022", "rating": {"bg_color": "#346000", "title": "5"}}, {"user_name": "akshaya gowda", "user_image": "usr.image", "review_text": "Excellent", "date": "21 Aug 2022", "rating": {"bg_color": "#346000", "title": "5"}}, {"user_name": "Arun kumar", "user_image": "usr.image", "review_text": "Good", "date": "21 Aug 2022", "rating": {"bg_color": "#346000", "title": "5"}}, {"user_name": "Imran pasha", "user_image": "usr.image", "review_text": "Nice place to stay and good staff \ud83d\ude1c", "date": "19 Aug 2022", "rating": {"bg_color": "#346000", "title": "5"}}, {"user_name": "akshaya gowda", "user_image": "usr.image", "review_text": "Good excellent", "date": "19 Aug 2022", "rating": {"bg_color": "#346000", "title": "5"}}, {"user_name": "jibran RFMW", "user_image": "usr.image", "review_text": "Good rooms safety", "date": "16 Aug 2022", "rating": {"bg_color": "#346000", "title": "5"}, "user_image_feedback_list": [{"image_name": "20220610_1133533397447e-18a9-41aa-b30e-061154a5f800.jpg", "image_url": "https://images.oyoroomscdn.com/ugc-feedback-uploads/20220610_1133533397447e-18a9-41aa-b30e-061154a5f800.jpg", "type": "jpg", "uploaded_at": "2022-08-16", "image_id": "108787"}]}, {"user_name": "Sandeep", "user_image": "usr.image", "review_text": "Good hospitality", "date": "15 Aug 2022", "rating": {"bg_color": "#346000", "title": "5"}}, {"user_name": "Arun kumar", "user_image": "usr.image", "review_text": "Good stay", "date": "11 Aug 2022", "rating": {"bg_color": "#346000", "title": "5"}, "user_image_feedback_list": [{"image_name": "20220610_113655dbc45e61-d36f-435b-ab02-6b56d11db749.jpg", "image_url": "https://images.oyoroomscdn.com/ugc-feedback-uploads/20220610_113655dbc45e61-d36f-435b-ab02-6b56d11db749.jpg", "type": "jpg", "uploaded_at": "2022-08-11", "image_id": "106748"}]}, {"user_name": "akshaya gowda", "user_image": "usr.image", "date": "11 Aug 2022", "rating": {"bg_color": "#346000", "title": "5"}, "user_image_feedback_list": [{"image_name": "20220610_11314620e15a3f-a478-4d14-83aa-03e1412fefae.jpg", "image_url": "https://images.oyoroomscdn.com/ugc-feedback-uploads/20220610_11314620e15a3f-a478-4d14-83aa-03e1412fefae.jpg", "type": "jpg", "uploaded_at": "2022-08-11", "image_id": "106746"}]}, {"user_name": "Suresh", "user_image": "usr.image", "review_text": "Comfortable for families", "date": "10 Jul 2022", "rating": {"bg_color": "#346000", "title": "5"}}, {"user_name": "Mahesh Yadav", "user_image": "usr.image", "review_text": "nice", "date": "06 Jul 2022", "rating": {"bg_color": "#346000", "title": "5"}}, {"user_name": "Santosh Kumar", "user_image": "usr.image", "review_text": "good", "date": "04 Jul 2022", "rating": {"bg_color": "#346000", "title": "5"}}, {"user_name": "Siddalingayya", "user_image": "usr.image", "review_text": "good", "date": "02 Jul 2022", "rating": {"bg_color": "#346000", "title": "5"}}, {"user_name": "Siddalingayya", "user_image": "usr.image", "review_text": "good", "date": "02 Jul 2022", "rating": {"bg_color": "#346000", "title": "5"}}, {"user_name": "Siddalingayya", "user_image": "usr.image", "review_text": "good", "date": "02 Jul 2022", "rating": {"bg_color": "#346000", "title": "5"}}, {"user_name": "akshaya gowda", "user_image": "usr.image", "review_text": "excellent good \ud83d\udc4c\ud83d\ude0a", "date": "26 Jun 2022", "rating": {"bg_color": "#346000", "title": "5"}}, {"user_name": "akshaya gowda", "user_image": "usr.image", "review_text": "excellent good \ud83d\udc4c\ud83d\ude0a", "date": "26 Jun 2022", "rating": {"bg_color": "#346000", "title": "5"}}, {"user_name": "jibran RFMW", "user_image": "usr.image", "review_text": "excellent", "date": "26 Jun 2022", "rating": {"bg_color": "#346000", "title": "5"}}, {"user_name": "Arun kumar", "user_image": "usr.image", "review_text": "excellent w, \ud83c\udf47\ud83c\udf4f\ud83c\udf4e", "date": "23 Jun 2022", "rating": {"bg_color": "#346000", "title": "5"}}, {"user_name": "jibran RFMW", "user_image": "usr.image", "review_text": "good", "date": "23 Jun 2022", "rating": {"bg_color": "#346000", "title": "5"}}, {"user_name": "Arun kumar", "user_image": "usr.image", "review_text": "good hotel", "date": "22 Jun 2022", "rating": {"bg_color": "#346000", "title": "5"}, "user_image_feedback_list": [{"image_name": "hotel_image_be50e7c8-4f9c-4a7b-af66-aa64017268289140481491088831901.jpeg", "image_url": "https://images.oyoroomscdn.com/ugc-feedback-uploads/hotel_image_be50e7c8-4f9c-4a7b-af66-aa64017268289140481491088831901.jpeg", "type": "jpeg", "uploaded_at": "2022-06-22", "image_id": "85893"}]}, {"user_name": "Arun kumar", "user_image": "usr.image", "review_text": "good room", "date": "22 Jun 2022", "rating": {"bg_color": "#346000", "title": "5"}}, {"user_name": "jibran RFMW", "user_image": "usr.image", "review_text": "good location", "date": "22 Jun 2022", "rating": {"bg_color": "#346000", "title": "5"}}, {"user_name": "jibran RFMW", "user_image": "usr.image", "review_text": "good rooms safety and highgine", "date": "21 Jun 2022", "rating": {"bg_color": "#346000", "title": "5"}}, {"user_name": "jibran RFMW", "user_image": "usr.image", "review_text": "good location \ud83e\udd73saftey", "date": "21 Jun 2022", "rating": {"bg_color": "#346000", "title": "5"}}, {"user_name": "jibran RFMW", "user_image": "usr.image", "review_text": "A well designed room which has all the basic amenities waa given to me after a smooth check-in process. Staff was friendly and helpful. I thoroughly enjoyed my stay over here.", "date": "20 Jun 2022", "rating": {"bg_color": "#346000", "title": "5"}, "user_image_feedback_list": [{"image_name": "hotel_image_5484884f-cf23-4763-a57d-f4fbab2f56364850088463895281269.jpeg", "image_url": "https://images.oyoroomscdn.com/ugc-feedback-uploads/hotel_image_5484884f-cf23-4763-a57d-f4fbab2f56364850088463895281269.jpeg", "type": "jpeg", "uploaded_at": "2022-06-20", "image_id": "84945"}]}, {"user_name": "jibran RFMW", "user_image": "usr.image", "review_text": "safety good location", "date": "20 Jun 2022", "rating": {"bg_color": "#346000", "title": "5"}, "user_image_feedback_list": [{"image_name": "hotel_image_5484884f-cf23-4763-a57d-f4fbab2f56364798008857224843244.jpeg", "image_url": "https://images.oyoroomscdn.com/ugc-feedback-uploads/hotel_image_5484884f-cf23-4763-a57d-f4fbab2f56364798008857224843244.jpeg", "type": "jpeg", "uploaded_at": "2022-06-20", "image_id": "84943"}, {"image_name": "hotel_image_5484884f-cf23-4763-a57d-f4fbab2f56368617627824432805812.jpeg", "image_url": "https://images.oyoroomscdn.com/ugc-feedback-uploads/hotel_image_5484884f-cf23-4763-a57d-f4fbab2f56368617627824432805812.jpeg", "type": "jpeg", "uploaded_at": "2022-06-20", "image_id": "84942"}]}, {"user_name": "Arun kumar", "user_image": "usr.image", "review_text": "good rooms seaftey", "date": "19 Jun 2022", "rating": {"bg_color": "#346000", "title": "5"}, "user_image_feedback_list": [{"image_name": "hotel_image_69bb5daa-2968-4337-a90e-a1ad29bc1fb62826369034485921474.jpeg", "image_url": "https://images.oyoroomscdn.com/ugc-feedback-uploads/hotel_image_69bb5daa-2968-4337-a90e-a1ad29bc1fb62826369034485921474.jpeg", "type": "jpeg", "uploaded_at": "2022-06-19", "image_id": "84360"}]}, {"user_name": "Arun kumar", "user_image": "usr.image", "review_text": "excellent \ud83d\udcaf\ud83d\udc4d\ud83d\udc4d\ud83d\udc4f", "date": "19 Jun 2022", "rating": {"bg_color": "#346000", "title": "5"}}, {"user_name": "jibran RFMW", "user_image": "usr.image", "review_text": "good hotel", "date": "19 Jun 2022", "rating": {"bg_color": "#346000", "title": "5"}, "user_image_feedback_list": [{"image_name": "hotel_image_5d12f4c1-3455-4379-bdbc-70d821faaa814311810280920913234.jpeg", "image_url": "https://images.oyoroomscdn.com/ugc-feedback-uploads/hotel_image_5d12f4c1-3455-4379-bdbc-70d821faaa814311810280920913234.jpeg", "type": "jpeg", "uploaded_at": "2022-06-19", "image_id": "84355"}]}, {"user_name": "jibran RFMW", "user_image": "usr.image", "review_text": "good rooms safety", "date": "19 Jun 2022", "rating": {"bg_color": "#346000", "title": "5"}}, {"user_name": "M Harshal", "user_image": "usr.image", "review_text": "What a beautiful hotel it was. All because of the staff out there, they were just awesome. They welcomed us so well. Reaching here wasn\u2019t a problem as the property had good connectivity to the public transport. Rooms also were clean and big enough for me. The pricing was the main part i liked about, it was so reasonable that anyone can afford that hotel. So it was a good experience for me staying there.", "date": "19 Jun 2022", "rating": {"bg_color": "#346000", "title": "5"}}, {"user_name": "Arun kumar", "user_image": "usr.image", "review_text": "good Rooms seftey", "date": "18 Jun 2022", "rating": {"bg_color": "#346000", "title": "5"}}, {"user_name": "jibran RFMW", "user_image": "usr.image", "review_text": "excellent good Room", "date": "18 Jun 2022", "rating": {"bg_color": "#346000", "title": "5"}, "user_image_feedback_list": [{"image_name": "hotel_image_3b588613-9008-487e-aa84-68e3fa8e540a1389187774618837364.jpeg", "image_url": "https://images.oyoroomscdn.com/ugc-feedback-uploads/hotel_image_3b588613-9008-487e-aa84-68e3fa8e540a1389187774618837364.jpeg", "type": "jpeg", "uploaded_at": "2022-06-18", "image_id": "83786"}, {"image_name": "hotel_image_3b588613-9008-487e-aa84-68e3fa8e540a7876140477186033816.jpeg", "image_url": "https://images.oyoroomscdn.com/ugc-feedback-uploads/hotel_image_3b588613-9008-487e-aa84-68e3fa8e540a7876140477186033816.jpeg", "type": "jpeg", "uploaded_at": "2022-06-18", "image_id": "83787"}, {"image_name": "hotel_image_3b588613-9008-487e-aa84-68e3fa8e540a692713817118523299.jpeg", "image_url": "https://images.oyoroomscdn.com/ugc-feedback-uploads/hotel_image_3b588613-9008-487e-aa84-68e3fa8e540a692713817118523299.jpeg", "type": "jpeg", "uploaded_at": "2022-06-18", "image_id": "83785"}, {"image_name": "hotel_image_3b588613-9008-487e-aa84-68e3fa8e540a383244842937523077.jpeg", "image_url": "https://images.oyoroomscdn.com/ugc-feedback-uploads/hotel_image_3b588613-9008-487e-aa84-68e3fa8e540a383244842937523077.jpeg", "type": "jpeg", "uploaded_at": "2022-06-18", "image_id": "83788"}, {"image_name": "hotel_image_3b588613-9008-487e-aa84-68e3fa8e540a4543342889173472406.jpeg", "image_url": "https://images.oyoroomscdn.com/ugc-feedback-uploads/hotel_image_3b588613-9008-487e-aa84-68e3fa8e540a4543342889173472406.jpeg", "type": "jpeg", "uploaded_at": "2022-06-18", "image_id": "83784"}]}, {"user_name": "M Prasad", "user_image": "usr.image", "review_text": "I stayed in this during my visit to the city. Check-in process was easy and quick. Staff is extremely efficient and kind. The hotel was easily accessible by public transport. Would definitely recommend.", "date": "18 Jun 2022", "rating": {"bg_color": "#346000", "title": "5"}}, {"user_name": "Srishty Singh", "user_image": "usr.image", "review_text": "A well designed room which has all the basic amenities waa given to me after a smooth check-in process. Staff was friendly and helpful. I thoroughly enjoyed my stay over here.", "date": "17 Jun 2022", "rating": {"bg_color": "#346000", "title": "5"}}, {"user_name": "SRISHTY SINGH", "user_image": "usr.image", "review_text": "I visited this place with my friends. We were given rooms with comfy furniture. There was no hassle in check-in process. Staff was welcoming and kind towards us. Enjoyed during my stay.", "date": "17 Jun 2022", "rating": {"bg_color": "#346000", "title": "5"}}, {"user_name": "Srishty Singh", "user_image": "usr.image", "review_text": "A room full of all basic amenities in a neat and clean environment with fast room service and welcoming staff members is a treat to stay at. Easy accessibility is an added advantage.", "date": "11 Jun 2022", "rating": {"bg_color": "#346000", "title": "5"}}, {"user_name": "srishty singh", "user_image": "usr.image", "review_text": "A well designed room which has all the basic amenities waa given to me after a smooth check-in process. Staff was friendly and helpful. I thoroughly enjoyed my stay over here.Comfortable stay friendly staff", "date": "10 Jun 2022", "rating": {"bg_color": "#346000", "title": "5"}}, {"user_name": "mahendra datta", "user_image": "usr.image", "review_text": "Worth the money", "date": "20 Apr 2023", "rating": {"bg_color": "#58ac00", "title": "4"}}, {"user_name": "Balu", "user_image": "usr.image", "date": "17 Apr 2023", "rating": {"bg_color": "#58ac00", "title": "4"}, "user_image_feedback_list": [{"image_name": "Screenshot_20230417_112827a904f937-477b-448b-86b0-4b0862e75d7c.jpg", "image_url": "https://images.oyoroomscdn.com/ugc-feedback-uploads/Screenshot_20230417_112827a904f937-477b-448b-86b0-4b0862e75d7c.jpg", "type": "jpg", "uploaded_at": "2023-04-17", "image_id": "195206"}]}, {"user_name": "Balu", "user_image": "usr.image", "date": "17 Apr 2023", "rating": {"bg_color": "#58ac00", "title": "4"}, "user_image_feedback_list": [{"image_name": "Screenshot_20230417_1128274269e001-a8ed-48ef-8cdb-fa7dc4e5fdee.jpg", "image_url": "https://images.oyoroomscdn.com/ugc-feedback-uploads/Screenshot_20230417_1128274269e001-a8ed-48ef-8cdb-fa7dc4e5fdee.jpg", "type": "jpg", "uploaded_at": "2023-04-17", "image_id": "195205"}]}, {"user_name": "Akhil", "user_image": "usr.image", "review_text": "Rooms are small and not too comfortable, place looks kinda shady", "date": "12 Mar 2023", "rating": {"bg_color": "#58ac00", "title": "4"}}, {"user_name": "Joice KJoseph", "user_image": "usr.image", "review_text": "Nice room", "date": "07 Jan 2023", "rating": {"bg_color": "#58ac00", "title": "4"}}, {"user_name": "Mohammed Abdul", "user_image": "usr.image", "review_text": "Stay was good", "date": "27 Dec 2022", "rating": {"bg_color": "#58ac00", "title": "4"}}, {"user_name": "Aman Kumar", "user_image": "usr.image", "review_text": "Value for money,but cloth hangers were missing, water supply was inconsistent during night, cleanliness was ok ok", "date": "26 Dec 2022", "rating": {"bg_color": "#58ac00", "title": "4"}}, {"user_name": "APBGuest", "user_image": "usr.image", "review_text": "stay was ok, windows needs to changed atleast with other black curtens..", "date": "21 Dec 2022", "rating": {"bg_color": "#58ac00", "title": "4"}}, {"user_name": "Harsh Rastogi", "user_image": "usr.image", "review_text": "Room was good. Stay was pleasant. Washroom toilet seat was missing. Staff was Okay. Place is decent", "date": "12 Dec 2022", "rating": {"bg_color": "#58ac00", "title": "4"}}, {"user_name": "Amal Pc", "user_image": "usr.image", "review_text": "Good reception", "date": "06 Nov 2022", "rating": {"bg_color": "#58ac00", "title": "4"}}, {"user_name": "Ravi Chandra", "user_image": "usr.image", "review_text": "Good", "date": "19 Oct 2022", "rating": {"bg_color": "#58ac00", "title": "4"}}, {"user_name": "pavan k", "user_image": "usr.image", "review_text": "Liked this Oyo had good experience", "date": "24 Sep 2022", "rating": {"bg_color": "#58ac00", "title": "4"}}, {"user_name": "Gagan", "user_image": "usr.image", "review_text": "Had a Pleasent to stay here.....", "date": "24 Sep 2022", "rating": {"bg_color": "#58ac00", "title": "4"}}, {"user_name": "Syam", "user_image": "usr.image", "review_text": "Room was good but washroom and blankets not good", "date": "20 Aug 2022", "rating": {"bg_color": "#58ac00", "title": "4"}}, {"user_name": "Khaja Valli", "user_image": "usr.image", "review_text": "Just ok \nTowel,soap also not provided", "date": "18 Aug 2022", "rating": {"bg_color": "#58ac00", "title": "4"}}, {"user_name": "Arun Kiran", "user_image": "usr.image", "review_text": "It's really good", "date": "14 Jul 2022", "rating": {"bg_color": "#58ac00", "title": "4"}}, {"user_name": "Chaitra CS", "user_image": "usr.image", "review_text": "Good", "date": "06 Jul 2022", "rating": {"bg_color": "#58ac00", "title": "4"}}, {"user_name": "dinesh", "user_image": "usr.image", "review_text": "Bed is not maintained.. it should have been  well cleaned", "date": "13 Apr 2023", "rating": {"bg_color": "#8fc402", "title": "3"}}, {"user_name": "Raja S", "user_image": "usr.image", "review_text": "This is room only minimum facility no drinking water\nno phone number\nroute finding to difficult", "date": "02 Apr 2023", "rating": {"bg_color": "#8fc402", "title": "3"}}, {"user_name": "XXX XXX", "user_image": "usr.image", "review_text": "The room is very small. Not worth booking", "date": "30 Dec 2022", "rating": {"bg_color": "#8fc402", "title": "3"}}, {"user_name": "Shabeer Khan", "user_image": "usr.image", "review_text": "Asked cash for check in, tv not working", "date": "18 Nov 2022", "rating": {"bg_color": "#8fc402", "title": "3"}}, {"user_name": "MAHESH", "user_image": "usr.image", "review_text": "The room was Not clean", "date": "18 Nov 2022", "rating": {"bg_color": "#8fc402", "title": "3"}}, {"user_name": "Srinivas", "user_image": "usr.image", "review_text": "Rooms looks average only not so hygiene and they wont provide basic amenities like soap and toothpaste and i stayed for one day but no one came for cleaning the room..", "date": "17 Oct 2022", "rating": {"bg_color": "#8fc402", "title": "3"}}, {"user_name": "mahesh", "user_image": "usr.image", "review_text": "The oyo agent take extra amount", "date": "23 Sep 2022", "rating": {"bg_color": "#8fc402", "title": "3"}}, {"user_name": "Prasanth Nattey", "user_image": "usr.image", "review_text": "The toilet didn\u00e2\u20ac\u2122t have a cover for comfortable seating", "date": "12 Sep 2022", "rating": {"bg_color": "#8fc402", "title": "3"}}, {"user_name": "Kayum", "user_image": "usr.image", "review_text": "No cleaning and rude staff", "date": "05 Sep 2022", "rating": {"bg_color": "#8fc402", "title": "3"}}, {"user_name": "nithin", "user_image": "usr.image", "review_text": "It was an average room", "date": "01 Sep 2022", "rating": {"bg_color": "#8fc402", "title": "3"}}, {"user_name": "B BharathBhargav", "user_image": "usr.image", "review_text": "Didn't give us the extra bed\nGave a small room", "date": "30 Aug 2022", "rating": {"bg_color": "#8fc402", "title": "3"}}, {"user_name": "sabhareesh Kalyan", "user_image": "usr.image", "review_text": "price difference", "date": "29 Jun 2022", "rating": {"bg_color": "#8fc402", "title": "3"}}, {"user_name": "Dannie David", "user_image": "usr.image", "review_text": "room is too tiny. bed sheet is not clean and tidy. the electrical switches are broken.", "date": "21 Jun 2022", "rating": {"bg_color": "#8fc402", "title": "3"}}, {"user_name": "Abhishek", "user_image": "usr.image", "date": "23 Feb 2023", "rating": {"bg_color": "#feba00", "title": "2"}, "user_image_feedback_list": [{"image_name": "IMG20230223093837a2d6aa90-34e4-478e-9aba-eb01ce58f06c.jpg", "image_url": "https://images.oyoroomscdn.com/ugc-feedback-uploads/IMG20230223093837a2d6aa90-34e4-478e-9aba-eb01ce58f06c.jpg", "type": "jpg", "uploaded_at": "2023-02-23", "image_id": "179100"}, {"image_name": "IMG2023022309384308709a80-8a4c-4bff-9634-0695ccf82bb5.jpg", "image_url": "https://images.oyoroomscdn.com/ugc-feedback-uploads/IMG2023022309384308709a80-8a4c-4bff-9634-0695ccf82bb5.jpg", "type": "jpg", "uploaded_at": "2023-02-23", "image_id": "179099"}]}, {"user_name": "Tej Kiran", "user_image": "usr.image", "review_text": "No proper room service...the photo is manipulating", "date": "11 Jan 2023", "rating": {"bg_color": "#feba00", "title": "2"}}, {"user_name": "Aswin Satheesh", "user_image": "usr.image", "review_text": "even though it claims to provide AC . they won't provide you any. \n\nand the bed sheets and pillows.. \ud83e\udd2e.. its so filthy that you won't get any proper sleep.. atleast they can wash it once ? \n\nadding to this. there is no hot water , closest doesn't have any lead Also keep in mind that the shower is located right next to the closet.\n\nand they won't provide basic stuffs like a clean towel , a small paste or soap.", "date": "08 Jan 2023", "rating": {"bg_color": "#feba00", "title": "2"}}, {"user_name": "Devendra Hp", "user_image": "usr.image", "review_text": "Fine", "date": "26 Dec 2022", "rating": {"bg_color": "#feba00", "title": "2"}}, {"user_name": "Masthan Shaik", "user_image": "usr.image", "review_text": "Whenever i booked the hotel, before Booking it will show one price... after booking, after reached the hotel, hotel persons not allowing to give that price... What is going in between i don't understand all these nonsense, always facing problem only with the booking ..we are struggling alot with this issue,if not possible with that price ,why u r showing the offers....if you repeat it again,we won't recommend Oyo to anyone nd i also never book again... kindly check and try to resolve the issue", "date": "10 Dec 2022", "rating": {"bg_color": "#feba00", "title": "2"}}, {"user_name": "Vibin Vinod", "user_image": "usr.image", "review_text": "Room was not clean", "date": "05 Dec 2022", "rating": {"bg_color": "#feba00", "title": "2"}}, {"user_name": "Ashu", "user_image": "usr.image", "review_text": "I have raised my concern on the customer helpline that I am having cleaning issues and the tv is not working, staff is not co-operative, the manager doesn't care, this hotel damaging the reputation of this brand. I have booked other oyo for my one day extra stay. The experience here was very bad", "date": "03 Dec 2022", "rating": {"bg_color": "#feba00", "title": "2"}, "user_image_feedback_list": [{"image_name": "JPEG_20221203_095653_577096879239707227798bd13f0-8f73-4bbb-89ac-1773b12308ad.jpg", "image_url": "https://images.oyoroomscdn.com/ugc-feedback-uploads/JPEG_20221203_095653_577096879239707227798bd13f0-8f73-4bbb-89ac-1773b12308ad.jpg", "type": "jpg", "uploaded_at": "2022-12-03", "image_id": "150936"}, {"image_name": "JPEG_20221203_095710_343989985578510855387f751ca-6f77-4664-92a6-6456f0ddbf73.jpg", "image_url": "https://images.oyoroomscdn.com/ugc-feedback-uploads/JPEG_20221203_095710_343989985578510855387f751ca-6f77-4664-92a6-6456f0ddbf73.jpg", "type": "jpg", "uploaded_at": "2022-12-03", "image_id": "150937"}]}, {"user_name": "Mallikarjun", "user_image": "usr.image", "review_text": "No wifi and not clean, staff also irrespective", "date": "19 Nov 2022", "rating": {"bg_color": "#feba00", "title": "2"}}, {"user_name": "Anil", "user_image": "usr.image", "review_text": "No cleaning , worst beds and worst bed sheets and pillows, everywhere smoking smell, \nMajor issue- No wifi", "date": "17 Nov 2022", "rating": {"bg_color": "#feba00", "title": "2"}}, {"user_name": "Nithyanantham", "user_image": "usr.image", "review_text": "TV was not working\nNo proper maintenance\nBut staffs were helpful", "date": "28 Oct 2022", "rating": {"bg_color": "#feba00", "title": "2"}}, {"user_name": "vsn NV", "user_image": "usr.image", "review_text": "Room was okay, but changing price after we reach property was very bad and not at all expected , pls stop allowing this change in price . Very very bad experience.  Except price everything else was good", "date": "17 Oct 2022", "rating": {"bg_color": "#feba00", "title": "2"}}]}}, {"data": {"title": "266 Verified Reviews", "rating_data": {"title": "3.7", "bg_color": "#b4da55", "tag": "Good", "subtitle": "970 ratings on verified stays by guests"}, "sort_options": [{"type": "date-high", "title": "Recent reviews"}, {"type": "rating-high", "title": "High to low ratings"}, {"type": "rating-low", "title": "Low to high ratings"}], "is_last": true, "reviews": [{"user_name": "Ajith j", "user_image": "usr.image", "review_text": "The facilities were poor.\nPillows were torn out.\nTable light was not good. Got electric shock.\nMatresses was smelling bad.\nCharged extra for drinking water.", "date": "11 Sep 2022", "rating": {"bg_color": "#feba00", "title": "2"}}, {"user_name": "Vaibhav Kumar", "user_image": "usr.image", "review_text": "bed sheets were unclean , floor was dusty. every sheet had stains", "date": "27 Aug 2022", "rating": {"bg_color": "#feba00", "title": "2"}}, {"user_name": "Dinesh Krishna", "user_image": "usr.image", "review_text": "They hotel manager asking more money.\nThey asking direct payment method and not for Oyo online payment.Regarding this we didn't have no fluid cash.\nEven we spent extra cost for direct payment.\nWe really worried about this.\nEven the room also no tidy.", "date": "29 Jul 2022", "rating": {"bg_color": "#feba00", "title": "2"}}, {"user_name": "Sudarshana BS", "user_image": "usr.image", "review_text": "Dirty room , dirty clothes, dirty towel, not good candition electricity, fan is sounding, ac is not working, tv was dead", "date": "19 Jul 2022", "rating": {"bg_color": "#feba00", "title": "2"}}, {"user_name": "AvaneeshKs", "user_image": "usr.image", "review_text": "Toilet dint have the plastic piece and handgun was  not clean, found cockroaches in room, tv wasn't working and the worker guy refused to fix it. Ok for boys to stay, but family is quite tough.", "date": "14 Jun 2022", "rating": {"bg_color": "#feba00", "title": "2"}, "user_image_feedback_list": [{"image_name": "hotel_image_d136d1b3-7192-4afc-9170-c71f1a295ad34531363747763043418.jpeg", "image_url": "https://images.oyoroomscdn.com/ugc-feedback-uploads/hotel_image_d136d1b3-7192-4afc-9170-c71f1a295ad34531363747763043418.jpeg", "type": "jpeg", "uploaded_at": "2022-06-14", "image_id": "81635"}]}, {"user_name": "Vinay Gowda", "user_image": "usr.image", "review_text": "No clean old bed and dirty pillows", "date": "29 Apr 2023", "rating": {"bg_color": "#ff4742", "title": "1"}}, {"user_name": "Danish", "user_image": "usr.image", "review_text": "Manager is rude and inappropriate behaviour", "date": "16 Apr 2023", "rating": {"bg_color": "#ff4742", "title": "1"}}, {"user_name": "s prabu", "user_image": "usr.image", "review_text": "UnSafety feel.", "date": "10 Apr 2023", "rating": {"bg_color": "#ff4742", "title": "1"}}, {"user_name": "Hemant Pandey", "user_image": "usr.image", "review_text": "After check-in they taken extra money", "date": "30 Mar 2023", "rating": {"bg_color": "#ff4742", "title": "1"}}, {"user_name": "Eresh", "user_image": "usr.image", "review_text": "Extra money paid and online payment not accpted this is very disappointed", "date": "16 Mar 2023", "rating": {"bg_color": "#ff4742", "title": "1"}}, {"user_name": "Aaryan Jha", "user_image": "usr.image", "review_text": "Worst room ever saw. I checked-in and within 5 minutes I came out. I didn't stayed there just because of the that unhygienic room. Very dirty place. I lost my money, of course they won't refund after check-in but that room was not in condition to stay. Along with this, rude staffs and receptionist. They even charged extra money for mineral water bottle. Strictly, don't stay in this room.", "date": "04 Mar 2023", "rating": {"bg_color": "#ff4742", "title": "1"}, "user_image_feedback_list": [{"image_name": "20230303_232528510bd1b5-8f45-456d-b2d2-2638c580f6b5.jpg", "image_url": "https://images.oyoroomscdn.com/ugc-feedback-uploads/20230303_232528510bd1b5-8f45-456d-b2d2-2638c580f6b5.jpg", "type": "jpg", "uploaded_at": "2023-03-04", "image_id": "182085"}, {"image_name": "20230303_232520a1b6cb80-e1cc-439a-b856-8e9038ed4fc1.jpg", "image_url": "https://images.oyoroomscdn.com/ugc-feedback-uploads/20230303_232520a1b6cb80-e1cc-439a-b856-8e9038ed4fc1.jpg", "type": "jpg", "uploaded_at": "2023-03-04", "image_id": "182084"}, {"image_name": "20230303_2325122f19c683-a4e1-4382-9d97-cfe77da2d588.jpg", "image_url": "https://images.oyoroomscdn.com/ugc-feedback-uploads/20230303_2325122f19c683-a4e1-4382-9d97-cfe77da2d588.jpg", "type": "jpg", "uploaded_at": "2023-03-04", "image_id": "182083"}, {"image_name": "20230303_232523f15580d5-98a8-4fda-be3e-83bf8d017090.jpg", "image_url": "https://images.oyoroomscdn.com/ugc-feedback-uploads/20230303_232523f15580d5-98a8-4fda-be3e-83bf8d017090.jpg", "type": "jpg", "uploaded_at": "2023-03-04", "image_id": "182089"}, {"image_name": "20230303_23253157af8c48-5f26-441a-ad16-d7d13c401c12.jpg", "image_url": "https://images.oyoroomscdn.com/ugc-feedback-uploads/20230303_23253157af8c48-5f26-441a-ad16-d7d13c401c12.jpg", "type": "jpg", "uploaded_at": "2023-03-04", "image_id": "182088"}, {"image_name": "20230303_232526bca10ab2-b307-41d2-8d5c-983a2f4d78ab.jpg", "image_url": "https://images.oyoroomscdn.com/ugc-feedback-uploads/20230303_232526bca10ab2-b307-41d2-8d5c-983a2f4d78ab.jpg", "type": "jpg", "uploaded_at": "2023-03-04", "image_id": "182087"}, {"image_name": "20230303_232517df24c755-c80b-472f-8f4a-31fc2babb5b0.jpg", "image_url": "https://images.oyoroomscdn.com/ugc-feedback-uploads/20230303_232517df24c755-c80b-472f-8f4a-31fc2babb5b0.jpg", "type": "jpg", "uploaded_at": "2023-03-04", "image_id": "182086"}]}, {"user_name": "Shan", "user_image": "usr.image", "review_text": "The check In experience is worse. He will ask you more money. Then oyo will pay that then also he will ask you more money. Then will give you shitty room Then you have to complain Then he will give you decent room. Not pleasant experience", "date": "05 Feb 2023", "rating": {"bg_color": "#ff4742", "title": "1"}}, {"user_name": "Ayaz", "user_image": "usr.image", "review_text": "Hotel management is rude and they are charging more money. They took me 500rs extra from me for the first day and second they asked me not to book from oyo and took 1000 RS . Oyo has become very useless in terms of service.", "date": "14 Jan 2023", "rating": {"bg_color": "#ff4742", "title": "1"}}, {"user_name": "Christopher Shankar", "user_image": "usr.image", "review_text": "Hi Team\n\nI'm utterly disappointed with my booking today. I booked the room below at a price of 615 after all the discounts and when I reached the hotel I was asked to pay 400rs in cash more. When I checked my booking when I reached it says I've only paid partial amount. \n\nTherefore I would like to raise a formal complaint for the extra money I had to pay and want the same refunded to me.\n\nBelow is the confirmation of my booking for 615 and the same paid by phonepe. And for the 400 cash paid. Kindly call the hotel and have the same refunded before I check out today. \n\nThank you\nChristopher Shankar\n7625028886", "date": "13 Jan 2023", "rating": {"bg_color": "#ff4742", "title": "1"}}, {"user_name": "Prajwal VR", "user_image": "usr.image", "review_text": "For this room 1star also is more.tv is not working and ac also not working. All bed sheats and blankets are very dirty.no clean nothing.very bad. and first they said 24 hours room and next day at 11am checked out.feeled very bad and disappointed", "date": "12 Jan 2023", "rating": {"bg_color": "#ff4742", "title": "1"}}, {"user_name": "chandra", "user_image": "usr.image", "review_text": "They are not taking booking amount and expecting more amount but it's not fair", "date": "10 Jan 2023", "rating": {"bg_color": "#ff4742", "title": "1"}}, {"user_name": "Abhishek Kumar", "user_image": "usr.image", "review_text": "Everything is very bad please don't book any room in that hotel", "date": "08 Jan 2023", "rating": {"bg_color": "#ff4742", "title": "1"}}, {"user_name": "Devesh", "user_image": "usr.image", "review_text": "Water problem, room was dirty, tv was not working", "date": "28 Dec 2022", "rating": {"bg_color": "#ff4742", "title": "1"}}, {"user_name": "Chaitanya Reddy", "user_image": "usr.image", "review_text": "Worst hotel I ever seen before don't book this hotel. Management asking extra money and room are too dirty, towels and bedsheets are damaged.worset experience", "date": "25 Dec 2022", "rating": {"bg_color": "#ff4742", "title": "1"}}, {"user_name": "P sudharshan", "user_image": "usr.image", "review_text": "Room was not available. So no show", "date": "23 Dec 2022", "rating": {"bg_color": "#ff4742", "title": "1"}}, {"user_name": "Martin", "user_image": "usr.image", "review_text": "Very bad service, worst place to be in.\nNot even a single thing was fine starting from the door itself", "date": "21 Dec 2022", "rating": {"bg_color": "#ff4742", "title": "1"}}, {"user_name": "Anirban Ta", "user_image": "usr.image", "review_text": "No light in room. No water given. No cleaning good the hotel is so much bad I don't recommend this hotel.", "date": "04 Dec 2022", "rating": {"bg_color": "#ff4742", "title": "1"}}, {"user_name": "Tanmay Mondal", "user_image": "usr.image", "review_text": "First of all I didn\u2019t stayed. I have went for checkin around 12 o\u2019clock in the night but the main door was locked and no one has opened the door after knocking also. Then I called to the OYO but no one has received the call. Later I have booked another hotel from MMT. Really it was a very worst experience.", "date": "01 Dec 2022", "rating": {"bg_color": "#ff4742", "title": "1"}}, {"user_name": "MOURSZQ37", "user_image": "usr.image", "review_text": "I didnt stayed there only . They are asking to pay us extra amount so we denied the booking . Plzz give us refund", "date": "29 Nov 2022", "rating": {"bg_color": "#ff4742", "title": "1"}}, {"user_name": "Sou", "user_image": "usr.image", "review_text": "Worst maintainence.", "date": "29 Nov 2022", "rating": {"bg_color": "#ff4742", "title": "1"}}, {"user_name": "Ramesh", "user_image": "usr.image", "review_text": "The worst hotel ever. Never stay in this hotel. See the photos", "date": "25 Nov 2022", "rating": {"bg_color": "#ff4742", "title": "1"}}, {"user_name": "tony tony", "user_image": "usr.image", "review_text": "No cleaning... Bedsheets are muddy... No amenities.. Worst", "date": "20 Nov 2022", "rating": {"bg_color": "#ff4742", "title": "1"}}, {"user_name": "Sarmistha", "user_image": "usr.image", "review_text": "The room was dirty and small, TV had very few channels, washroom was dirty", "date": "19 Nov 2022", "rating": {"bg_color": "#ff4742", "title": "1"}}, {"user_name": "Yash Agarwal", "user_image": "usr.image", "review_text": "Kindly void this hotel....his owner charged me 600 extra for 1 night and 50 rs for water bottles.....also the room was so dirty", "date": "09 Nov 2022", "rating": {"bg_color": "#ff4742", "title": "1"}}, {"user_name": "Rajasekhar", "user_image": "usr.image", "review_text": "Worst not even changing the bedsheets in staying couple of days.And then the bedsheets of the first day itself having the stains and all .The worst in which I have seen.", "date": "29 Oct 2022", "rating": {"bg_color": "#ff4742", "title": "1"}}, {"user_name": "mohmoud t", "user_image": "usr.image", "review_text": "Is not serves n room so cheap poor n they ask to cancel booking n they charge 1500", "date": "26 Oct 2022", "rating": {"bg_color": "#ff4742", "title": "1"}}, {"user_name": "Preetibardhan Rout", "user_image": "usr.image", "review_text": "They had charged extra money for check in. Room was very dirty. Drinking water is not available there. Very bad experience...Room was not upto the mark.", "date": "19 Oct 2022", "rating": {"bg_color": "#ff4742", "title": "1"}}, {"user_name": "Meenatchi", "user_image": "usr.image", "review_text": "Worst service and room is too smelly no proper maintenance", "date": "15 Oct 2022", "rating": {"bg_color": "#ff4742", "title": "1"}}, {"user_name": "rj", "user_image": "usr.image", "review_text": "Very bad room are very dirty linne is not good at all washroom don't have seat cover ac is not working \n\n\nBut staff are good \ud83d\ude0a\nLeva home please renew soon this property i like the hotel and place i recommend this property but maintain good", "date": "12 Oct 2022", "rating": {"bg_color": "#ff4742", "title": "1"}}, {"user_name": "Kandregula Sivaganesh", "user_image": "usr.image", "review_text": "Worst hotel", "date": "11 Oct 2022", "rating": {"bg_color": "#ff4742", "title": "1"}}, {"user_name": "Mohan", "user_image": "usr.image", "review_text": "While check in itself they demanded payment whereas after requesting allow us 10mints time to make payment and allow the guest for checkin but they denied, and also there is an error in app as well. When booking done the amount shows 750/-  and asked make payment online and get 100/-off once I done the payment for 650/- again it shows balance to pay 532/- .\nVery disappointed with all, from checkin to payment to room standard quality all very unprofessional and unhappy", "date": "04 Oct 2022", "rating": {"bg_color": "#ff4742", "title": "1"}}, {"user_name": "bala", "user_image": "usr.image", "review_text": "No clean", "date": "26 Sep 2022", "rating": {"bg_color": "#ff4742", "title": "1"}}, {"user_name": "Gadeela Vishal", "user_image": "usr.image", "review_text": "Extra payment asked while checking in.Not as shown in the gallery of OYO application", "date": "26 Sep 2022", "rating": {"bg_color": "#ff4742", "title": "1"}}, {"user_name": "Prasad Raju", "user_image": "usr.image", "review_text": "no hygiene maintained.. everything is broken in room.. their behaviour not good too. Don\u2019t understand why hotels does register with oyo without proper infrastructure and maintenance and hygiene. For sake of collecting money only, they register as hotel rooms. Very disappointed with oyo and losing belief in it..", "date": "17 Sep 2022", "rating": {"bg_color": "#ff4742", "title": "1"}}, {"user_name": "Sandeep Kumar", "user_image": "usr.image", "review_text": "Staff behaviour are not good. Room are also not cleaned", "date": "16 Sep 2022", "rating": {"bg_color": "#ff4742", "title": "1"}}, {"user_name": "Pramila Pramila", "user_image": "usr.image", "review_text": "hot water was not coming", "date": "13 Sep 2022", "rating": {"bg_color": "#ff4742", "title": "1"}}, {"user_name": "varshitha varshitha", "user_image": "usr.image", "review_text": "too bad experience", "date": "10 Sep 2022", "rating": {"bg_color": "#ff4742", "title": "1"}}, {"user_name": "Dinesh", "user_image": "usr.image", "review_text": "No clean,no tv,no a/c, full smook. bed is not clean", "date": "03 Sep 2022", "rating": {"bg_color": "#ff4742", "title": "1"}}, {"user_name": "John", "user_image": "usr.image", "review_text": "Very poor cleanliness, room was very small. Felt like claustrophobic", "date": "02 Sep 2022", "rating": {"bg_color": "#ff4742", "title": "1"}}, {"user_name": "Ankit", "user_image": "usr.image", "review_text": "Wifi isn't working, No Tv, no cleanliness no needfuls in washroom no hygiene. worst experience ever. don't choose this.", "date": "14 Aug 2022", "rating": {"bg_color": "#ff4742", "title": "1"}}, {"user_name": "Vinay", "user_image": "usr.image", "review_text": "Hotel does not having wifi facility and tv is also not working staff of hotel is not responding many times calling", "date": "05 Aug 2022", "rating": {"bg_color": "#ff4742", "title": "1"}}, {"user_name": "Syed Osman", "user_image": "usr.image", "review_text": "Very bad management very untidy and can't stay for short time also. Outside drunkards come and sit in lobby near reception for timepass.\nBehaviour of receptionist very bad and argumentative.", "date": "31 Jul 2022", "rating": {"bg_color": "#ff4742", "title": "1"}}, {"user_name": "Anandkumar Doddamani", "user_image": "usr.image", "review_text": "Very dirty", "date": "26 Jul 2022", "rating": {"bg_color": "#ff4742", "title": "1"}}, {"user_name": "Sumit Biradar", "user_image": "usr.image", "review_text": "owner has charged me 1100/- extra", "date": "16 Jul 2022", "rating": {"bg_color": "#ff4742", "title": "1"}}, {"user_name": "Uthra Kumarasamy", "user_image": "usr.image", "review_text": "No proper parking also", "date": "15 Jul 2022", "rating": {"bg_color": "#ff4742", "title": "1"}}, {"user_name": "Dhanush Kumar", "user_image": "usr.image", "review_text": "They Charged me extra 1000 even though I have paid full while booking. The room is not at all cleaned. Towel, bedsheet and comforter was so much dirty. looks like it's been months they washed that. TV was not recharged. toilet seat was not there.", "date": "13 Jul 2022", "rating": {"bg_color": "#ff4742", "title": "1"}}, {"user_name": "AbhiVoVp", "user_image": "usr.image", "review_text": "When I went to check in, he told me that your payment has been done online but you have to pay a hundred more, so I asked why. So he said that if you have to give then I asked why so are you asking for this under commission then he said Yes and then he said that if you don't give then your check in will not happen and then I have to pay him", "date": "09 Jul 2022", "rating": {"bg_color": "#ff4742", "title": "1"}}, {"user_name": "Shahid khan", "user_image": "usr.image", "review_text": "they took extra 400", "date": "07 Jul 2022", "rating": {"bg_color": "#ff4742", "title": "1"}}, {"user_name": "Surya", "user_image": "usr.image", "date": "06 Jul 2022", "rating": {"bg_color": "#ff4742", "title": "1"}, "user_image_feedback_list": [{"image_name": "hotel_image_810b4400-204e-48d8-8b38-ec1608eb6fb46069039197996019563.jpeg", "image_url": "https://images.oyoroomscdn.com/ugc-feedback-uploads/hotel_image_810b4400-204e-48d8-8b38-ec1608eb6fb46069039197996019563.jpeg", "type": "jpeg", "uploaded_at": "2022-07-06", "image_id": "92347"}, {"image_name": "hotel_image_810b4400-204e-48d8-8b38-ec1608eb6fb46547993699382570273.jpeg", "image_url": "https://images.oyoroomscdn.com/ugc-feedback-uploads/hotel_image_810b4400-204e-48d8-8b38-ec1608eb6fb46547993699382570273.jpeg", "type": "jpeg", "uploaded_at": "2022-07-06", "image_id": "92346"}, {"image_name": "hotel_image_810b4400-204e-48d8-8b38-ec1608eb6fb46644160973349075427.jpeg", "image_url": "https://images.oyoroomscdn.com/ugc-feedback-uploads/hotel_image_810b4400-204e-48d8-8b38-ec1608eb6fb46644160973349075427.jpeg", "type": "jpeg", "uploaded_at": "2022-07-06", "image_id": "92345"}, {"image_name": "hotel_image_810b4400-204e-48d8-8b38-ec1608eb6fb42294402423215255527.jpeg", "image_url": "https://images.oyoroomscdn.com/ugc-feedback-uploads/hotel_image_810b4400-204e-48d8-8b38-ec1608eb6fb42294402423215255527.jpeg", "type": "jpeg", "uploaded_at": "2022-07-06", "image_id": "92348"}]}, {"user_name": "Bharath", "user_image": "usr.image", "review_text": "One of the worst experience I had.\n\nProperty owner charged me extra!!\nDenied to give a room without extra payment during check in and it was 11.30pm to call Oyo and get the things sorted.\nVery unhygienic rooms, bedsheets and bedspread. Had stains all over.\nPillows were worst had fallen hairs all over pillow, it was never changed and refused to change even after complaining to front desk\nPeople in sitting in so called reception were someone who takes care of entire hotel (receptionist, cleaner, helper, trash dumper etc etc). Have no sense to talk to people, doesn't know local language, doesn't know English too and least bothered about their customers!!!\n\nI would suggest Oyo to come out of such tie-ups", "date": "29 Jun 2022", "rating": {"bg_color": "#ff4742", "title": "1"}, "user_image_feedback_list": [{"image_name": "hotel_image_00ae015d-ebd9-48e4-a604-676c7ff2260c5814800765388240384.jpeg", "image_url": "https://images.oyoroomscdn.com/ugc-feedback-uploads/hotel_image_00ae015d-ebd9-48e4-a604-676c7ff2260c5814800765388240384.jpeg", "type": "jpeg", "uploaded_at": "2022-06-29", "image_id": "89170"}, {"image_name": "hotel_image_00ae015d-ebd9-48e4-a604-676c7ff2260c8139774588538262332.jpeg", "image_url": "https://images.oyoroomscdn.com/ugc-feedback-uploads/hotel_image_00ae015d-ebd9-48e4-a604-676c7ff2260c8139774588538262332.jpeg", "type": "jpeg", "uploaded_at": "2022-06-29", "image_id": "89174"}, {"image_name": "hotel_image_00ae015d-ebd9-48e4-a604-676c7ff2260c4746240136262839719.jpeg", "image_url": "https://images.oyoroomscdn.com/ugc-feedback-uploads/hotel_image_00ae015d-ebd9-48e4-a604-676c7ff2260c4746240136262839719.jpeg", "type": "jpeg", "uploaded_at": "2022-06-29", "image_id": "89168"}, {"image_name": "hotel_image_00ae015d-ebd9-48e4-a604-676c7ff2260c3884169387754035006.jpeg", "image_url": "https://images.oyoroomscdn.com/ugc-feedback-uploads/hotel_image_00ae015d-ebd9-48e4-a604-676c7ff2260c3884169387754035006.jpeg", "type": "jpeg", "uploaded_at": "2022-06-29", "image_id": "89173"}]}, {"user_name": "shivaprakash kudagunti", "user_image": "usr.image", "review_text": "not hygiene rooms", "date": "26 Jun 2022", "rating": {"bg_color": "#ff4742", "title": "1"}}, {"user_name": "Ananth", "user_image": "usr.image", "review_text": "I was forced to pay double amount.Worst experience ever", "date": "25 Jun 2022", "rating": {"bg_color": "#ff4742", "title": "1"}}, {"user_name": "Rohan Thapa", "user_image": "usr.image", "date": "19 Jun 2022", "rating": {"bg_color": "#ff4742", "title": "1"}, "user_image_feedback_list": [{"image_name": "hotel_image_ec63df8a-fe21-4998-8cf9-8260d2c15f3a4752328852195389249.jpeg", "image_url": "https://images.oyoroomscdn.com/ugc-feedback-uploads/hotel_image_ec63df8a-fe21-4998-8cf9-8260d2c15f3a4752328852195389249.jpeg", "type": "jpeg", "uploaded_at": "2022-06-19", "image_id": "84628"}, {"image_name": "hotel_image_ec63df8a-fe21-4998-8cf9-8260d2c15f3a300762899432493044.jpeg", "image_url": "https://images.oyoroomscdn.com/ugc-feedback-uploads/hotel_image_ec63df8a-fe21-4998-8cf9-8260d2c15f3a300762899432493044.jpeg", "type": "jpeg", "uploaded_at": "2022-06-19", "image_id": "84629"}, {"image_name": "hotel_image_ec63df8a-fe21-4998-8cf9-8260d2c15f3a771820229107780909.jpeg", "image_url": "https://images.oyoroomscdn.com/ugc-feedback-uploads/hotel_image_ec63df8a-fe21-4998-8cf9-8260d2c15f3a771820229107780909.jpeg", "type": "jpeg", "uploaded_at": "2022-06-19", "image_id": "84627"}]}, {"user_name": "Surya", "user_image": "usr.image", "review_text": "Worst hotel ever", "date": "17 Jun 2022", "rating": {"bg_color": "#ff4742", "title": "1"}}, {"user_name": "Sheik Ishack", "user_image": "usr.image", "review_text": "I didn't stay in this room but they taken 1000 rupees I need a refund.", "date": "11 Jun 2022", "rating": {"bg_color": "#ff4742", "title": "1"}, "user_image_feedback_list": [{"image_name": "hotel_image_9de3d8a6-c52b-44e2-aeab-45a4318167be5740958685006065532.jpeg", "image_url": "https://images.oyoroomscdn.com/ugc-feedback-uploads/hotel_image_9de3d8a6-c52b-44e2-aeab-45a4318167be5740958685006065532.jpeg", "type": "jpeg", "uploaded_at": "2022-06-11", "image_id": "80195"}, {"image_name": "hotel_image_9de3d8a6-c52b-44e2-aeab-45a4318167be6063260709095003580.jpeg", "image_url": "https://images.oyoroomscdn.com/ugc-feedback-uploads/hotel_image_9de3d8a6-c52b-44e2-aeab-45a4318167be6063260709095003580.jpeg", "type": "jpeg", "uploaded_at": "2022-06-11", "image_id": "80194"}, {"image_name": "hotel_image_9de3d8a6-c52b-44e2-aeab-45a4318167be5007027867720629738.jpeg", "image_url": "https://images.oyoroomscdn.com/ugc-feedback-uploads/hotel_image_9de3d8a6-c52b-44e2-aeab-45a4318167be5007027867720629738.jpeg", "type": "jpeg", "uploaded_at": "2022-06-11", "image_id": "80197"}, {"image_name": "hotel_image_9de3d8a6-c52b-44e2-aeab-45a4318167be2050156486461876685.jpeg", "image_url": "https://images.oyoroomscdn.com/ugc-feedback-uploads/hotel_image_9de3d8a6-c52b-44e2-aeab-45a4318167be2050156486461876685.jpeg", "type": "jpeg", "uploaded_at": "2022-06-11", "image_id": "80196"}, {"image_name": "hotel_image_9de3d8a6-c52b-44e2-aeab-45a4318167be1160710764287624052.jpeg", "image_url": "https://images.oyoroomscdn.com/ugc-feedback-uploads/hotel_image_9de3d8a6-c52b-44e2-aeab-45a4318167be1160710764287624052.jpeg", "type": "jpeg", "uploaded_at": "2022-06-11", "image_id": "80193"}]}, {"user_name": "Roshan Kumar", "user_image": "usr.image", "review_text": "very bad", "date": "11 Jun 2022", "rating": {"bg_color": "#ff4742", "title": "1"}}, {"user_name": "pushpal Chakraborti", "user_image": "usr.image", "review_text": "The room was dirty.. No washroom seat cover is there it was broken cistern in washroom.. Bedcovers and blanket covers are used ones", "date": "07 Jun 2022", "rating": {"bg_color": "#ff4742", "title": "1"}}, {"user_name": "Arun", "user_image": "usr.image", "review_text": "not clean", "date": "06 Jun 2022", "rating": {"bg_color": "#ff4742", "title": "1"}}, {"user_name": "Karthikeyan S", "user_image": "usr.image", "review_text": "the bed sheets are not washed at all.. and the room was unclean a lot muds. it was a very small room and bad smell was coming", "date": "01 Jun 2022", "rating": {"bg_color": "#ff4742", "title": "1"}}]}}]