[{"data": {"title": "151 Verified Reviews", "rating_data": {"title": "3.7", "bg_color": "#b4da55", "tag": "Good", "subtitle": "682 ratings on verified stays by guests"}, "sort_options": [{"type": "date-high", "title": "Recent reviews"}, {"type": "rating-high", "title": "High to low ratings"}, {"type": "rating-low", "title": "Low to high ratings"}], "is_last": false, "next_offset": 101, "reviews": [{"user_name": "Shreeya Chatterjee", "user_image": "usr.image", "review_text": "The behavior of the staff wS great", "date": "09 Jan 2023", "rating": {"bg_color": "#346000", "title": "5"}}, {"user_name": "charunayan kamath", "user_image": "usr.image", "review_text": "Good and cheap room", "date": "25 Dec 2022", "rating": {"bg_color": "#346000", "title": "5"}}, {"user_name": "Atul Bakshi", "user_image": "usr.image", "review_text": "They won't tell you to go back, they will provide with upmost service they can provide. Friendly staff. For hassle free stay this is the best option.", "date": "24 Dec 2022", "rating": {"bg_color": "#346000", "title": "5"}}, {"user_name": "Malaraju Arunbabu", "user_image": "usr.image", "review_text": "Nice and amazing good service", "date": "21 Dec 2022", "rating": {"bg_color": "#346000", "title": "5"}}, {"user_name": "gautam sutradhar", "user_image": "usr.image", "review_text": "Nice", "date": "20 Dec 2022", "rating": {"bg_color": "#346000", "title": "5"}}, {"user_name": "manju", "user_image": "usr.image", "date": "13 Dec 2022", "rating": {"bg_color": "#346000", "title": "5"}, "user_image_feedback_list": [{"image_name": "IMG_20221026_021911597fe9b5-b34a-4bfb-96e9-d161d7ae505d.jpg", "image_url": "https://images.oyoroomscdn.com/ugc-feedback-uploads/IMG_20221026_021911597fe9b5-b34a-4bfb-96e9-d161d7ae505d.jpg", "type": "jpg", "uploaded_at": "2022-12-13", "image_id": "154956"}]}, {"user_name": "BR Devaraju", "user_image": "usr.image", "review_text": "Awesome", "date": "12 Dec 2022", "rating": {"bg_color": "#346000", "title": "5"}}, {"user_name": "Aradhana Panda", "user_image": "usr.image", "review_text": "We stayed for almost 10 days . Staff is very friendly and helpful.", "date": "11 Dec 2022", "rating": {"bg_color": "#346000", "title": "5"}}, {"user_name": "Naveen", "user_image": "usr.image", "review_text": "I really loved the room they provide. The room is clean & good.", "date": "07 Dec 2022", "rating": {"bg_color": "#346000", "title": "5"}}, {"user_name": "Dhruv", "user_image": "usr.image", "review_text": "Good rooms, clean, hygienic and staff was also super friendly", "date": "29 Nov 2022", "rating": {"bg_color": "#346000", "title": "5"}}, {"user_name": "Bishal Upadhyaya", "user_image": "usr.image", "review_text": "Mr.Sudarshan know what hospitality means... great experience..", "date": "27 Nov 2022", "rating": {"bg_color": "#346000", "title": "5"}}, {"user_name": "Aflah", "user_image": "usr.image", "review_text": "Good", "date": "24 Nov 2022", "rating": {"bg_color": "#346000", "title": "5"}}, {"user_name": "Krishna Akami", "user_image": "usr.image", "review_text": "It was good, well cleaned room", "date": "14 Nov 2022", "rating": {"bg_color": "#346000", "title": "5"}}, {"user_name": "Simanchala Das", "user_image": "usr.image", "review_text": "Best for low price", "date": "14 Nov 2022", "rating": {"bg_color": "#346000", "title": "5"}}, {"user_name": "Vishnu ML", "user_image": "usr.image", "review_text": "Good", "date": "13 Nov 2022", "rating": {"bg_color": "#346000", "title": "5"}}, {"user_name": "Pavan Kumar", "user_image": "usr.image", "review_text": "It was excellent and more enjoed", "date": "10 Nov 2022", "rating": {"bg_color": "#346000", "title": "5"}}, {"user_name": "Arun Pradeep", "user_image": "usr.image", "review_text": "Nice stay", "date": "09 Nov 2022", "rating": {"bg_color": "#346000", "title": "5"}}, {"user_name": "Vibeesh", "user_image": "usr.image", "review_text": "very nice customer service \ud83d\udc4d excellent service and experience \ud83d\udc4d", "date": "08 Nov 2022", "rating": {"bg_color": "#346000", "title": "5"}}, {"user_name": "Radhika", "user_image": "usr.image", "review_text": "Nice room good service", "date": "07 Nov 2022", "rating": {"bg_color": "#346000", "title": "5"}}, {"user_name": "Manoj kumarA", "user_image": "usr.image", "review_text": "Excellent service by Mr. Sudarshan", "date": "02 Nov 2022", "rating": {"bg_color": "#346000", "title": "5"}}, {"user_name": "lucky", "user_image": "usr.image", "review_text": "Friendly coordinate, nice rooms cleaning is good", "date": "26 Oct 2022", "rating": {"bg_color": "#346000", "title": "5"}}, {"user_name": "Gopinath", "user_image": "usr.image", "review_text": "Good ambient room. Very good attitude and friendly behaviour from reception. Thanks to sudharshan to give me a good hospitality. Very good human being.Nice approached person. I recommended this hotel to a people who need good hygienic and safe room", "date": "11 Oct 2022", "rating": {"bg_color": "#346000", "title": "5"}, "user_image_feedback_list": [{"image_name": "JPEG_20221011_212611_33783577669776791205af1df17-27fa-4776-b496-cb2dded67370.jpg", "image_url": "https://images.oyoroomscdn.com/ugc-feedback-uploads/JPEG_20221011_212611_33783577669776791205af1df17-27fa-4776-b496-cb2dded67370.jpg", "type": "jpg", "uploaded_at": "2022-10-11", "image_id": "132150"}, {"image_name": "JPEG_20221011_212707_30666650223349000638b7c4ed1-2390-4df1-9416-ba7288509302.jpg", "image_url": "https://images.oyoroomscdn.com/ugc-feedback-uploads/JPEG_20221011_212707_30666650223349000638b7c4ed1-2390-4df1-9416-ba7288509302.jpg", "type": "jpg", "uploaded_at": "2022-10-11", "image_id": "132151"}]}, {"user_name": "Vinoth KumarJ", "user_image": "usr.image", "review_text": "As per know opinion everything is ok if they would have option restaurant well and good. My overall experience is ok", "date": "11 Oct 2022", "rating": {"bg_color": "#346000", "title": "5"}}, {"user_name": "shivu arjun", "user_image": "usr.image", "review_text": "Super nice", "date": "09 Oct 2022", "rating": {"bg_color": "#346000", "title": "5"}}, {"user_name": "Srinivasa RaoCh", "user_image": "usr.image", "review_text": "Excellent", "date": "06 Oct 2022", "rating": {"bg_color": "#346000", "title": "5"}}, {"user_name": "Srinivasa RaoCh", "user_image": "usr.image", "review_text": "Best for price", "date": "05 Oct 2022", "rating": {"bg_color": "#346000", "title": "5"}}, {"user_name": "safa", "user_image": "usr.image", "review_text": "Nice", "date": "05 Oct 2022", "rating": {"bg_color": "#346000", "title": "5"}}, {"user_name": "veena", "user_image": "usr.image", "review_text": "Good stay. Good service and staff very polite and frndtly.  Thank u", "date": "04 Oct 2022", "rating": {"bg_color": "#346000", "title": "5"}}, {"user_name": "Vishwajeet Naik", "user_image": "usr.image", "review_text": "Service is good, hotel is in good location, staff are polite with customers", "date": "03 Oct 2022", "rating": {"bg_color": "#346000", "title": "5"}}, {"user_name": "veena", "user_image": "usr.image", "review_text": "Good... please correct ur maintenance", "date": "25 Sep 2022", "rating": {"bg_color": "#346000", "title": "5"}}, {"user_name": "Karthigayan", "user_image": "usr.image", "review_text": "Nice good experience \ud83d\ude0a\ud83d\ude0a\ud83d\ude0a", "date": "21 Sep 2022", "rating": {"bg_color": "#346000", "title": "5"}}, {"user_name": "Raja", "user_image": "usr.image", "review_text": "Good stay", "date": "21 Sep 2022", "rating": {"bg_color": "#346000", "title": "5"}}, {"user_name": "Sayyed", "user_image": "usr.image", "review_text": "Nice", "date": "14 Sep 2022", "rating": {"bg_color": "#346000", "title": "5"}}, {"user_name": "Basavaraj", "user_image": "usr.image", "review_text": "Best for low Price", "date": "14 Sep 2022", "rating": {"bg_color": "#346000", "title": "5"}}, {"user_name": "Vinoth KumarJ", "user_image": "usr.image", "review_text": "Good", "date": "10 Sep 2022", "rating": {"bg_color": "#346000", "title": "5"}}, {"user_name": "Trideep misra", "user_image": "usr.image", "review_text": "Good", "date": "10 Sep 2022", "rating": {"bg_color": "#346000", "title": "5"}}, {"user_name": "Chittela", "user_image": "usr.image", "review_text": "Its good in that budget", "date": "08 Sep 2022", "rating": {"bg_color": "#346000", "title": "5"}}, {"user_name": "rajendra nahak", "user_image": "usr.image", "review_text": "Nice hotels,nice staff", "date": "26 Aug 2022", "rating": {"bg_color": "#346000", "title": "5"}}, {"user_name": "Murahari", "user_image": "usr.image", "review_text": "Nice", "date": "20 Aug 2022", "rating": {"bg_color": "#346000", "title": "5"}}, {"user_name": "Abhishikta Ujjain", "user_image": "usr.image", "review_text": "Very nice hotel", "date": "17 Aug 2022", "rating": {"bg_color": "#346000", "title": "5"}}, {"user_name": "Praveen Kumar", "user_image": "usr.image", "review_text": "Staff behavior was really Good, All was really helping persons. Distance is not accurate as it's 20 meter back to given location", "date": "16 Aug 2022", "rating": {"bg_color": "#346000", "title": "5"}, "user_image_feedback_list": [{"image_name": "JPEG_20220816_093917_5586810595091293222d0057ba2-dd6d-4e4f-a1bf-f94393e3839c.jpg", "image_url": "https://images.oyoroomscdn.com/ugc-feedback-uploads/JPEG_20220816_093917_5586810595091293222d0057ba2-dd6d-4e4f-a1bf-f94393e3839c.jpg", "type": "jpg", "uploaded_at": "2022-08-16", "image_id": "108639"}]}, {"user_name": "Rafi", "user_image": "usr.image", "review_text": "Glad to visit this hotel", "date": "15 Aug 2022", "rating": {"bg_color": "#346000", "title": "5"}}, {"user_name": "Praveen Kumar", "user_image": "usr.image", "review_text": "Great experience", "date": "15 Aug 2022", "rating": {"bg_color": "#346000", "title": "5"}}, {"user_name": "NIKHIL KUMAR", "user_image": "usr.image", "review_text": "Best in the locality, great staff , very good for families and couples", "date": "14 Aug 2022", "rating": {"bg_color": "#346000", "title": "5"}}, {"user_name": "Saravanan", "user_image": "usr.image", "review_text": "Airconditioner not cool and bedsheet not clean... service ok", "date": "11 Aug 2022", "rating": {"bg_color": "#346000", "title": "5"}}, {"user_name": "Muniraju", "user_image": "usr.image", "review_text": "Nice hotel", "date": "11 Aug 2022", "rating": {"bg_color": "#346000", "title": "5"}}, {"user_name": "M.A.Muqthar muqthar", "user_image": "usr.image", "review_text": "Nice Hotel, Good services", "date": "10 Aug 2022", "rating": {"bg_color": "#346000", "title": "5"}}, {"user_name": "Dinesh", "user_image": "usr.image", "review_text": "Good stay with nice ambience", "date": "07 Aug 2022", "rating": {"bg_color": "#346000", "title": "5"}}, {"user_name": "Bablu Mathew", "user_image": "usr.image", "review_text": "Good, different price at check in", "date": "22 Apr 2023", "rating": {"bg_color": "#58ac00", "title": "4"}}, {"user_name": "S Ravi", "user_image": "usr.image", "review_text": "Everything is good. Hospitality maintenance is very good. Good location to stay. Thank you for pleasure", "date": "12 Feb 2023", "rating": {"bg_color": "#58ac00", "title": "4"}}, {"user_name": "shivu", "user_image": "usr.image", "review_text": "Nice room", "date": "18 Dec 2022", "rating": {"bg_color": "#58ac00", "title": "4"}}, {"user_name": "Durga Prasad", "user_image": "usr.image", "review_text": "Nice but taking extra money \ud83d\udcb0  good location near by electronic city and staff are good, but he taking extra aditional money not satisfied", "date": "12 Dec 2022", "rating": {"bg_color": "#58ac00", "title": "4"}}, {"user_name": "Avinash Karmakar", "user_image": "usr.image", "date": "11 Dec 2022", "rating": {"bg_color": "#58ac00", "title": "4"}, "user_image_feedback_list": [{"image_name": "JPEG_20221211_131607_91386688254724457101b1b5ff2-d68a-47f2-9d39-7fbb73cb6bcd.jpg", "image_url": "https://images.oyoroomscdn.com/ugc-feedback-uploads/JPEG_20221211_131607_91386688254724457101b1b5ff2-d68a-47f2-9d39-7fbb73cb6bcd.jpg", "type": "jpg", "uploaded_at": "2022-12-11", "image_id": "154010"}, {"image_name": "JPEG_20221211_131648_207134400090153428864214199-92a4-4bb6-b3c4-7a05dc8caeb9.jpg", "image_url": "https://images.oyoroomscdn.com/ugc-feedback-uploads/JPEG_20221211_131648_207134400090153428864214199-92a4-4bb6-b3c4-7a05dc8caeb9.jpg", "type": "jpg", "uploaded_at": "2022-12-11", "image_id": "154012"}, {"image_name": "JPEG_20221211_131627_39986900257468644188953ecbb-7cad-4df8-b361-2f9b1b6bff7d.jpg", "image_url": "https://images.oyoroomscdn.com/ugc-feedback-uploads/JPEG_20221211_131627_39986900257468644188953ecbb-7cad-4df8-b361-2f9b1b6bff7d.jpg", "type": "jpg", "uploaded_at": "2022-12-11", "image_id": "154011"}]}, {"user_name": "Sudarshan Rajupalem", "user_image": "usr.image", "review_text": "Room is good,some amenties are to be added", "date": "07 Dec 2022", "rating": {"bg_color": "#58ac00", "title": "4"}}, {"user_name": "NIGEESH VC", "user_image": "usr.image", "review_text": "Room and area good\u2026 but less neatness. Bathroom very dirty. And bedsheets and pillow covers are used\u2026", "date": "05 Dec 2022", "rating": {"bg_color": "#58ac00", "title": "4"}}, {"user_name": "Ujjawal Singh", "user_image": "usr.image", "review_text": "Hotel so good \nNice location\nAnd Room Good\nAnd All location Are So Nice \nHotel view are So Nice And", "date": "04 Dec 2022", "rating": {"bg_color": "#58ac00", "title": "4"}, "user_image_feedback_list": [{"image_name": "JPEG_20221204_111043_81687941179818860651699f68a-e46f-4f1a-a21b-1015a5545441.jpg", "image_url": "https://images.oyoroomscdn.com/ugc-feedback-uploads/JPEG_20221204_111043_81687941179818860651699f68a-e46f-4f1a-a21b-1015a5545441.jpg", "type": "jpg", "uploaded_at": "2022-12-04", "image_id": "151371"}]}, {"user_name": "Amit Kumar", "user_image": "usr.image", "review_text": "It was good stay. If you want to stay for 1 or 2 night it's good to live in this hotel. Overall experience was good.", "date": "02 Dec 2022", "rating": {"bg_color": "#58ac00", "title": "4"}}, {"user_name": "Jasprit Singh", "user_image": "usr.image", "review_text": "It was good for the price", "date": "01 Dec 2022", "rating": {"bg_color": "#58ac00", "title": "4"}}, {"user_name": "Saurabh", "user_image": "usr.image", "review_text": "Location and locality good", "date": "01 Dec 2022", "rating": {"bg_color": "#58ac00", "title": "4"}}, {"user_name": "Ajay Dasari", "user_image": "usr.image", "review_text": "Staff response polite and rooms are clean", "date": "16 Nov 2022", "rating": {"bg_color": "#58ac00", "title": "4"}}, {"user_name": "Durga Prasad", "user_image": "usr.image", "review_text": "Good", "date": "15 Nov 2022", "rating": {"bg_color": "#58ac00", "title": "4"}}, {"user_name": "Darshan", "user_image": "usr.image", "review_text": "Nice place, washrooms can be better", "date": "13 Nov 2022", "rating": {"bg_color": "#58ac00", "title": "4"}}, {"user_name": "saddam", "user_image": "usr.image", "review_text": "Good", "date": "13 Nov 2022", "rating": {"bg_color": "#58ac00", "title": "4"}}, {"user_name": "Avinash Karmakar", "user_image": "usr.image", "review_text": "I stay 22/10/2022 to 25/10/2022\nHotel is good\nLocation is good\nEverything is good", "date": "25 Oct 2022", "rating": {"bg_color": "#58ac00", "title": "4"}}, {"user_name": "SHUBHAM KUMAR", "user_image": "usr.image", "review_text": "Very good location.\nFair pricing\nGood facilities.\nGood behaviour of staff.\nProfessional approach.", "date": "16 Oct 2022", "rating": {"bg_color": "#58ac00", "title": "4"}}, {"user_name": "Syed kamran", "user_image": "usr.image", "review_text": "It's good", "date": "15 Oct 2022", "rating": {"bg_color": "#58ac00", "title": "4"}}, {"user_name": "Teja Teja", "user_image": "usr.image", "review_text": "Location is easy to  accessible.and budget", "date": "10 Oct 2022", "rating": {"bg_color": "#58ac00", "title": "4"}}, {"user_name": "Navi", "user_image": "usr.image", "review_text": "Well and good cleaned room", "date": "28 Sep 2022", "rating": {"bg_color": "#58ac00", "title": "4"}}, {"user_name": "sri sai", "user_image": "usr.image", "review_text": "Good", "date": "23 Sep 2022", "rating": {"bg_color": "#58ac00", "title": "4"}}, {"user_name": "Vigneshkumar", "user_image": "usr.image", "review_text": "I stay for 5 day, Stay is Good but need some improvement in maintenance, For bachelor not an issue. Receptionist handle in polite way. Overall experience good. For TCS associat location is nearby and walking distance.", "date": "26 Aug 2022", "rating": {"bg_color": "#58ac00", "title": "4"}, "user_image_feedback_list": [{"image_name": "JPEG_20220826_103904_70226812092939527575a70ef5e-92f4-412e-a0d1-e7fb754c8149.jpg", "image_url": "https://images.oyoroomscdn.com/ugc-feedback-uploads/JPEG_20220826_103904_70226812092939527575a70ef5e-92f4-412e-a0d1-e7fb754c8149.jpg", "type": "jpg", "uploaded_at": "2022-08-26", "image_id": "112454"}]}, {"user_name": "Kumaravelu S", "user_image": "usr.image", "review_text": "dear all, tthis oyo emara residency, they didn't allow at the time of entry, because of booked cost they didn't like, what about my situation, that time where i'll go for rooms, really i'm very disappointed solved the problem and they gave me the room. but i'm waiting outside more then 2 hours .", "date": "03 Apr 2023", "rating": {"bg_color": "#8fc402", "title": "3"}}, {"user_name": "Gowtham", "user_image": "usr.image", "review_text": "Not bad, we paid extra amount", "date": "04 Mar 2023", "rating": {"bg_color": "#8fc402", "title": "3"}}, {"user_name": "Sanjana", "user_image": "usr.image", "review_text": "The check in was smooth. But the property people asked for extra money. The room wasn't that good. No AC. Small room.", "date": "02 Jan 2023", "rating": {"bg_color": "#8fc402", "title": "3"}}, {"user_name": "PERLA Venkata", "user_image": "usr.image", "review_text": "Poor maintenance, washroom tap not working", "date": "25 Dec 2022", "rating": {"bg_color": "#8fc402", "title": "3"}}, {"user_name": "Durga Prasad", "user_image": "usr.image", "review_text": "Not cleaned bresets and banlkets properly and and towel also not cleaned but staff are very good it's ok", "date": "09 Dec 2022", "rating": {"bg_color": "#8fc402", "title": "3"}}, {"user_name": "Melroy", "user_image": "usr.image", "review_text": "Wash room not good", "date": "14 Nov 2022", "rating": {"bg_color": "#8fc402", "title": "3"}}, {"user_name": "Arbaz", "user_image": "usr.image", "review_text": "Room is unclean", "date": "13 Nov 2022", "rating": {"bg_color": "#8fc402", "title": "3"}}, {"user_name": "Vishwajeet Naik", "user_image": "usr.image", "review_text": "Rooms were ok for the price, service was not that expected", "date": "02 Oct 2022", "rating": {"bg_color": "#8fc402", "title": "3"}, "user_image_feedback_list": [{"image_name": "JPEG_20221002_113314_544110269504942178afa49697-8ff2-4adc-8416-f68356916bf8.jpg", "image_url": "https://images.oyoroomscdn.com/ugc-feedback-uploads/JPEG_20221002_113314_544110269504942178afa49697-8ff2-4adc-8416-f68356916bf8.jpg", "type": "jpg", "uploaded_at": "2022-10-02", "image_id": "127869"}]}, {"user_name": "DIKSHITH", "user_image": "usr.image", "review_text": "TV not working", "date": "28 Sep 2022", "rating": {"bg_color": "#8fc402", "title": "3"}}, {"user_name": "arun", "user_image": "usr.image", "review_text": "It's OK for the price. Not that great", "date": "22 Sep 2022", "rating": {"bg_color": "#8fc402", "title": "3"}}, {"user_name": "Roshan Pande", "user_image": "usr.image", "review_text": "Rooms are good", "date": "19 Sep 2022", "rating": {"bg_color": "#8fc402", "title": "3"}}, {"user_name": "PRAJWAL PV", "user_image": "usr.image", "review_text": "Room are shady. Room service is very bad.", "date": "02 Sep 2022", "rating": {"bg_color": "#8fc402", "title": "3"}}, {"user_name": "Master Blaster", "user_image": "usr.image", "review_text": "Toilet not cleaned, not hygiene. Room was okay", "date": "15 Aug 2022", "rating": {"bg_color": "#8fc402", "title": "3"}}, {"user_name": "Ashis", "user_image": "usr.image", "date": "18 Apr 2023", "rating": {"bg_color": "#feba00", "title": "2"}, "user_image_feedback_list": [{"image_name": "IMG_20230319_100253e31c1d0a-532b-4be6-aec5-00160c7b1897.jpg", "image_url": "https://images.oyoroomscdn.com/ugc-feedback-uploads/IMG_20230319_100253e31c1d0a-532b-4be6-aec5-00160c7b1897.jpg", "type": "jpg", "uploaded_at": "2023-04-18", "image_id": "195625"}]}, {"user_name": "G.sai vamsi", "user_image": "usr.image", "review_text": "The Blankets are so messy, and the room was not clean .", "date": "02 Mar 2023", "rating": {"bg_color": "#feba00", "title": "2"}}, {"user_name": "Nandan", "user_image": "usr.image", "review_text": "Bad service", "date": "09 Feb 2023", "rating": {"bg_color": "#feba00", "title": "2"}}, {"user_name": "Rakesh Shanker", "user_image": "usr.image", "review_text": "Too bad I was shown the rate of 932 by OYO app, when I went there they said I need extra 200 and it is not OYO rate, it doesn't matter if I paid for it.\nNo breakfast&drinking water", "date": "06 Feb 2023", "rating": {"bg_color": "#feba00", "title": "2"}}, {"user_name": "917903045974 kumar", "user_image": "usr.image", "review_text": "No room cleaning done though I stayed for 5 night", "date": "02 Jan 2023", "rating": {"bg_color": "#feba00", "title": "2"}}, {"user_name": "Abhishek Roy", "user_image": "usr.image", "review_text": "The property manager doesn't know how to behave, he was yelling at me at first he told he won't give me room, just because my amount was low and he wasn't allowing me to pay in oyo app he wants me to pay in his upi number everything he wants to be paid in his upi no. And he charged 200 for my late checkout of half an hour.", "date": "29 Dec 2022", "rating": {"bg_color": "#feba00", "title": "2"}}, {"user_name": "Chandu", "user_image": "usr.image", "review_text": "They asked for extra money", "date": "24 Dec 2022", "rating": {"bg_color": "#feba00", "title": "2"}}, {"user_name": "Basavaraj", "user_image": "usr.image", "review_text": "No good facilities,like bed, cot, room,and staff.etc", "date": "19 Dec 2022", "rating": {"bg_color": "#feba00", "title": "2"}}, {"user_name": "Sandilya Phani Kumar", "user_image": "usr.image", "review_text": "Receptionist took 400 \u20b9 for handing over room key, claims that \"Oyo booking price is too low how can we give you room  pay extra 400 \u20b9 then only u will have a key \".\n\nI paid extra 400 \u20b9, this is very disturbing Oyo betee rectify this situation or else other's will.", "date": "18 Dec 2022", "rating": {"bg_color": "#feba00", "title": "2"}}, {"user_name": "SIVABALAN", "user_image": "usr.image", "review_text": "No tv .No clean bathroom", "date": "17 Dec 2022", "rating": {"bg_color": "#feba00", "title": "2"}}, {"user_name": "VigneshKumar S", "user_image": "usr.image", "review_text": "Room is dirty, restroom also dirty. No cleanliness, precious person used dust are remains there. Towels they provided is wet. There is no night light.", "date": "29 Nov 2022", "rating": {"bg_color": "#feba00", "title": "2"}}, {"user_name": "meghna Verma", "user_image": "usr.image", "review_text": "The room was not clean. For 600 rs it was okay but not satisfactory.", "date": "15 Nov 2022", "rating": {"bg_color": "#feba00", "title": "2"}}, {"user_name": "Humaid", "user_image": "usr.image", "review_text": "Cockroaches in the room. Two stars only because they arranged another room. (Additional charges since it was a bigger room).\nWe were 5 paid 1900.", "date": "03 Sep 2022", "rating": {"bg_color": "#feba00", "title": "2"}}, {"user_name": "riya", "user_image": "usr.image", "review_text": "Very very bad behavior of the hotel management plus they charged us more then the asked amount which wasnt fair and also the facilities are very bad plxx take action against the hotel becz when u reach there they will ask more money nd will not allow u to stay they are doing fraud plx dont ever anyone book this hotel", "date": "16 Apr 2023", "rating": {"bg_color": "#ff4742", "title": "1"}}, {"user_name": "sandeep jali", "user_image": "usr.image", "review_text": "I booked hotel on 4th April but hotel people demanded extra money so I cancelled and now oyo not ready to refund amount kindly don't book any rooms at oyo they will cheat the customers.", "date": "09 Apr 2023", "rating": {"bg_color": "#ff4742", "title": "1"}}, {"user_name": "Ramu Kasi", "user_image": "usr.image", "review_text": "Was asked to extra 500 RS at the stay. When i said them i already booked through Oyo they asked to call Oyo for the money i paid and they said they can't give a new room without paying the extra amount. As it was already late and I was tired i padi him the extra money to avail the booked room. Room also stinking no latches in toilet", "date": "09 Apr 2023", "rating": {"bg_color": "#ff4742", "title": "1"}}, {"user_name": "sagar", "user_image": "usr.image", "review_text": "Receptionist behavior is worst. Price shown in the oyo app is less and receptinist not accepting for that amount...he charges more allocate room. If questioned then askimg me to contact oyo customer care...\nAnd the room is worst..not at all clean...regret that i choose that oyo room to stay", "date": "30 Mar 2023", "rating": {"bg_color": "#ff4742", "title": "1"}}]}}, {"data": {"title": "151 Verified Reviews", "rating_data": {"title": "3.7", "bg_color": "#b4da55", "tag": "Good", "subtitle": "682 ratings on verified stays by guests"}, "sort_options": [{"type": "date-high", "title": "Recent reviews"}, {"type": "rating-high", "title": "High to low ratings"}, {"type": "rating-low", "title": "Low to high ratings"}], "is_last": true, "reviews": [{"user_name": "Megha", "user_image": "usr.image", "review_text": "400Rs i paid to Oyo app, then the hotel staff told I've to pay extra 1600 extra then only the room will be allocated, no bill nothing..", "date": "17 Mar 2023", "rating": {"bg_color": "#ff4742", "title": "1"}}, {"user_name": "Soahom Guha", "user_image": "usr.image", "review_text": "They charge Rs. 700 extra for for the same room.", "date": "26 Feb 2023", "rating": {"bg_color": "#ff4742", "title": "1"}}, {"user_name": "Mohammed Aslam", "user_image": "usr.image", "review_text": "Very very very Bad..... Never gonna recommend this to anyone..I didn&#39;t like anything.... Zero for cleanliness..... Zero for staff behaviour..... Zero for service..... Zero for room.... If i could give them negative mark..... I will do that.....", "date": "22 Feb 2023", "rating": {"bg_color": "#ff4742", "title": "1"}}, {"user_name": "Aftab", "user_image": "usr.image", "review_text": "Charged extra Rs.1440 at the check-in time, And there is no TV. Poor maintenance. And we are getting Alcohol smell in the room.", "date": "20 Feb 2023", "rating": {"bg_color": "#ff4742", "title": "1"}}, {"user_name": "Pramod G", "user_image": "usr.image", "review_text": "Disaster faculties..I liked only the bed facility.1. They are not giving rooms as per your app price. I booked this lodge on your site for 450rs, but when I go to the lodge he is told to give 800rs otherwise there will be no room.nAfter many talks I agreed to give 800, but in the form to fill my information he told me to write the booking ID.nHe did not give me room for the present money(i.e.,450) on your site, but he is offering to write the booking ID, later I argued about this, then after writing my information he only wrote the booking ID.nSo please be aware about this.nnn2. The  room has a smoking smell.n3. Bathroom facilities are not up to the mark.", "date": "20 Feb 2023", "rating": {"bg_color": "#ff4742", "title": "1"}}, {"user_name": "Seenivasan Gunabalan", "user_image": "usr.image", "review_text": "Location.The price they asked is different from the price shown online.rnWhen asked for GST bill they told GST is not included in the total price. I called OYO and got clarified that the actual amount includes GSTrnrnThere was no electric power for most of the day.rnApart from location, I won&#39;t recommend this", "date": "14 Feb 2023", "rating": {"bg_color": "#ff4742", "title": "1"}}, {"user_name": "Tej Krishna", "user_image": "usr.image", "review_text": "Oyo itself is involved in this scam. They know that the hotel asking for extra money from each and every customer. No security, no cleanliness. Fan makes sound. Blankets are dirty with all kind of stains. You can imagine the stay.", "date": "11 Feb 2023", "rating": {"bg_color": "#ff4742", "title": "1"}}, {"user_name": "Hemanth", "user_image": "usr.image", "review_text": "They charged for extra money", "date": "11 Feb 2023", "rating": {"bg_color": "#ff4742", "title": "1"}}, {"user_name": "Chandan Mishra", "user_image": "usr.image", "review_text": "Very very very very bad behaviour and , when i reached over there owner of hotel was asking for extra money rudely, And that moment was very irritating moment for me.\nWell I don't say to anyone to go here. Tv washroom AC nothing was in working condition in each and every room.", "date": "09 Feb 2023", "rating": {"bg_color": "#ff4742", "title": "1"}, "user_image_feedback_list": [{"image_name": "Screenshot_2023-02-09-21-37-52-27_99c04817c0de5652397fc8b56c3b3817ab2d4462-684d-48a1-867c-886e8b790fa5.jpg", "image_url": "https://images.oyoroomscdn.com/ugc-feedback-uploads/Screenshot_2023-02-09-21-37-52-27_99c04817c0de5652397fc8b56c3b3817ab2d4462-684d-48a1-867c-886e8b790fa5.jpg", "type": "jpg", "uploaded_at": "2023-02-09", "image_id": "174225"}, {"image_name": "Screenshot_2023-02-09-21-38-11-07_99c04817c0de5652397fc8b56c3b381759935ba9-3566-47cb-84b4-8cbb594efae0.jpg", "image_url": "https://images.oyoroomscdn.com/ugc-feedback-uploads/Screenshot_2023-02-09-21-38-11-07_99c04817c0de5652397fc8b56c3b381759935ba9-3566-47cb-84b4-8cbb594efae0.jpg", "type": "jpg", "uploaded_at": "2023-02-09", "image_id": "174226"}, {"image_name": "Screenshot_2023-02-09-21-37-21-34_99c04817c0de5652397fc8b56c3b381745d33893-cccc-476d-9e71-6aecad0a5309.jpg", "image_url": "https://images.oyoroomscdn.com/ugc-feedback-uploads/Screenshot_2023-02-09-21-37-21-34_99c04817c0de5652397fc8b56c3b381745d33893-cccc-476d-9e71-6aecad0a5309.jpg", "type": "jpg", "uploaded_at": "2023-02-09", "image_id": "174223"}, {"image_name": "Screenshot_2023-02-09-21-37-37-37_99c04817c0de5652397fc8b56c3b381763c3a6cf-2206-47af-bfdb-6e9532d8505c.jpg", "image_url": "https://images.oyoroomscdn.com/ugc-feedback-uploads/Screenshot_2023-02-09-21-37-37-37_99c04817c0de5652397fc8b56c3b381763c3a6cf-2206-47af-bfdb-6e9532d8505c.jpg", "type": "jpg", "uploaded_at": "2023-02-09", "image_id": "174224"}]}, {"user_name": "Mohammed Sanjid", "user_image": "usr.image", "review_text": "Asked extra money....", "date": "09 Feb 2023", "rating": {"bg_color": "#ff4742", "title": "1"}}, {"user_name": "Sonu S", "user_image": "usr.image", "review_text": "First of all the manager said that we should pay more money than it showed in oyo and also the room is not at all hygenic, the bathroom door had no lock, the electricity kept going off and totally a bad experience.", "date": "30 Jan 2023", "rating": {"bg_color": "#ff4742", "title": "1"}}, {"user_name": "prashanth", "user_image": "usr.image", "review_text": "I was charged extra for paying through Oyo money", "date": "23 Jan 2023", "rating": {"bg_color": "#ff4742", "title": "1"}}, {"user_name": "Ajinkya", "user_image": "usr.image", "review_text": "World 3 class service\nExtra charge\nVery bad\nLifes worst experience", "date": "12 Jan 2023", "rating": {"bg_color": "#ff4742", "title": "1"}}, {"user_name": "Mohan", "user_image": "usr.image", "review_text": "When booking it showed as 500rs and hotel owner charged 1000 rs. This is not expected behaviour.\nRoom should be kept cleanly", "date": "12 Jan 2023", "rating": {"bg_color": "#ff4742", "title": "1"}}, {"user_name": "XXX XXX", "user_image": "usr.image", "review_text": "They were asking extra amount other than the booking amount and the facilities are worest no water ni table nothing very worest experience. Not recommended this hotel for anyone.", "date": "08 Jan 2023", "rating": {"bg_color": "#ff4742", "title": "1"}}, {"user_name": "Naveen", "user_image": "usr.image", "review_text": "Charged extra, network to call OYO was bad. It looked like a collective mafia", "date": "28 Dec 2022", "rating": {"bg_color": "#ff4742", "title": "1"}}, {"user_name": "Sangita Barman", "user_image": "usr.image", "review_text": "Rooms were very very dirty and washroom was used by last person and not even clean. No mirror in the room. Asked for 200 extra apart from booking amount. Never ever book through any app in banglore as they always charge extra when you reach hotel", "date": "21 Dec 2022", "rating": {"bg_color": "#ff4742", "title": "1"}}, {"user_name": "Bhargav Kudala", "user_image": "usr.image", "review_text": "Bad", "date": "20 Dec 2022", "rating": {"bg_color": "#ff4742", "title": "1"}}, {"user_name": "Sangeeth", "user_image": "usr.image", "review_text": "Everything bad", "date": "17 Dec 2022", "rating": {"bg_color": "#ff4742", "title": "1"}, "user_image_feedback_list": [{"image_name": "20221216_1448479470fb35-860c-4c3e-99e6-45b4349de93f.jpg", "image_url": "https://images.oyoroomscdn.com/ugc-feedback-uploads/20221216_1448479470fb35-860c-4c3e-99e6-45b4349de93f.jpg", "type": "jpg", "uploaded_at": "2022-12-17", "image_id": "156164"}, {"image_name": "20221216_1448552288b385-ca59-4875-8951-e2f8a1607ebf.jpg", "image_url": "https://images.oyoroomscdn.com/ugc-feedback-uploads/20221216_1448552288b385-ca59-4875-8951-e2f8a1607ebf.jpg", "type": "jpg", "uploaded_at": "2022-12-17", "image_id": "156166"}, {"image_name": "20221216_1449137b2df9d1-4ffa-4dd2-9b9c-47e3a6be7f42.jpg", "image_url": "https://images.oyoroomscdn.com/ugc-feedback-uploads/20221216_1449137b2df9d1-4ffa-4dd2-9b9c-47e3a6be7f42.jpg", "type": "jpg", "uploaded_at": "2022-12-17", "image_id": "156165"}]}, {"user_name": "Prathap L", "user_image": "usr.image", "review_text": "If we book via Oyo they ask extra money else asking to reach Oyo to shift to other nearby hotels.. i ended up paying extra.. the room was not good as well.. Complete waste of Money..", "date": "10 Dec 2022", "rating": {"bg_color": "#ff4742", "title": "1"}}, {"user_name": "DevarajV", "user_image": "usr.image", "review_text": "Very bad condition", "date": "08 Dec 2022", "rating": {"bg_color": "#ff4742", "title": "1"}}, {"user_name": "Vishwajeet Naik", "user_image": "usr.image", "review_text": "Worst room ever.. Very disgusting and they charged extra 200rs and room was very dirty.", "date": "03 Dec 2022", "rating": {"bg_color": "#ff4742", "title": "1"}}, {"user_name": "Jai", "user_image": "usr.image", "review_text": "Check in time they are asking extra amount", "date": "03 Dec 2022", "rating": {"bg_color": "#ff4742", "title": "1"}}, {"user_name": "Aflah", "user_image": "usr.image", "review_text": "Very bad rooms no ac buying extra money", "date": "29 Nov 2022", "rating": {"bg_color": "#ff4742", "title": "1"}}, {"user_name": "SAYED ANAS", "user_image": "usr.image", "review_text": "The receiption guy is very rude ... I have booked for next day also he asked me to cancel the booking and asking Rs1000 for one day. This is my worst experience in Oyo.its not recommended at all.", "date": "29 Nov 2022", "rating": {"bg_color": "#ff4742", "title": "1"}}, {"user_name": "Kurian Vsunny", "user_image": "usr.image", "review_text": "Very bad experience", "date": "16 Nov 2022", "rating": {"bg_color": "#ff4742", "title": "1"}}, {"user_name": "Aflah", "user_image": "usr.image", "review_text": "Not bad", "date": "15 Nov 2022", "rating": {"bg_color": "#ff4742", "title": "1"}}, {"user_name": "Prineet Rajan", "user_image": "usr.image", "review_text": "Stained bedsheets, unclean room mostly, no amenities  provided. I had to check 3 rooms at least which have a clean bedsheet.", "date": "15 Nov 2022", "rating": {"bg_color": "#ff4742", "title": "1"}}, {"user_name": "Gokul", "user_image": "usr.image", "review_text": "No good response\nUgly rooms \nRestroom are not clean", "date": "11 Nov 2022", "rating": {"bg_color": "#ff4742", "title": "1"}}, {"user_name": "pradeep", "user_image": "usr.image", "review_text": "Poor quality sheets and sevice", "date": "07 Nov 2022", "rating": {"bg_color": "#ff4742", "title": "1"}}, {"user_name": "A Tarun", "user_image": "usr.image", "review_text": "That manager fellow demanded extra money than what is mentioned in the app! and he refused to give a room if I don't pay that money.", "date": "04 Nov 2022", "rating": {"bg_color": "#ff4742", "title": "1"}}, {"user_name": "Aflah", "user_image": "usr.image", "review_text": "I booked ac room on oyo but they given me without ac reason they said because of booking inoyo with low price", "date": "27 Oct 2022", "rating": {"bg_color": "#ff4742", "title": "1"}}, {"user_name": "Nishchay Edmund", "user_image": "usr.image", "review_text": "The receptionist asked about the amount I paid for the room. The washroom wasn't clean and the room lacked basic hygiene. He charged 200 extra because the sheet got dirty due to the period blood.", "date": "10 Oct 2022", "rating": {"bg_color": "#ff4742", "title": "1"}}, {"user_name": "Dolly", "user_image": "usr.image", "review_text": "Firstly I have booked in another hotel in that hotel manager Denied check in, after i called customer care and they, moved booking to other Hotel this one which I'm giving Rating of 1, located in GS Palya. In that Manager Argued with me to pay extra 150 or else we can't give any room, and he said u can again call customer care and change hotel again, it will take more than 30 minutes time so i paid and checked in and i have proff that I have paid extra by phone pay", "date": "07 Oct 2022", "rating": {"bg_color": "#ff4742", "title": "1"}}, {"user_name": "Sonali Prasad", "user_image": "usr.image", "review_text": "Pathetic service provided by the hotel management. Very disappointed. Blankets, towels pillows all had food stains. Moreover at the time of checkout, they blamed us for spoiling. Unnecessary delay by the staff. AC not working. \n\nNot at all happy with the OYO service.", "date": "06 Oct 2022", "rating": {"bg_color": "#ff4742", "title": "1"}}, {"user_name": "Aravind KumarArukala", "user_image": "usr.image", "review_text": "Hotel not well maintained", "date": "28 Sep 2022", "rating": {"bg_color": "#ff4742", "title": "1"}}, {"user_name": "Akshay Kumar", "user_image": "usr.image", "review_text": "no ac, no TV ,worst room, no wifi,bathroom was verrrrrrrrrrry worst i dint even touch anything in bathroom and he even charged extra for the room. these oyo people will give offers but they will not accept that money they will ask extra money after going thete", "date": "28 Sep 2022", "rating": {"bg_color": "#ff4742", "title": "1"}}, {"user_name": "Niyas Parvathy", "user_image": "usr.image", "review_text": "Worst room \nAC not working\nWater heater not working\nRoom full dirty and bathroom full leak\nWater coming inside bedroom and smell", "date": "25 Sep 2022", "rating": {"bg_color": "#ff4742", "title": "1"}}, {"user_name": "Muhsin", "user_image": "usr.image", "review_text": "reduced to give room at oyo price", "date": "24 Sep 2022", "rating": {"bg_color": "#ff4742", "title": "1"}}, {"user_name": "Sathish T", "user_image": "usr.image", "review_text": "Worst exp ever. huge bad smell in the room and power cut and broken bathroom doors. Horrible exp.", "date": "16 Sep 2022", "rating": {"bg_color": "#ff4742", "title": "1"}}, {"user_name": "Suhag Patle", "user_image": "usr.image", "review_text": "Very annoying and frustrating experience with Oyo and with this property. My whole money is wasted and I received lots of problems. I never refer my friend and family for next time for the Oyo. YOU GUYS NVER RESPECT YOUR CUSTOMERS. I HATE OYO", "date": "15 Sep 2022", "rating": {"bg_color": "#ff4742", "title": "1"}}, {"user_name": "Naveen", "user_image": "usr.image", "review_text": "Worst experience, after booking that hotel they are saying we are not give you room because you book from oyo........", "date": "12 Sep 2022", "rating": {"bg_color": "#ff4742", "title": "1"}}, {"user_name": "Bharath", "user_image": "usr.image", "review_text": "I used Oyo so many times but never experienced like this there are no cleanliness no hot water rooms are small and stinky dusty no oyo essentials provided", "date": "10 Sep 2022", "rating": {"bg_color": "#ff4742", "title": "1"}}, {"user_name": "Gokul Das", "user_image": "usr.image", "review_text": "Very worst maintenance", "date": "08 Sep 2022", "rating": {"bg_color": "#ff4742", "title": "1"}}, {"user_name": "Panchi Nishad", "user_image": "usr.image", "review_text": "Worst experience ever I had the mangar was very abusing me and my boyfriend and also was asking high price more than what the Oyo aap was showing and was not ready to give the room and made us to wait for more than 2 hours at night is such a pathetic and rude behaviour he was having and even the room was not clean and no proper service available so that we just checked out with in a day", "date": "05 Sep 2022", "rating": {"bg_color": "#ff4742", "title": "1"}}, {"user_name": "Debojyoti Chakraborty", "user_image": "usr.image", "review_text": "Very bad experience. Poor room and not good for staying", "date": "02 Sep 2022", "rating": {"bg_color": "#ff4742", "title": "1"}}, {"user_name": "seeju p", "user_image": "usr.image", "review_text": "Hotel person not willing to give rooms for online booked person&#39;sNothing like very bad experience with this property.Hotel staff said no rooms available and no booking was there", "date": "26 Aug 2022", "rating": {"bg_color": "#ff4742", "title": "1"}}, {"user_name": "naz K", "user_image": "usr.image", "review_text": "The hotel room was not maintained properly. Unhygienic and smelly", "date": "15 Aug 2022", "rating": {"bg_color": "#ff4742", "title": "1"}}, {"user_name": "Adyasha", "user_image": "usr.image", "review_text": "The property manager is rude and manner less.\nI had to pay 2 times . One through the app and again to the person directly . Very bad maintained room and lot of disturbance created.", "date": "15 Aug 2022", "rating": {"bg_color": "#ff4742", "title": "1"}}, {"user_name": "Sudhir Hulawale", "user_image": "usr.image", "review_text": "There was water problem upto 11Am, Not providing soup, shampoo, toothpaste etc", "date": "07 Aug 2022", "rating": {"bg_color": "#ff4742", "title": "1"}}]}}]