[{"data": {"title": "151 Verified Reviews", "rating_data": {"title": "3.5", "bg_color": "#b4da55", "tag": "Good", "subtitle": "760 ratings on verified stays by guests"}, "sort_options": [{"type": "date-high", "title": "Recent reviews"}, {"type": "rating-high", "title": "High to low ratings"}, {"type": "rating-low", "title": "Low to high ratings"}], "is_last": false, "next_offset": 101, "reviews": [{"user_name": "prithvi", "user_image": "usr.image", "review_text": "Fantastic service thy provided", "date": "29 Apr 2023", "rating": {"bg_color": "#346000", "title": "5"}}, {"user_name": "Prem", "user_image": "usr.image", "review_text": "Clean", "date": "21 Apr 2023", "rating": {"bg_color": "#346000", "title": "5"}}, {"user_name": "Ramesh", "user_image": "usr.image", "review_text": "Location beautiful", "date": "18 Mar 2023", "rating": {"bg_color": "#346000", "title": "5"}}, {"user_name": "Joe", "user_image": "usr.image", "review_text": "Excellent service, good staff support, room were cleaned very well maintained I would like to visit again here.", "date": "11 Mar 2023", "rating": {"bg_color": "#346000", "title": "5"}}, {"user_name": "Pradyumn Kumar", "user_image": "usr.image", "review_text": "It is a nice experience fir me in oyo .", "date": "25 Feb 2023", "rating": {"bg_color": "#346000", "title": "5"}}, {"user_name": "Nupur", "user_image": "usr.image", "review_text": "The stay was excellent. I liked the room and the washroom also the room was very clean. The view was good", "date": "08 Feb 2023", "rating": {"bg_color": "#346000", "title": "5"}}, {"user_name": "Anooj", "user_image": "usr.image", "review_text": "Good", "date": "31 Jan 2023", "rating": {"bg_color": "#346000", "title": "5"}}, {"user_name": "Ankeeta Behera", "user_image": "usr.image", "review_text": "The experience was great", "date": "30 Jan 2023", "rating": {"bg_color": "#346000", "title": "5"}}, {"user_name": "Rakesh", "user_image": "usr.image", "review_text": "Very good place. Ac is working well. Room should be more cleaned. Restroom is good. Receptionist charges more once you go there.", "date": "21 Jan 2023", "rating": {"bg_color": "#346000", "title": "5"}, "user_image_feedback_list": [{"image_name": "7BC423B6-E3CE-47CD-AB16-E229D5D63950f429d2a5-8d66-4c30-a250-634afb0a1dc3.jpeg", "image_url": "https://images.oyoroomscdn.com/ugc-feedback-uploads/7BC423B6-E3CE-47CD-AB16-E229D5D63950f429d2a5-8d66-4c30-a250-634afb0a1dc3.jpeg", "type": "jpeg", "uploaded_at": "2023-01-21", "image_id": "169868"}]}, {"user_name": "Rajesh Soni", "user_image": "usr.image", "review_text": "Location is good near Bagmane park.Bathroom was not clean , Handshower, Toilet , bathroom walls, need to clean , rndirty", "date": "26 Dec 2022", "rating": {"bg_color": "#346000", "title": "5"}}, {"user_name": "Harisha", "user_image": "usr.image", "review_text": "Good service", "date": "25 Dec 2022", "rating": {"bg_color": "#346000", "title": "5"}}, {"user_name": "Kumaresan", "user_image": "usr.image", "review_text": "One of the best stay ever. The receptionist was very polite, friendly. The room was very comfortable and cool.", "date": "22 Dec 2022", "rating": {"bg_color": "#346000", "title": "5"}}, {"user_name": "sai ganesh", "user_image": "usr.image", "review_text": "Good approach by staffs", "date": "14 Dec 2022", "rating": {"bg_color": "#346000", "title": "5"}}, {"user_name": "Abishek Abi", "user_image": "usr.image", "review_text": "Awesome hotel", "date": "10 Dec 2022", "rating": {"bg_color": "#346000", "title": "5"}}, {"user_name": "sridhar reddy", "user_image": "usr.image", "review_text": "Reasonable price and good service \ud83d\udc4d", "date": "19 Nov 2022", "rating": {"bg_color": "#346000", "title": "5"}}, {"user_name": "M. SrinathReddy", "user_image": "usr.image", "review_text": "Good", "date": "02 Nov 2022", "rating": {"bg_color": "#346000", "title": "5"}}, {"user_name": "Dara Mahesh", "user_image": "usr.image", "review_text": "Good experience", "date": "01 Nov 2022", "rating": {"bg_color": "#346000", "title": "5"}}, {"user_name": "Apoorve singh", "user_image": "usr.image", "review_text": "First of all the room is very good and clean and the staff if also very gentle and kind . This is all you want", "date": "27 Oct 2022", "rating": {"bg_color": "#346000", "title": "5"}}, {"user_name": "Rohit Renne Varghese", "user_image": "usr.image", "review_text": "Room was good, reception was very good", "date": "12 Sep 2022", "rating": {"bg_color": "#346000", "title": "5"}}, {"user_name": "Manjunathreddy", "user_image": "usr.image", "review_text": "I have been to this hotel several times and am very much satisfied \nGood for couples", "date": "15 Aug 2022", "rating": {"bg_color": "#346000", "title": "5"}}, {"user_name": "Yogesh TG", "user_image": "usr.image", "review_text": "Good", "date": "17 Mar 2023", "rating": {"bg_color": "#58ac00", "title": "4"}}, {"user_name": "Suraj Indh", "user_image": "usr.image", "review_text": "Hotel was good condition & staff also good they all are frankly & it's all are freedom means all are good \ud83d\udc4d there for i am giving 4 \u2b50\u2b50\u2b50 \u2b50", "date": "10 Mar 2023", "rating": {"bg_color": "#58ac00", "title": "4"}}, {"user_name": "Abdul Rahman", "user_image": "usr.image", "review_text": "The hotel is very nicely maintained and the staff are friendly. The location was apt,. While they can improve on value add services like providing a bottle of water. Overall i had a nice stay and am looking forward to visit again.", "date": "22 Feb 2023", "rating": {"bg_color": "#58ac00", "title": "4"}}, {"user_name": "Yuvraj", "user_image": "usr.image", "review_text": "They charged extra money , or else they were not allowing us to get in even after when we made to speak with him customer care", "date": "17 Jan 2023", "rating": {"bg_color": "#58ac00", "title": "4"}}, {"user_name": "Ashutosh Kumar", "user_image": "usr.image", "review_text": "TV was not working but everything else was good", "date": "30 Dec 2022", "rating": {"bg_color": "#58ac00", "title": "4"}}, {"user_name": "deepak", "user_image": "usr.image", "review_text": "made our stay even more special with constant support!\nroom cleanliness was good enough, but could have been better", "date": "19 Dec 2022", "rating": {"bg_color": "#58ac00", "title": "4"}}, {"user_name": "V Srinivasa Raju Mudunuri", "user_image": "usr.image", "review_text": "Good ambience and polite behaviour", "date": "14 Dec 2022", "rating": {"bg_color": "#58ac00", "title": "4"}}, {"user_name": "Anand", "user_image": "usr.image", "review_text": "The location was perfect for me", "date": "10 Dec 2022", "rating": {"bg_color": "#58ac00", "title": "4"}}, {"user_name": "Harisha", "user_image": "usr.image", "review_text": "Good", "date": "18 Nov 2022", "rating": {"bg_color": "#58ac00", "title": "4"}}, {"user_name": "Shankar Karli", "user_image": "usr.image", "review_text": "Nor surved free break fast they asking money for breakfast.", "date": "13 Nov 2022", "rating": {"bg_color": "#58ac00", "title": "4"}}, {"user_name": "Ibrahim Basha", "user_image": "usr.image", "review_text": "Location and friendly staff.Bathroom cleanliness", "date": "10 Nov 2022", "rating": {"bg_color": "#58ac00", "title": "4"}}, {"user_name": "Bhabna Panigrahy", "user_image": "usr.image", "review_text": "Good staffs", "date": "02 Nov 2022", "rating": {"bg_color": "#58ac00", "title": "4"}}, {"user_name": "Elangovan", "user_image": "usr.image", "review_text": "Good and better comfortable \u2764\ufe0f", "date": "24 Oct 2022", "rating": {"bg_color": "#58ac00", "title": "4"}}, {"user_name": "Anuradha Kundu", "user_image": "usr.image", "review_text": "I stay here for my business purpose that&#39;s why those problem are not very much matter for melocation wise this hotel is good, r.Room service not well, TV set is broken , disk connection is cut, we stay for 6 night but only one day room cleaning is done , cleaning staff not available at all time this premises.", "date": "22 Aug 2022", "rating": {"bg_color": "#58ac00", "title": "4"}}, {"user_name": "Arti", "user_image": "usr.image", "review_text": "Recently I had a very bad experience with oyo and customer care as well... But today that was cleared by an agent in a good manner .. I'm happy... Please ensure the customer care agents are well behaved in future. Keep up the good work...\ud83d\ude42", "date": "21 Aug 2022", "rating": {"bg_color": "#58ac00", "title": "4"}}, {"user_name": "shubham verma", "user_image": "usr.image", "review_text": "I recently stayed at the Hotel and it was an amazing experience. The room was spacious, clean, and beautifully decorated with all the amenities I needed. The staff was friendly and accommodating, and always available to assist with any requests. The location was perfect, right in the heart of the city and within walking distance to all the attractions. The hotel restaurant was also fantastic, serving delicious meals with excellent service. Overall, I had a wonderful stay at the Hotel  and would highly recommend it to anyone looking for a comfortable and enjoyable hotel experience.", "date": "16 Apr 2023", "rating": {"bg_color": "#8fc402", "title": "3"}, "user_image_feedback_list": [{"image_name": "IMG-20230416-WA0022ddff9c54-b4b3-4799-9df5-d4fbe165c41d.jpeg", "image_url": "https://images.oyoroomscdn.com/ugc-feedback-uploads/IMG-20230416-WA0022ddff9c54-b4b3-4799-9df5-d4fbe165c41d.jpeg", "type": "jpeg", "uploaded_at": "2023-04-16", "image_id": "194989"}]}, {"user_name": "ashutosh", "user_image": "usr.image", "review_text": "It's was not Hygienic but ac was working fine and recipient behavior was not good. They taken extra charges.", "date": "01 Apr 2023", "rating": {"bg_color": "#8fc402", "title": "3"}}, {"user_name": "Antony Lobo", "user_image": "usr.image", "review_text": "Hotel was okok. Not very good. Was average and Owner collected extra 400Rs from us for booking. Disappointed us.", "date": "31 Mar 2023", "rating": {"bg_color": "#8fc402", "title": "3"}}, {"user_name": "Sujith KumarM", "user_image": "usr.image", "review_text": "When check-in Hotel asked for more money than mentioned in Oyo. Rooms are okay, toilet were not neat. No restaurants nearby, so even ordering through online might cost you more. Staffs are friendly.", "date": "28 Mar 2023", "rating": {"bg_color": "#8fc402", "title": "3"}}, {"user_name": "kiran", "user_image": "usr.image", "review_text": "Ok", "date": "13 Feb 2023", "rating": {"bg_color": "#8fc402", "title": "3"}}, {"user_name": "Karthi", "user_image": "usr.image", "review_text": "Hotel is not that much clean and need maintenance. Especially wash room is very dirty. No mat also. \nApart from this, very disappointed with the cost. I have booked for some x amount. But they have charged more than that as extra amount. When I asked for the reason, they said that it is very less amount. My question is, then why they agreed with OYO for booking. Very disappointed with OYO service.", "date": "05 Feb 2023", "rating": {"bg_color": "#8fc402", "title": "3"}}, {"user_name": "XXX XXX", "user_image": "usr.image", "review_text": "The location is great, just 100 meters from Outer Ring Road. Makes best for short stay or breaks during long-distance travels.", "date": "14 Jan 2023", "rating": {"bg_color": "#8fc402", "title": "3"}}, {"user_name": "Kumar", "user_image": "usr.image", "review_text": "Nice of room and hot water and thear people r very clean", "date": "31 Dec 2022", "rating": {"bg_color": "#8fc402", "title": "3"}}, {"user_name": "SatishDeshmukh", "user_image": "usr.image", "review_text": "Room size is too short to handle", "date": "29 Dec 2022", "rating": {"bg_color": "#8fc402", "title": "3"}}, {"user_name": "dilshad", "user_image": "usr.image", "review_text": "Nice hotel and good staf , parking", "date": "23 Dec 2022", "rating": {"bg_color": "#8fc402", "title": "3"}}, {"user_name": "Sharath Padmashri", "user_image": "usr.image", "review_text": "The staff is friendly but the rooms are tiny and the washroom is not really comfortable to use , overall the location is okay", "date": "20 Dec 2022", "rating": {"bg_color": "#8fc402", "title": "3"}}, {"user_name": "Shashikiran", "user_image": "usr.image", "review_text": "Ok ok", "date": "19 Dec 2022", "rating": {"bg_color": "#8fc402", "title": "3"}}, {"user_name": "Bittu", "user_image": "usr.image", "review_text": "Washroom were stinking and no remote provided for ac and tv. No proper parking available and no water bottle also provided", "date": "02 Dec 2022", "rating": {"bg_color": "#8fc402", "title": "3"}}, {"user_name": "Shubham Verma", "user_image": "usr.image", "review_text": "Room very small nBathroom very smelly nEven room was smelling bad nWifi not working nTV not working", "date": "24 Nov 2022", "rating": {"bg_color": "#8fc402", "title": "3"}}, {"user_name": "Anveeksh", "user_image": "usr.image", "review_text": "Good but not satisfied", "date": "02 Nov 2022", "rating": {"bg_color": "#8fc402", "title": "3"}}, {"user_name": "Suhail", "user_image": "usr.image", "review_text": "The place was so nice, it was very close to a shopping mall and there were lot of restaurants nearby", "date": "27 Oct 2022", "rating": {"bg_color": "#8fc402", "title": "3"}}, {"user_name": "Vikas Chauhan", "user_image": "usr.image", "review_text": "Location was good but rooms also Good but the freshness of room was avarage.", "date": "11 Sep 2022", "rating": {"bg_color": "#8fc402", "title": "3"}}, {"user_name": "nagaraj", "user_image": "usr.image", "review_text": "Not so clean, no drinking water unless you ask. No tv . And they ask more money than actual in Oyo application", "date": "11 Apr 2023", "rating": {"bg_color": "#feba00", "title": "2"}}, {"user_name": "Shreya Pandey", "user_image": "usr.image", "review_text": "The hotel made us pay extra amount beside the one made online as they have some fixed amount for entry. The room wasn't clean,  dirty bathroom, no ac, very congested. And rainwater came in the room through window sill", "date": "07 Apr 2023", "rating": {"bg_color": "#feba00", "title": "2"}}, {"user_name": "Vishal Kumar", "user_image": "usr.image", "review_text": "No ac was working. whatever they mentioned there, nothing is working. Even they didn't give towel and all.", "date": "21 Mar 2023", "rating": {"bg_color": "#feba00", "title": "2"}}, {"user_name": "Mahesh Raghav", "user_image": "usr.image", "review_text": "Washrooms Not good , Management is not accepting the price on Oyo basis and asking additional money", "date": "20 Feb 2023", "rating": {"bg_color": "#feba00", "title": "2"}}, {"user_name": "Pushkal Vashistha", "user_image": "usr.image", "review_text": "They charged me INR 400 extra and I booked suite room but they provided me classic one need to get this resolved ASAP", "date": "15 Feb 2023", "rating": {"bg_color": "#feba00", "title": "2"}}, {"user_name": "himanshu yadav", "user_image": "usr.image", "review_text": "Hotel staff is not good I have booked the hotel from the oyo app and also paid in advance for booking bug after reaching the hotel the reception  boy  was saying that there is no room vacant. And then they provide one room but taken 400\u20b9 extra.", "date": "12 Feb 2023", "rating": {"bg_color": "#feba00", "title": "2"}}, {"user_name": "Somashekhar Naik", "user_image": "usr.image", "review_text": "Congested rooms and they will charge you extra", "date": "11 Feb 2023", "rating": {"bg_color": "#feba00", "title": "2"}}, {"user_name": "Aniket Mishra", "user_image": "usr.image", "review_text": "Dingy rooms, dirty bathroom. Even the tables were dusty.", "date": "01 Feb 2023", "rating": {"bg_color": "#feba00", "title": "2"}}, {"user_name": "Giridhar V.V.", "user_image": "usr.image", "review_text": "Rooms don't have intercom to speak with receptionist, no TV, AC not working, bathroom flush not working, room have cockroaches, linen was not clean", "date": "17 Jan 2023", "rating": {"bg_color": "#feba00", "title": "2"}}, {"user_name": "Nagabhushan", "user_image": "usr.image", "review_text": "Very bad service  rooms and toilet not clean.... Warste hotel don't visit", "date": "13 Jan 2023", "rating": {"bg_color": "#feba00", "title": "2"}}, {"user_name": "Dheeraj", "user_image": "usr.image", "review_text": "Room was bad,wall fan is also not working properly ,  AC was on but no air is coimg from that , bad smell from bathrooms", "date": "22 Dec 2022", "rating": {"bg_color": "#feba00", "title": "2"}}, {"user_name": "Hisham", "user_image": "usr.image", "review_text": "Rooms are not clean.", "date": "01 Nov 2022", "rating": {"bg_color": "#feba00", "title": "2"}}, {"user_name": "mariya abhilash", "user_image": "usr.image", "review_text": "No water no towels no TV recharge 0 in that oyo", "date": "08 Sep 2022", "rating": {"bg_color": "#feba00", "title": "2"}}, {"user_name": "abhijeet", "user_image": "usr.image", "review_text": "Hotel is not good for family purpose, okay for enjoying couple. Hotel team not good", "date": "09 Aug 2022", "rating": {"bg_color": "#feba00", "title": "2"}}, {"user_name": "Raghav Saxena", "user_image": "usr.image", "review_text": "It wasn't good , room was small", "date": "10 Jul 2022", "rating": {"bg_color": "#feba00", "title": "2"}}, {"user_name": "YogeshSingh", "user_image": "usr.image", "date": "25 May 2023", "rating": {"bg_color": "#ff4742", "title": "1"}, "user_image_feedback_list": [{"image_name": "IMG_29690c0c9ace-20fb-4de5-8320-8abbc37c4813.jpeg", "image_url": "https://images.oyoroomscdn.com/ugc-feedback-uploads/IMG_29690c0c9ace-20fb-4de5-8320-8abbc37c4813.jpeg", "type": "jpeg", "uploaded_at": "2023-05-25", "image_id": "205726"}, {"image_name": "IMG_296547cffea2-0502-46f0-b4df-a33216dccdb4.jpeg", "image_url": "https://images.oyoroomscdn.com/ugc-feedback-uploads/IMG_296547cffea2-0502-46f0-b4df-a33216dccdb4.jpeg", "type": "jpeg", "uploaded_at": "2023-05-25", "image_id": "205725"}]}, {"user_name": "SHYAM NARAYAN", "user_image": "usr.image", "date": "02 May 2023", "rating": {"bg_color": "#ff4742", "title": "1"}, "user_image_feedback_list": [{"image_name": "IMG_20230306_063821_749_16d1b98fb-06f5-4a5f-8b75-8b9e05166bc8.jpg", "image_url": "https://images.oyoroomscdn.com/ugc-feedback-uploads/IMG_20230306_063821_749_16d1b98fb-06f5-4a5f-8b75-8b9e05166bc8.jpg", "type": "jpg", "uploaded_at": "2023-05-02", "image_id": "199298"}]}, {"user_name": "XXX XXX", "user_image": "usr.image", "review_text": "I will never going to use Oyo for booking hotels and tell my circle as well. The reason is instead of booking hotel management charged double of the price shown in Oyo app and no Oyo support person picked the call. Room was too dirty to stay.", "date": "24 Apr 2023", "rating": {"bg_color": "#ff4742", "title": "1"}}, {"user_name": "Jevin Jimmy", "user_image": "usr.image", "review_text": "When i opened the room it was full of small cockroaches and big ones everywhere. Even on the bed. Later i went and complained about the service, they gave me another room. There was no difference. Even the bathroom was stinking. And everywhere cockroaches. Not even cleaned and and worst service ever.", "date": "23 Apr 2023", "rating": {"bg_color": "#ff4742", "title": "1"}}, {"user_name": "prasanna Kumar", "user_image": "usr.image", "review_text": "Extra 500 is taken, staff behaviour is not good", "date": "22 Apr 2023", "rating": {"bg_color": "#ff4742", "title": "1"}}, {"user_name": "Sanket Revankar", "user_image": "usr.image", "review_text": "Very poorly maintained room, having bedbugs and cockroaches. AC and TV was not working. No refund even with such poor conditions.", "date": "19 Apr 2023", "rating": {"bg_color": "#ff4742", "title": "1"}, "user_image_feedback_list": [{"image_name": "IMG20230414183001bb2729ed-3484-4f7c-b720-debb3c156cb0.jpg", "image_url": "https://images.oyoroomscdn.com/ugc-feedback-uploads/IMG20230414183001bb2729ed-3484-4f7c-b720-debb3c156cb0.jpg", "type": "jpg", "uploaded_at": "2023-04-19", "image_id": "195817"}, {"image_name": "IMG_20230414_18185816f8aaf6-3747-429e-b60c-938af17d0015.jpg", "image_url": "https://images.oyoroomscdn.com/ugc-feedback-uploads/IMG_20230414_18185816f8aaf6-3747-429e-b60c-938af17d0015.jpg", "type": "jpg", "uploaded_at": "2023-04-19", "image_id": "195816"}, {"image_name": "IMG_20230414_181853e4e6b267-0153-4fca-b85e-bee252a50226.jpg", "image_url": "https://images.oyoroomscdn.com/ugc-feedback-uploads/IMG_20230414_181853e4e6b267-0153-4fca-b85e-bee252a50226.jpg", "type": "jpg", "uploaded_at": "2023-04-19", "image_id": "195815"}]}, {"user_name": "ARUN", "user_image": "usr.image", "review_text": "Ac not working and very unhygenic", "date": "12 Apr 2023", "rating": {"bg_color": "#ff4742", "title": "1"}}, {"user_name": "S P", "user_image": "usr.image", "review_text": "After paying money the hotel denied room said no rooms please refund my money. Location was very difficult hotel staff very unpleasant refund or have to go legal or to media", "date": "11 Apr 2023", "rating": {"bg_color": "#ff4742", "title": "1"}}, {"user_name": "Dave J", "user_image": "usr.image", "review_text": "The wash room was sticking like hell, ac and TV remote were not there, even fan was not working and the receptionist was spitting where he was working. Truly pathetic", "date": "09 Apr 2023", "rating": {"bg_color": "#ff4742", "title": "1"}}, {"user_name": "Kamlesh Ram", "user_image": "usr.image", "review_text": "The most disgusting and pathetic oyo room ever visited full of bugs and dust like a junk yard, got dust allergies. Had to check out early", "date": "08 Apr 2023", "rating": {"bg_color": "#ff4742", "title": "1"}}, {"user_name": "Ranjeet Singh", "user_image": "usr.image", "review_text": "Room was not maintained and it was very dirty no water in bathroom in morning and bathroom was also very dirty and commod was broken", "date": "07 Apr 2023", "rating": {"bg_color": "#ff4742", "title": "1"}}, {"user_name": "Ranjeet Singh", "user_image": "usr.image", "review_text": "room and bathroom was very dirty\u2026.a/c not working\nhas to pay extra money to hotel manager\u2026.because online payment maid for booking was less for him", "date": "06 Apr 2023", "rating": {"bg_color": "#ff4742", "title": "1"}}, {"user_name": "Naveen Pothala", "user_image": "usr.image", "review_text": "No AC working, no hot water and no TV working and very bad smell throughout the stay. They demanded for extra money otherwise no allowed for check-in. Overall it's a bad experience", "date": "05 Apr 2023", "rating": {"bg_color": "#ff4742", "title": "1"}}, {"user_name": "Videv", "user_image": "usr.image", "review_text": "First they denied stay. After call with Oyo.. and Oyo adding some extra cash they gave it. The room was filthy, AC not working, TV not working. No toiletries or cupboard with lock. The fan was a small wall mounted fan. The wash room was stinking and filthy. There were drops of blood on the bed covers. No tea , cofee, or kettle. No room service..Had to pay for drinking water. Nothing like what it was supposed to be.  It was like Avery poorly maintained PG, dressed up like a hotel.", "date": "02 Apr 2023", "rating": {"bg_color": "#ff4742", "title": "1"}, "user_image_feedback_list": [{"image_name": "IMG20230401132901d9ffed65-2d90-4b79-a1aa-78f8a8f47009.jpg", "image_url": "https://images.oyoroomscdn.com/ugc-feedback-uploads/IMG20230401132901d9ffed65-2d90-4b79-a1aa-78f8a8f47009.jpg", "type": "jpg", "uploaded_at": "2023-04-02", "image_id": "190869"}, {"image_name": "IMG202303301920120d7f2cfc-9550-4394-bccd-f171aadee887.jpg", "image_url": "https://images.oyoroomscdn.com/ugc-feedback-uploads/IMG202303301920120d7f2cfc-9550-4394-bccd-f171aadee887.jpg", "type": "jpg", "uploaded_at": "2023-04-02", "image_id": "190868"}, {"image_name": "IMG20230330192003ec953053-f53b-43d6-88f2-f4421e5d045d.jpg", "image_url": "https://images.oyoroomscdn.com/ugc-feedback-uploads/IMG20230330192003ec953053-f53b-43d6-88f2-f4421e5d045d.jpg", "type": "jpg", "uploaded_at": "2023-04-02", "image_id": "190867"}, {"image_name": "IMG202303301919584351f708-6017-4d88-91af-9addbcbec23c.jpg", "image_url": "https://images.oyoroomscdn.com/ugc-feedback-uploads/IMG202303301919584351f708-6017-4d88-91af-9addbcbec23c.jpg", "type": "jpg", "uploaded_at": "2023-04-02", "image_id": "190866"}, {"image_name": "IMG202304011328568b984a47-0b1c-453e-9797-8460d67fa954.jpg", "image_url": "https://images.oyoroomscdn.com/ugc-feedback-uploads/IMG202304011328568b984a47-0b1c-453e-9797-8460d67fa954.jpg", "type": "jpg", "uploaded_at": "2023-04-02", "image_id": "190865"}, {"image_name": "IMG2023033019202047842c0c-99af-46be-8b0e-cd165a1790a3.jpg", "image_url": "https://images.oyoroomscdn.com/ugc-feedback-uploads/IMG2023033019202047842c0c-99af-46be-8b0e-cd165a1790a3.jpg", "type": "jpg", "uploaded_at": "2023-04-02", "image_id": "190864"}, {"image_name": "IMG20230330192028e0e4f379-2d78-40d3-8fc6-c9365ca951cc.jpg", "image_url": "https://images.oyoroomscdn.com/ugc-feedback-uploads/IMG20230330192028e0e4f379-2d78-40d3-8fc6-c9365ca951cc.jpg", "type": "jpg", "uploaded_at": "2023-04-02", "image_id": "190863"}]}, {"user_name": "Raghava", "user_image": "usr.image", "review_text": "They are chargeing much showing price is different", "date": "01 Apr 2023", "rating": {"bg_color": "#ff4742", "title": "1"}}, {"user_name": "raj verma", "user_image": "usr.image", "date": "22 Mar 2023", "rating": {"bg_color": "#ff4742", "title": "1"}, "user_image_feedback_list": [{"image_name": "IMG_20230322_095531_417000f9c9d-d415-4c28-bb00-fab4a4fa3f31.jpg", "image_url": "https://images.oyoroomscdn.com/ugc-feedback-uploads/IMG_20230322_095531_417000f9c9d-d415-4c28-bb00-fab4a4fa3f31.jpg", "type": "jpg", "uploaded_at": "2023-03-22", "image_id": "187631"}, {"image_name": "IMG_20230322_095543_14955f21f1f-9842-40ee-a554-b87fcc2dbef6.jpg", "image_url": "https://images.oyoroomscdn.com/ugc-feedback-uploads/IMG_20230322_095543_14955f21f1f-9842-40ee-a554-b87fcc2dbef6.jpg", "type": "jpg", "uploaded_at": "2023-03-22", "image_id": "187630"}, {"image_name": "IMG_20230322_095515_562f1be8d55-7735-4e5c-a42c-2541145704f7.jpg", "image_url": "https://images.oyoroomscdn.com/ugc-feedback-uploads/IMG_20230322_095515_562f1be8d55-7735-4e5c-a42c-2541145704f7.jpg", "type": "jpg", "uploaded_at": "2023-03-22", "image_id": "187629"}, {"image_name": "IMG_20230322_095521_044471d6785-7c00-482a-85f7-eb6cf85a001e.jpg", "image_url": "https://images.oyoroomscdn.com/ugc-feedback-uploads/IMG_20230322_095521_044471d6785-7c00-482a-85f7-eb6cf85a001e.jpg", "type": "jpg", "uploaded_at": "2023-03-22", "image_id": "187628"}]}, {"user_name": "Anand", "user_image": "usr.image", "review_text": "Denied booking", "date": "20 Mar 2023", "rating": {"bg_color": "#ff4742", "title": "1"}}, {"user_name": "Sandeep Sricharan", "user_image": "usr.image", "review_text": "Nothing.Rude staff. Worst ambience. Worst facilities.", "date": "19 Mar 2023", "rating": {"bg_color": "#ff4742", "title": "1"}}, {"user_name": "Vishnu Raja", "user_image": "usr.image", "review_text": "Owner told they have not received pay as it was booked online", "date": "17 Mar 2023", "rating": {"bg_color": "#ff4742", "title": "1"}}, {"user_name": "Himanshu", "user_image": "usr.image", "review_text": "AC is not working,Room are not clean and lots of stain in bedsheet and pillow cover,Lots od mosquitoes there and Asking for Extra money after booking by OYO.No staff is there for cleaning the room.Room service is  not available.So,I suggest don\u2019t book this hotel.If u booked,you will regret definately.", "date": "16 Mar 2023", "rating": {"bg_color": "#ff4742", "title": "1"}}, {"user_name": "Madan Gopal", "user_image": "usr.image", "review_text": "i have no words to say just pathetic, i booked the hotel and paid but they asked extra 1000/- with no reason.", "date": "13 Mar 2023", "rating": {"bg_color": "#ff4742", "title": "1"}}, {"user_name": "Jubin Lalu", "user_image": "usr.image", "review_text": "As we reached the hotel the guy at the reception said there was no room and kept arguing about the fact that we have the wrong booking. when We said we would report this that\u00e2\u0080\u0099s when he said let him check if any rooms are available and then he can alot. after Checking for a min he said rooms were available and only after that we got our rooms. this one of the worst hotel and staff ever. Pls do not book rooms here.", "date": "12 Mar 2023", "rating": {"bg_color": "#ff4742", "title": "1"}}, {"user_name": "Atul Srivastava", "user_image": "usr.image", "review_text": "The washroom was very dirty and even after asking them to clean they did not clean it. Also i had already paid full booking amount but he was asking for more money which was ridiculous.", "date": "07 Mar 2023", "rating": {"bg_color": "#ff4742", "title": "1"}}, {"user_name": "afrid", "user_image": "usr.image", "review_text": "They took extra 300 saying oyo dont give us money ..we went in there at midnight and we are in helpless situation and can\u2019t fo anything", "date": "06 Mar 2023", "rating": {"bg_color": "#ff4742", "title": "1"}}, {"user_name": "Akshay", "user_image": "usr.image", "review_text": "Worst experience, room is not at all per the pics shown in the app. Worst experience ever. Waste of money.", "date": "05 Mar 2023", "rating": {"bg_color": "#ff4742", "title": "1"}}, {"user_name": "Venki", "user_image": "usr.image", "review_text": "Heater not working properly. No clean", "date": "25 Feb 2023", "rating": {"bg_color": "#ff4742", "title": "1"}}, {"user_name": "Praveen Pathuri", "user_image": "usr.image", "review_text": "The stay was not good once reached the property they said they dint have tie up with make my trip and need to pay more, so paid extra money, later the room has no cleaning no minimum cleanliness and asked them to change room and for which they are not ready to do, not even tv or ac is working, half of the lights are not on only, washroom door is not getting locked, such a horrible experience overall it is. I only suggest don't recommend such hotels in your platform and get the name of make my trip down as the valuable customers loose faith and hope on the brand of make my trip and you may loose customers, so be wise in listing the properties accordingly", "date": "22 Feb 2023", "rating": {"bg_color": "#ff4742", "title": "1"}}, {"user_name": "mani rathnam", "user_image": "usr.image", "review_text": "They charged extra and rooms were dirty", "date": "18 Feb 2023", "rating": {"bg_color": "#ff4742", "title": "1"}}, {"user_name": "Tejasgowda KN", "user_image": "usr.image", "review_text": "I was see the first time of worst place", "date": "18 Feb 2023", "rating": {"bg_color": "#ff4742", "title": "1"}}, {"user_name": "Chandan", "user_image": "usr.image", "date": "17 Feb 2023", "rating": {"bg_color": "#ff4742", "title": "1"}, "user_image_feedback_list": [{"image_name": "IMG_20221228_2122048642e46ad83-916c-4e57-87ae-ca7d4cd3089a.jpg", "image_url": "https://images.oyoroomscdn.com/ugc-feedback-uploads/IMG_20221228_2122048642e46ad83-916c-4e57-87ae-ca7d4cd3089a.jpg", "type": "jpg", "uploaded_at": "2023-02-17", "image_id": "176951"}, {"image_name": "IMG_20221228_2121562435bd5aaa9-7817-4aa6-b0d6-e76099546d2b.jpg", "image_url": "https://images.oyoroomscdn.com/ugc-feedback-uploads/IMG_20221228_2121562435bd5aaa9-7817-4aa6-b0d6-e76099546d2b.jpg", "type": "jpg", "uploaded_at": "2023-02-17", "image_id": "176950"}, {"image_name": "IMG_20221228_212216475cfb59381-d9a2-40fb-a60d-914984499474.jpg", "image_url": "https://images.oyoroomscdn.com/ugc-feedback-uploads/IMG_20221228_212216475cfb59381-d9a2-40fb-a60d-914984499474.jpg", "type": "jpg", "uploaded_at": "2023-02-17", "image_id": "176948"}, {"image_name": "IMG_20221228_212151065ae4dd0a8-eecb-401b-a958-76d6acb76cc2.jpg", "image_url": "https://images.oyoroomscdn.com/ugc-feedback-uploads/IMG_20221228_212151065ae4dd0a8-eecb-401b-a958-76d6acb76cc2.jpg", "type": "jpg", "uploaded_at": "2023-02-17", "image_id": "176949"}]}, {"user_name": "Sathiyaraj u", "user_image": "usr.image", "review_text": "Worst Tv not working, restroom not clean,\n\nNo Food, Hotel owner asked don't book in OYO anymore, if u book I cannot give room anymore. Worst worst worst\n\nIn my life I will never book from Oyo again", "date": "11 Feb 2023", "rating": {"bg_color": "#ff4742", "title": "1"}}, {"user_name": "Manoj Prabhakaran", "user_image": "usr.image", "review_text": "Extra cash collected by hotel to confirm the check inn. The service is poor.", "date": "09 Feb 2023", "rating": {"bg_color": "#ff4742", "title": "1"}}, {"user_name": "Zaheer Hasan", "user_image": "usr.image", "review_text": "Worst hotel service.", "date": "07 Feb 2023", "rating": {"bg_color": "#ff4742", "title": "1"}}]}}, {"data": {"title": "151 Verified Reviews", "rating_data": {"title": "3.5", "bg_color": "#b4da55", "tag": "Good", "subtitle": "760 ratings on verified stays by guests"}, "sort_options": [{"type": "date-high", "title": "Recent reviews"}, {"type": "rating-high", "title": "High to low ratings"}, {"type": "rating-low", "title": "Low to high ratings"}], "is_last": true, "reviews": [{"user_name": "punith", "user_image": "usr.image", "review_text": "Forced to pay 700 extra at hotel and room is completely dirty\u2026 first time worst experience with oyo hotel, please delete this hotel from oyo", "date": "06 Feb 2023", "rating": {"bg_color": "#ff4742", "title": "1"}}, {"user_name": "Manikanta", "user_image": "usr.image", "review_text": "They charged extra money compared to booked amount from Oyo", "date": "03 Feb 2023", "rating": {"bg_color": "#ff4742", "title": "1"}}, {"user_name": "Afzal", "user_image": "usr.image", "review_text": "Bathroom was not clean , no hot water , they didn\u2019t accept my OYO booking I had to call customer care and raise escalation to resolve the issue", "date": "01 Feb 2023", "rating": {"bg_color": "#ff4742", "title": "1"}}, {"user_name": "Praveen Kumar", "user_image": "usr.image", "review_text": "Don't book this hotel. They have asked me to pay extra charges. The room condition is very bad, smells bad, AC and Tv does not work and not even water bottle is provided. One of the worst experience", "date": "01 Feb 2023", "rating": {"bg_color": "#ff4742", "title": "1"}}, {"user_name": "Ali", "user_image": "usr.image", "review_text": "Firstly the room was denied then oyo customer care took about 40 minutes on call to shift but it was also not possible, In the end i requested the hotel staff and they gave me dirty room. So pathetic", "date": "22 Jan 2023", "rating": {"bg_color": "#ff4742", "title": "1"}}, {"user_name": "MOHD FIRDOZE", "user_image": "usr.image", "review_text": "I have made online payment however when i reached the hotel for check in they denied saying we don't except online payment and he asked me to pay 1100 for check in. And also said that payment of 12k is pending from Oyo hence we don't accept Oyo booking, really this ia not fair , very disappointing.", "date": "21 Jan 2023", "rating": {"bg_color": "#ff4742", "title": "1"}}, {"user_name": "Jatin Sharma", "user_image": "usr.image", "review_text": "Worst hotel visited ever. I went to the hotel and they behaved rudely. So I personally do not recommend this worst hotel. Worst behaviour of the hotel manager behaviour.", "date": "15 Jan 2023", "rating": {"bg_color": "#ff4742", "title": "1"}}, {"user_name": "Satyaprakash", "user_image": "usr.image", "review_text": "We was asked to pay extra amount at chekin \nThe staff was very rude n said there no rooms available if pay 2k extra then they will provide us with the room , how ever I paid 1k extra on behalf of paying online. Very worst experience.", "date": "14 Jan 2023", "rating": {"bg_color": "#ff4742", "title": "1"}}, {"user_name": "Manjunath", "user_image": "usr.image", "review_text": "No cleaning, warest,", "date": "13 Jan 2023", "rating": {"bg_color": "#ff4742", "title": "1"}}, {"user_name": "Jibin V", "user_image": "usr.image", "review_text": "Poor management. Dirty bed sheet. No cleanliness. Worst behaviour", "date": "04 Jan 2023", "rating": {"bg_color": "#ff4742", "title": "1"}}, {"user_name": "Kartik", "user_image": "usr.image", "review_text": "No water, \nNo hot water,\nMosquito\nNo good ac , \nWater leak, \nNo reception calls attend\nNo requests of water servered", "date": "02 Jan 2023", "rating": {"bg_color": "#ff4742", "title": "1"}}, {"user_name": "N SESHUBABU", "user_image": "usr.image", "review_text": "Wash room mot clean", "date": "01 Jan 2023", "rating": {"bg_color": "#ff4742", "title": "1"}}, {"user_name": "chandan pandey", "user_image": "usr.image", "review_text": "Oyo hotel manager took me extra 300 for room.", "date": "31 Dec 2022", "rating": {"bg_color": "#ff4742", "title": "1"}}, {"user_name": "Suren Sarki", "user_image": "usr.image", "review_text": "After successfully booked they charge extra rs 400  coz of some server problem", "date": "31 Dec 2022", "rating": {"bg_color": "#ff4742", "title": "1"}}, {"user_name": "Aditya", "user_image": "usr.image", "review_text": "There was hardly anything I liked... The towels weren't provided, the bathrooms were bad, the AC wouldn't work (and the receptionist says all the other rooms are similar hence he can't given any)... Shower and washbasin doesn't work, room was suffocating during to no AC. Overall I paid 1000 for my one night stay and it was not worth it. The basic necessities that is expected isn't there. I would never recommend to anyone.", "date": "31 Dec 2022", "rating": {"bg_color": "#ff4742", "title": "1"}, "user_image_feedback_list": [{"image_name": "IMG_20221231_0005150a24b348-fead-4fea-82a0-e85c63a5132d.jpg", "image_url": "https://images.oyoroomscdn.com/ugc-feedback-uploads/IMG_20221231_0005150a24b348-fead-4fea-82a0-e85c63a5132d.jpg", "type": "jpg", "uploaded_at": "2022-12-31", "image_id": "161941"}, {"image_name": "IMG_20221231_000519bffaaa47-b9ba-40f2-83f7-d305ccdbbb8a.jpg", "image_url": "https://images.oyoroomscdn.com/ugc-feedback-uploads/IMG_20221231_000519bffaaa47-b9ba-40f2-83f7-d305ccdbbb8a.jpg", "type": "jpg", "uploaded_at": "2022-12-31", "image_id": "161942"}, {"image_name": "IMG_20221231_0005035d87f343-dd0a-4339-8edd-9a51816ffe28.jpg", "image_url": "https://images.oyoroomscdn.com/ugc-feedback-uploads/IMG_20221231_0005035d87f343-dd0a-4339-8edd-9a51816ffe28.jpg", "type": "jpg", "uploaded_at": "2022-12-31", "image_id": "161943"}]}, {"user_name": "Arvind Kaila", "user_image": "usr.image", "review_text": "First i was asked to pay 500 rupees extra. Then when i went to room AC was not working and bathroom was unclean with commode having no toilet seat..seeing that i was so pissed that i left the place with 15 minutes ..i got extra 500 i paid back.. Hotel need to change its bathroom furnishings...for a single person still ok but with your partner please avoid.", "date": "30 Dec 2022", "rating": {"bg_color": "#ff4742", "title": "1"}}, {"user_name": "Purvi", "user_image": "usr.image", "review_text": "Was denied room at check in. Than the reception said its not a good hotel, nothing works you will not like the room. They were not willing to give the room.", "date": "30 Dec 2022", "rating": {"bg_color": "#ff4742", "title": "1"}}, {"user_name": "Bharath KumarPagidi", "user_image": "usr.image", "review_text": "Worst hotel ever. Room is not cleaned properly, not hygiene, AC ,TV and wifi not working there. \nThey are asking customers to pay direct money to them instead of paying on OYO app.", "date": "23 Dec 2022", "rating": {"bg_color": "#ff4742", "title": "1"}}, {"user_name": "Thejus", "user_image": "usr.image", "review_text": "patehtic condition kf the hotel room.. rooms tv doesn't work.. ac doesn't work... room telephone doesn't work . bathroom door doesn't close properly.. dirty bathrooms.... worst hospitalilty and room service", "date": "23 Dec 2022", "rating": {"bg_color": "#ff4742", "title": "1"}}, {"user_name": "Manan", "user_image": "usr.image", "review_text": "Just worst one hotel & bad behaviour \nAlso demanding high amount for early checkin", "date": "22 Dec 2022", "rating": {"bg_color": "#ff4742", "title": "1"}}, {"user_name": "Surajit Mondal", "user_image": "usr.image", "review_text": "Worst service", "date": "19 Dec 2022", "rating": {"bg_color": "#ff4742", "title": "1"}}, {"user_name": "RAJ kumar", "user_image": "usr.image", "review_text": "Don't use Oyo app.this hotel very worst", "date": "16 Dec 2022", "rating": {"bg_color": "#ff4742", "title": "1"}}, {"user_name": "Nishant R", "user_image": "usr.image", "review_text": "Horrible stay,poor hygiene,smirky restrooms, broken TV set and poor staff behavior", "date": "15 Dec 2022", "rating": {"bg_color": "#ff4742", "title": "1"}}, {"user_name": "919840040389", "user_image": "usr.image", "review_text": "We are not given room", "date": "14 Dec 2022", "rating": {"bg_color": "#ff4742", "title": "1"}}, {"user_name": "Sridharan", "user_image": "usr.image", "review_text": "I have booked via ouo when reached at reception he denied that there is nonroom.\nlots of hassle to find a new room", "date": "13 Dec 2022", "rating": {"bg_color": "#ff4742", "title": "1"}}, {"user_name": "Adithya", "user_image": "usr.image", "review_text": "When we step in hotel there was no1 in reception we waited for some 20mins later 1 guy said we can't give room as it's full than we called oye customers service after some 2 hrs later we got the room paid extra 1200 for the room after Oyo discount we booked it for 480\u20b9 and hotel owner was not ready to give us room at that price n said we ll cancel the booking and Oyo ll give booking or refund it as it's room is expensive than we told to take come extra amt n they took 1200  n have as room n room was very untidy and bathroom was at its worst may be public bathroom ll be clean than hotel royal galaxy i have clicked photos as well", "date": "12 Dec 2022", "rating": {"bg_color": "#ff4742", "title": "1"}, "user_image_feedback_list": [{"image_name": "Screenshot_2022-12-12-13-21-38-53_965bbf4d18d205f782c6b8409c5773a441b6fc8d-3101-4a84-8c64-ddd713b65163.jpg", "image_url": "https://images.oyoroomscdn.com/ugc-feedback-uploads/Screenshot_2022-12-12-13-21-38-53_965bbf4d18d205f782c6b8409c5773a441b6fc8d-3101-4a84-8c64-ddd713b65163.jpg", "type": "jpg", "uploaded_at": "2022-12-12", "image_id": "154443"}, {"image_name": "Screenshot_2022-12-12-13-21-36-09_965bbf4d18d205f782c6b8409c5773a4aa948214-9017-4ee7-b656-188a833dd9bb.jpg", "image_url": "https://images.oyoroomscdn.com/ugc-feedback-uploads/Screenshot_2022-12-12-13-21-36-09_965bbf4d18d205f782c6b8409c5773a4aa948214-9017-4ee7-b656-188a833dd9bb.jpg", "type": "jpg", "uploaded_at": "2022-12-12", "image_id": "154447"}, {"image_name": "Screenshot_2022-12-12-13-21-46-61_965bbf4d18d205f782c6b8409c5773a47de28b96-7498-4677-b97b-38acd58a3edb.jpg", "image_url": "https://images.oyoroomscdn.com/ugc-feedback-uploads/Screenshot_2022-12-12-13-21-46-61_965bbf4d18d205f782c6b8409c5773a47de28b96-7498-4677-b97b-38acd58a3edb.jpg", "type": "jpg", "uploaded_at": "2022-12-12", "image_id": "154442"}, {"image_name": "Screenshot_2022-12-12-13-21-41-52_965bbf4d18d205f782c6b8409c5773a4d88a4722-e0e5-4727-8b14-c36130b949e8.jpg", "image_url": "https://images.oyoroomscdn.com/ugc-feedback-uploads/Screenshot_2022-12-12-13-21-41-52_965bbf4d18d205f782c6b8409c5773a4d88a4722-e0e5-4727-8b14-c36130b949e8.jpg", "type": "jpg", "uploaded_at": "2022-12-12", "image_id": "154445"}, {"image_name": "Screenshot_2022-12-12-13-21-49-89_965bbf4d18d205f782c6b8409c5773a41fb4fb15-016d-4e2e-921c-6047ada1cba0.jpg", "image_url": "https://images.oyoroomscdn.com/ugc-feedback-uploads/Screenshot_2022-12-12-13-21-49-89_965bbf4d18d205f782c6b8409c5773a41fb4fb15-016d-4e2e-921c-6047ada1cba0.jpg", "type": "jpg", "uploaded_at": "2022-12-12", "image_id": "154449"}, {"image_name": "Screenshot_2022-12-12-13-21-43-99_965bbf4d18d205f782c6b8409c5773a40bab38b4-973c-412e-b3ab-6bbc65c42200.jpg", "image_url": "https://images.oyoroomscdn.com/ugc-feedback-uploads/Screenshot_2022-12-12-13-21-43-99_965bbf4d18d205f782c6b8409c5773a40bab38b4-973c-412e-b3ab-6bbc65c42200.jpg", "type": "jpg", "uploaded_at": "2022-12-12", "image_id": "154444"}, {"image_name": "Screenshot_2022-12-12-13-21-46-61_965bbf4d18d205f782c6b8409c5773a41a40c7cc-668a-426e-9f1b-74623126001f.jpg", "image_url": "https://images.oyoroomscdn.com/ugc-feedback-uploads/Screenshot_2022-12-12-13-21-46-61_965bbf4d18d205f782c6b8409c5773a41a40c7cc-668a-426e-9f1b-74623126001f.jpg", "type": "jpg", "uploaded_at": "2022-12-12", "image_id": "154448"}, {"image_name": "Screenshot_2022-12-12-13-21-33-61_965bbf4d18d205f782c6b8409c5773a4dfc5c0aa-7273-4165-a2ef-b1057cc10a54.jpg", "image_url": "https://images.oyoroomscdn.com/ugc-feedback-uploads/Screenshot_2022-12-12-13-21-33-61_965bbf4d18d205f782c6b8409c5773a4dfc5c0aa-7273-4165-a2ef-b1057cc10a54.jpg", "type": "jpg", "uploaded_at": "2022-12-12", "image_id": "154446"}]}, {"user_name": "Ambrish Ambi", "user_image": "usr.image", "review_text": "I went to hotel they are telling no rooms and they ask extra money to give room they are taken tomuch Mony and washroom also very bad and room inside getting bad smell \nthis hotel is very bad", "date": "12 Dec 2022", "rating": {"bg_color": "#ff4742", "title": "1"}}, {"user_name": "Hemanth Gopi", "user_image": "usr.image", "review_text": "I would not recommmend this place to anyone!Nothing! I just stayed because I have already paid for the room. If I had seen the room first, I would have not gone ahead to stay in the room. It was very dirty. The bed and bedsheets had stains. The bathroom was not cleaned properly with a suffocating foul smell.The room was very dirty. The bed and bedsheets had stains. The locality is bad with no lights at all. The hotel location is surrounded by a garbage yard. The bathroom was not cleaned properly with a suffocating foul smell.", "date": "10 Dec 2022", "rating": {"bg_color": "#ff4742", "title": "1"}}, {"user_name": "Abhishek Singh", "user_image": "usr.image", "review_text": "No Hygiene & cleanliness..Tv was not working\u2026ac was not working..broken door lock\u2026They were asking extra amount when i went to check in..staff was rude.", "date": "08 Dec 2022", "rating": {"bg_color": "#ff4742", "title": "1"}}, {"user_name": "YOGESh PATIL", "user_image": "usr.image", "review_text": "Smelly and very unclean rooms. Also the staff was not cooperating", "date": "04 Dec 2022", "rating": {"bg_color": "#ff4742", "title": "1"}}, {"user_name": "joshy", "user_image": "usr.image", "review_text": "They did no give room . They refused to give room, I had to sleep on the road", "date": "04 Dec 2022", "rating": {"bg_color": "#ff4742", "title": "1"}}, {"user_name": "Sudipta", "user_image": "usr.image", "review_text": "Washroom not hygiene and they're not interested to listen to customer.ac not working and wifi not working.", "date": "28 Nov 2022", "rating": {"bg_color": "#ff4742", "title": "1"}}, {"user_name": "Nagaraj", "user_image": "usr.image", "review_text": "I\u2019m really unhappy with the oyo service  in this hotels telling there is payment issue with oyo app so they ask I need pay extra payment i paid again 1300 rupee\u2019s to hotels because at last movement I can\u2019t go back right so I pay in hotel it\u2019s happens previously so I can\u2019t trust now in oyo app please why is issue response my issues", "date": "27 Nov 2022", "rating": {"bg_color": "#ff4742", "title": "1"}}, {"user_name": "Mohd Jeeshan", "user_image": "usr.image", "review_text": "There is no proper hygiene in hotel. No towel no shop provide. Even flush is not working No ac working. Asking to pay extra because i pay online", "date": "26 Nov 2022", "rating": {"bg_color": "#ff4742", "title": "1"}}, {"user_name": "DEEPAK JAYAGOPAL", "user_image": "usr.image", "review_text": "DisasterBathroom was horrible.  Zero cleanliness, indian railways are better in comparison.  Rooms infested with roach and stink. Besides location there is no value. I demand refund.Bathroom was horrible.  Zero cleanliness, indian railways are better in comparison.  Rooms infested with roach and stink. Besides location there is no value. I demand refund.", "date": "26 Nov 2022", "rating": {"bg_color": "#ff4742", "title": "1"}}, {"user_name": "Vivek Garhewal", "user_image": "usr.image", "date": "25 Nov 2022", "rating": {"bg_color": "#ff4742", "title": "1"}, "user_image_feedback_list": [{"image_name": "IMG_20221109_1115596881d905-ac39-4273-a173-e5430f5f1599.jpg", "image_url": "https://images.oyoroomscdn.com/ugc-feedback-uploads/IMG_20221109_1115596881d905-ac39-4273-a173-e5430f5f1599.jpg", "type": "jpg", "uploaded_at": "2022-11-25", "image_id": "148204"}, {"image_name": "IMG_20221109_20080724bd11a0-c531-4e55-a6e2-8feb6ebd5f6d.jpg", "image_url": "https://images.oyoroomscdn.com/ugc-feedback-uploads/IMG_20221109_20080724bd11a0-c531-4e55-a6e2-8feb6ebd5f6d.jpg", "type": "jpg", "uploaded_at": "2022-11-25", "image_id": "148207"}, {"image_name": "IMG_20221109_111554b971620e-71ec-4612-b00a-8ba0a69ad694.jpg", "image_url": "https://images.oyoroomscdn.com/ugc-feedback-uploads/IMG_20221109_111554b971620e-71ec-4612-b00a-8ba0a69ad694.jpg", "type": "jpg", "uploaded_at": "2022-11-25", "image_id": "148205"}, {"image_name": "IMG_20221109_11154725da4cc3-36de-433d-9c65-ff01fafb35e3.jpg", "image_url": "https://images.oyoroomscdn.com/ugc-feedback-uploads/IMG_20221109_11154725da4cc3-36de-433d-9c65-ff01fafb35e3.jpg", "type": "jpg", "uploaded_at": "2022-11-25", "image_id": "148203"}, {"image_name": "IMG_20221109_111544501d7f82-c748-4098-9df7-e06e33aaddd3.jpg", "image_url": "https://images.oyoroomscdn.com/ugc-feedback-uploads/IMG_20221109_111544501d7f82-c748-4098-9df7-e06e33aaddd3.jpg", "type": "jpg", "uploaded_at": "2022-11-25", "image_id": "148206"}]}, {"user_name": "Pravallika", "user_image": "usr.image", "review_text": "The room is not clean and I booked the room in oyo for 780 and they said they closed the oyo bookings and asked me to give 1200....there is no ceiling fan and the floor is tooo sticky not at all clean...worst experience with this hotel", "date": "24 Nov 2022", "rating": {"bg_color": "#ff4742", "title": "1"}}, {"user_name": "Bhawesh Kumar", "user_image": "usr.image", "review_text": "Property is badly managed. No service . Nothing else. Tv noworking. Ac not workikg. No warm water. No drinking water.", "date": "22 Nov 2022", "rating": {"bg_color": "#ff4742", "title": "1"}}, {"user_name": "Pradeep Sarathe", "user_image": "usr.image", "review_text": "Hotel Staff did not responded once they handed over the key, AC did not worked for full Two days stay ,TV and phone were there but not working,Geaser did not worked ,I have cold now because of taking cold showers,they did have drinking water as well.  I called everyone from Oyo team ,nobody was able to help ,worst stay of Oyo in my Life", "date": "19 Nov 2022", "rating": {"bg_color": "#ff4742", "title": "1"}}, {"user_name": "918984137650 Barik", "user_image": "usr.image", "review_text": "Extremely unhealthy rooms.Not matching with the picture as shown in oyo ,totally different.\nNot good property to stay.", "date": "12 Nov 2022", "rating": {"bg_color": "#ff4742", "title": "1"}}, {"user_name": "patil ravi", "user_image": "usr.image", "review_text": "Good for single men for short stay. Definately not suitable for family with kidsI liked the location and pricing.Stinking bathroom and over used chemical smell in room.", "date": "09 Nov 2022", "rating": {"bg_color": "#ff4742", "title": "1"}}, {"user_name": "Aman Anand", "user_image": "usr.image", "review_text": "Worst stay no clean bathroom, AC was not working", "date": "04 Nov 2022", "rating": {"bg_color": "#ff4742", "title": "1"}}, {"user_name": "Amarnath Reddy", "user_image": "usr.image", "review_text": "Iwill pay 800 hotel toom poor no tv check out 10pm", "date": "28 Oct 2022", "rating": {"bg_color": "#ff4742", "title": "1"}}, {"user_name": "Nalliappan Ganeshan", "user_image": "usr.image", "review_text": "WorstThey rejected my booking from booking.com due to less amount. So don&#39;t book this property from booking.com. I am very disappointed due to their behaviour.", "date": "23 Sep 2022", "rating": {"bg_color": "#ff4742", "title": "1"}}, {"user_name": "Pradeep Kumar", "user_image": "usr.image", "review_text": "Why showing Oyo AAP's room vicence hotel reception manager told me not available for room hi is not gevin room for me . he is gevin dairet come persan axtry ammunt", "date": "10 Sep 2022", "rating": {"bg_color": "#ff4742", "title": "1"}}, {"user_name": "Daniel", "user_image": "usr.image", "review_text": "Worst hotel no hot water no tv dirty room and room service very bad if i pay money directly to Oyo app they say they won't give room and all this is very bad experience pls avoid this place very worst", "date": "10 Sep 2022", "rating": {"bg_color": "#ff4742", "title": "1"}}, {"user_name": "Pradeep Kumar", "user_image": "usr.image", "review_text": "Very bad hotal hotel manager extra amount very bad hotel", "date": "10 Sep 2022", "rating": {"bg_color": "#ff4742", "title": "1"}}, {"user_name": "Dibyendu Chakraborty", "user_image": "usr.image", "review_text": "Bitter exprenceNear by shop for daily use.Not to force part payment during booking. Hotel insist not to pre payment..nDuring 4 days stay not change bed sheet.not clean bath room... ac not working..bathroom lock broken..", "date": "27 Aug 2022", "rating": {"bg_color": "#ff4742", "title": "1"}}, {"user_name": "Kamesh Nowduri", "user_image": "usr.image", "review_text": "There is nothing as such.The stay was horrible. No maintenance at all. I don&#39;t suggest anyone for booking a stay over here.Washroom were in horrible condition. Water started leaking from commode. Even after telling them, there was no response. I literally felt like it was public toilet.", "date": "20 Jun 2022", "rating": {"bg_color": "#ff4742", "title": "1"}}, {"user_name": "Arunuday Bhaduri", "user_image": "usr.image", "date": "09 Jun 2022", "rating": {"bg_color": "#ff4742", "title": "1"}, "user_image_feedback_list": [{"image_name": "hotel_image_8d586a9c-4416-4254-9f9d-bc215dd049e95907563804532032142.jpeg", "image_url": "https://images.oyoroomscdn.com/ugc-feedback-uploads/hotel_image_8d586a9c-4416-4254-9f9d-bc215dd049e95907563804532032142.jpeg", "type": "jpeg", "uploaded_at": "2022-06-09", "image_id": "79306"}, {"image_name": "hotel_image_8d586a9c-4416-4254-9f9d-bc215dd049e92531146900174828098.jpeg", "image_url": "https://images.oyoroomscdn.com/ugc-feedback-uploads/hotel_image_8d586a9c-4416-4254-9f9d-bc215dd049e92531146900174828098.jpeg", "type": "jpeg", "uploaded_at": "2022-06-09", "image_id": "79307"}, {"image_name": "hotel_image_8d586a9c-4416-4254-9f9d-bc215dd049e94397084335159061824.jpeg", "image_url": "https://images.oyoroomscdn.com/ugc-feedback-uploads/hotel_image_8d586a9c-4416-4254-9f9d-bc215dd049e94397084335159061824.jpeg", "type": "jpeg", "uploaded_at": "2022-06-09", "image_id": "79305"}]}]}}]