[{"data": {"title": "253 Verified Reviews", "rating_data": {"title": "4.1", "bg_color": "#58ac00", "tag": "Very Good", "subtitle": "1764 ratings on verified stays by guests"}, "sort_options": [{"type": "date-high", "title": "Recent reviews"}, {"type": "rating-high", "title": "High to low ratings"}, {"type": "rating-low", "title": "Low to high ratings"}], "is_last": false, "next_offset": 101, "reviews": [{"user_name": "Manjunath M", "user_image": "usr.image", "review_text": "Good and pleasant stay", "date": "28 Apr 2023", "rating": {"bg_color": "#346000", "title": "5"}}, {"user_name": "Manjunath", "user_image": "usr.image", "review_text": "Good", "date": "26 Apr 2023", "rating": {"bg_color": "#346000", "title": "5"}}, {"user_name": "Akhil", "user_image": "usr.image", "review_text": "Amazing stay", "date": "19 Apr 2023", "rating": {"bg_color": "#346000", "title": "5"}}, {"user_name": "Hemanth KumarV", "user_image": "usr.image", "review_text": "Good", "date": "16 Apr 2023", "rating": {"bg_color": "#346000", "title": "5"}}, {"user_name": "GowrishankarN", "user_image": "usr.image", "date": "10 Apr 2023", "rating": {"bg_color": "#346000", "title": "5"}, "user_image_feedback_list": [{"image_name": "20211015_11120287cdc6b0-03e2-463f-9b4a-941e3c016431.jpg", "image_url": "https://images.oyoroomscdn.com/ugc-feedback-uploads/20211015_11120287cdc6b0-03e2-463f-9b4a-941e3c016431.jpg", "type": "jpg", "uploaded_at": "2023-04-10", "image_id": "193203"}]}, {"user_name": "Srinath", "user_image": "usr.image", "review_text": "It was a good stay will surely come back again here \nThe staff were good and cooperative and took good care of us", "date": "10 Mar 2023", "rating": {"bg_color": "#346000", "title": "5"}}, {"user_name": "Mohammad", "user_image": "usr.image", "date": "04 Mar 2023", "rating": {"bg_color": "#346000", "title": "5"}, "user_image_feedback_list": [{"image_name": "IMG-20230213-WA000090e27db7-f379-4f6e-ba66-2a2a46502939.jpg", "image_url": "https://images.oyoroomscdn.com/ugc-feedback-uploads/IMG-20230213-WA000090e27db7-f379-4f6e-ba66-2a2a46502939.jpg", "type": "jpg", "uploaded_at": "2023-03-04", "image_id": "182174"}]}, {"user_name": "Dhruti Purushotham", "user_image": "usr.image", "review_text": "Reallly neat bathroom, ac worked semi okay, good size of bed and room, posh looking with golden lights, looks like the pictures. Bed sheets were a bit dirty", "date": "04 Mar 2023", "rating": {"bg_color": "#346000", "title": "5"}}, {"user_name": "Muskan Meghani", "user_image": "usr.image", "review_text": "Services and staff.Nothing so far", "date": "19 Feb 2023", "rating": {"bg_color": "#346000", "title": "5"}}, {"user_name": "Praveen", "user_image": "usr.image", "review_text": "Very good", "date": "15 Feb 2023", "rating": {"bg_color": "#346000", "title": "5"}}, {"user_name": "Kiran Shetty", "user_image": "usr.image", "review_text": "Good", "date": "23 Jan 2023", "rating": {"bg_color": "#346000", "title": "5"}}, {"user_name": "Michael Joshuah", "user_image": "usr.image", "review_text": "It was nice", "date": "16 Jan 2023", "rating": {"bg_color": "#346000", "title": "5"}}, {"user_name": "Tammy", "user_image": "usr.image", "review_text": "Excellent rooms n hotel but they will not honor booking less than \u20b91000 unless Oyo rep speaks to them before booking", "date": "04 Jan 2023", "rating": {"bg_color": "#346000", "title": "5"}}, {"user_name": "Dhanush R", "user_image": "usr.image", "review_text": "No need of negative comments", "date": "19 Dec 2022", "rating": {"bg_color": "#346000", "title": "5"}}, {"user_name": "Kiranlopex", "user_image": "usr.image", "review_text": "Good service", "date": "09 Dec 2022", "rating": {"bg_color": "#346000", "title": "5"}}, {"user_name": "Hari", "user_image": "usr.image", "review_text": "Nice place and good location i am so Happy", "date": "06 Dec 2022", "rating": {"bg_color": "#346000", "title": "5"}}, {"user_name": "Felix", "user_image": "usr.image", "review_text": "Good", "date": "03 Dec 2022", "rating": {"bg_color": "#346000", "title": "5"}}, {"user_name": "Kishore", "user_image": "usr.image", "review_text": "Could have been better maintained", "date": "01 Dec 2022", "rating": {"bg_color": "#346000", "title": "5"}}, {"user_name": "Akhil Ps", "user_image": "usr.image", "review_text": "Good room", "date": "01 Dec 2022", "rating": {"bg_color": "#346000", "title": "5"}}, {"user_name": "Anil", "user_image": "usr.image", "review_text": "Very nice", "date": "20 Nov 2022", "rating": {"bg_color": "#346000", "title": "5"}}, {"user_name": "sachin", "user_image": "usr.image", "review_text": "Nice staff", "date": "19 Nov 2022", "rating": {"bg_color": "#346000", "title": "5"}}, {"user_name": "Sathya Kishen", "user_image": "usr.image", "review_text": "Place is good and rooms are clean", "date": "13 Nov 2022", "rating": {"bg_color": "#346000", "title": "5"}}, {"user_name": "Mahesh", "user_image": "usr.image", "review_text": "Hotel management was very good. Hotel location was nice.Maintenance was awesome. Good relationship with customers.", "date": "13 Nov 2022", "rating": {"bg_color": "#346000", "title": "5"}}, {"user_name": "Ajad Shariff", "user_image": "usr.image", "review_text": "It was great pleasure to stay with oyo premium rooms . Ambience and other facilities was good but the room was not according as shown in oyo site.Other than that everything was perfect and meet our expectation", "date": "07 Nov 2022", "rating": {"bg_color": "#346000", "title": "5"}}, {"user_name": "Mona", "user_image": "usr.image", "review_text": "Ambiance is pleasent and calm. Great customer service", "date": "06 Nov 2022", "rating": {"bg_color": "#346000", "title": "5"}}, {"user_name": "Kashif Nadeem", "user_image": "usr.image", "review_text": "It was a great experience.", "date": "04 Nov 2022", "rating": {"bg_color": "#346000", "title": "5"}}, {"user_name": "Nahida", "user_image": "usr.image", "review_text": "Very nice place good", "date": "02 Nov 2022", "rating": {"bg_color": "#346000", "title": "5"}}, {"user_name": "Anil", "user_image": "usr.image", "review_text": "Nice to stay here ..... atmosphere is good and staff also no problems faced here ....... .........", "date": "02 Nov 2022", "rating": {"bg_color": "#346000", "title": "5"}}, {"user_name": "GowrishankarN", "user_image": "usr.image", "review_text": "Great stay from oyo...really happy with the stay...rooms were good and no problems in stay...more than happy", "date": "27 Oct 2022", "rating": {"bg_color": "#346000", "title": "5"}}, {"user_name": "Vignesh Elango", "user_image": "usr.image", "review_text": "Excellent", "date": "22 Oct 2022", "rating": {"bg_color": "#346000", "title": "5"}}, {"user_name": "Jeffrey", "user_image": "usr.image", "review_text": "Best place", "date": "21 Oct 2022", "rating": {"bg_color": "#346000", "title": "5"}}, {"user_name": "vijay kanth", "user_image": "usr.image", "review_text": "Pleasent stay", "date": "20 Oct 2022", "rating": {"bg_color": "#346000", "title": "5"}}, {"user_name": "Rahul yadav", "user_image": "usr.image", "review_text": "Excellent hospitality", "date": "18 Oct 2022", "rating": {"bg_color": "#346000", "title": "5"}}, {"user_name": "Manisha rao", "user_image": "usr.image", "review_text": "It was pretty good and decent hotel,good location really pleasant and clean rooms, the staff was helpful and generous with their time and service", "date": "18 Oct 2022", "rating": {"bg_color": "#346000", "title": "5"}}, {"user_name": "Renesh A", "user_image": "usr.image", "review_text": "Hotel was so nice and the service provide by them was also good enough . They will charge more amount than we see in oyo while we are booking I am totally satisfied", "date": "17 Oct 2022", "rating": {"bg_color": "#346000", "title": "5"}}, {"user_name": "Shivam Tathagat", "user_image": "usr.image", "review_text": "Very good", "date": "08 Oct 2022", "rating": {"bg_color": "#346000", "title": "5"}}, {"user_name": "Neeharika", "user_image": "usr.image", "review_text": "It was all good but we weren't given towels and toiletries,expect that everything else was good", "date": "22 Sep 2022", "rating": {"bg_color": "#346000", "title": "5"}}, {"user_name": "Dimple", "user_image": "usr.image", "review_text": "Room was good little more hygiene required", "date": "13 Sep 2022", "rating": {"bg_color": "#346000", "title": "5"}}, {"user_name": "Saurabh Kumar", "user_image": "usr.image", "review_text": "Nice place and worker also good and supportive", "date": "12 Sep 2022", "rating": {"bg_color": "#346000", "title": "5"}}, {"user_name": "Shahfaraz Shaikh", "user_image": "usr.image", "review_text": "Recommended", "date": "12 Sep 2022", "rating": {"bg_color": "#346000", "title": "5"}}, {"user_name": "Ashwini K", "user_image": "usr.image", "review_text": "Good", "date": "10 Sep 2022", "rating": {"bg_color": "#346000", "title": "5"}}, {"user_name": "Syam", "user_image": "usr.image", "review_text": "Good experience ,loved alot ,made our days special", "date": "01 Sep 2022", "rating": {"bg_color": "#346000", "title": "5"}}, {"user_name": "Anandhitha Vinod", "user_image": "usr.image", "review_text": "The service and location", "date": "25 Aug 2022", "rating": {"bg_color": "#346000", "title": "5"}}, {"user_name": "sunil kumar", "user_image": "usr.image", "review_text": "Good food", "date": "13 Aug 2022", "rating": {"bg_color": "#346000", "title": "5"}}, {"user_name": "Praveen", "user_image": "usr.image", "review_text": "IT WAS A GOOD STAY ,FACILITIES WERE GOOD HAD A NICE TIME", "date": "09 Aug 2022", "rating": {"bg_color": "#346000", "title": "5"}}, {"user_name": "khan", "user_image": "usr.image", "review_text": "good", "date": "29 Jul 2022", "rating": {"bg_color": "#346000", "title": "5"}}, {"user_name": "Soniya Ka", "user_image": "usr.image", "review_text": "Wow", "date": "27 Jul 2022", "rating": {"bg_color": "#346000", "title": "5"}}, {"user_name": "khan", "user_image": "usr.image", "review_text": "Excellent", "date": "27 Jul 2022", "rating": {"bg_color": "#346000", "title": "5"}}, {"user_name": "Sunitha", "user_image": "usr.image", "review_text": "Overall everything is good and satisfied", "date": "26 Jul 2022", "rating": {"bg_color": "#346000", "title": "5"}}, {"user_name": "Manjunath Walmikj", "user_image": "usr.image", "review_text": "good", "date": "17 Jul 2022", "rating": {"bg_color": "#346000", "title": "5"}}, {"user_name": "Nirmala Singh", "user_image": "usr.image", "review_text": "A nice place with some quiet environment, this was all i was looking for and found in this hotel. The amount of calm and comfort i found here was surreal. The rooms were also above the expectations. The parking was ample for many vehicles of guests and other visitors to park the vehicles safely. I just loved their hotel and the price they charged, it was nothing compared to services they offered.", "date": "23 Jun 2022", "rating": {"bg_color": "#346000", "title": "5"}}, {"user_name": "Avinash Singh", "user_image": "usr.image", "review_text": "A wonderful place according to me. I just stayed here for a day but felt in love with the property. We had an smooth check in because of great staff. The rooms were just amazing with best interiors and furniture. The price was pocket friendly so it was the best part i liked. A worth going place according to me.", "date": "23 Jun 2022", "rating": {"bg_color": "#346000", "title": "5"}}, {"user_name": "Jitendra", "user_image": "usr.image", "review_text": "Room was big and good. Washroom also good. No unnecessary hindrance from hotel staff. only issue was landline was not working \ud83d\ude02", "date": "06 Jun 2022", "rating": {"bg_color": "#346000", "title": "5"}}, {"user_name": "M Sajeer", "user_image": "usr.image", "review_text": "I have been staying this apartment past two months, and found the staffs are very polite and helpful. The infrastructure is very good in the hotel.", "date": "05 Jun 2022", "rating": {"bg_color": "#346000", "title": "5"}}, {"user_name": "Sam", "user_image": "usr.image", "review_text": "awesome room and wifi speed unbelievable. thank u so much for providing clean and pleasant room. small small cocroaches only cons.", "date": "02 Jun 2022", "rating": {"bg_color": "#346000", "title": "5"}}, {"user_name": "Nahida", "user_image": "usr.image", "review_text": "super facilities", "date": "31 May 2022", "rating": {"bg_color": "#346000", "title": "5"}}, {"user_name": "Chinmay", "user_image": "usr.image", "review_text": "Room was good hygine was not proper plates and bowls ewere not available and washroom hot water not there", "date": "11 Apr 2023", "rating": {"bg_color": "#58ac00", "title": "4"}, "user_image_feedback_list": [{"image_name": "20230406_130450fe2151ad-f7c8-405b-acd5-1b652a1e3cb9.jpg", "image_url": "https://images.oyoroomscdn.com/ugc-feedback-uploads/20230406_130450fe2151ad-f7c8-405b-acd5-1b652a1e3cb9.jpg", "type": "jpg", "uploaded_at": "2023-04-11", "image_id": "193527"}]}, {"user_name": "Midhun", "user_image": "usr.image", "review_text": "Hotel staffs are friendly..  cleanliness is also good. Quality of the room is average.. worth staying if you r taking the price in consideration.. only negative is kitchen not available.", "date": "01 Apr 2023", "rating": {"bg_color": "#58ac00", "title": "4"}}, {"user_name": "Dhanyashree", "user_image": "usr.image", "review_text": "I have stayed here twice . Hotel is good just the sheets could be better . No towels provided. No cutlery.", "date": "25 Mar 2023", "rating": {"bg_color": "#58ac00", "title": "4"}}, {"user_name": "Vinay Kumar", "user_image": "usr.image", "review_text": "Stay was nice & good no kind of issues with the room.. only negative is getting some noise outside of the room very frequently", "date": "06 Mar 2023", "rating": {"bg_color": "#58ac00", "title": "4"}, "user_image_feedback_list": [{"image_name": "20230303_20341910f0ac81-6bbb-4a39-8f10-e7e742636e26.jpg", "image_url": "https://images.oyoroomscdn.com/ugc-feedback-uploads/20230303_20341910f0ac81-6bbb-4a39-8f10-e7e742636e26.jpg", "type": "jpg", "uploaded_at": "2023-03-06", "image_id": "182707"}]}, {"user_name": "Sajith Warrier", "user_image": "usr.image", "review_text": "Good stay at royal encore. Good service. Room is nice and well maintained. TV wasn't useful at all.", "date": "19 Feb 2023", "rating": {"bg_color": "#58ac00", "title": "4"}}, {"user_name": "Hanumanta", "user_image": "usr.image", "review_text": "Cleanest", "date": "12 Jan 2023", "rating": {"bg_color": "#58ac00", "title": "4"}}, {"user_name": "ROMIN SUNNY", "user_image": "usr.image", "review_text": "Room is good.Asking for extra money other than mentioned", "date": "30 Dec 2022", "rating": {"bg_color": "#58ac00", "title": "4"}}, {"user_name": "Jd", "user_image": "usr.image", "review_text": "Rooms were clean also washroom was clean, polite and friendly staff, silent environment across hotel.\nBike parking space is hotel's private \u270c\ufe0f", "date": "29 Dec 2022", "rating": {"bg_color": "#58ac00", "title": "4"}}, {"user_name": "Siri", "user_image": "usr.image", "review_text": "Good pyo", "date": "22 Nov 2022", "rating": {"bg_color": "#58ac00", "title": "4"}}, {"user_name": "Siri", "user_image": "usr.image", "review_text": "Good place \u2026! A little more hygiene required", "date": "14 Nov 2022", "rating": {"bg_color": "#58ac00", "title": "4"}}, {"user_name": "Kishoree", "user_image": "usr.image", "review_text": "Except restroom taps all good", "date": "12 Nov 2022", "rating": {"bg_color": "#58ac00", "title": "4"}}, {"user_name": "pavan", "user_image": "usr.image", "review_text": "Super", "date": "09 Nov 2022", "rating": {"bg_color": "#58ac00", "title": "4"}}, {"user_name": "Mahesh", "user_image": "usr.image", "review_text": "I like the room size and ambience.\nBut one drawback washroom was not maintain clean\nOther everything is fine", "date": "05 Nov 2022", "rating": {"bg_color": "#58ac00", "title": "4"}}, {"user_name": "Cham Sam", "user_image": "usr.image", "review_text": "Pretty nice and stayed balanced i couldn\u2019t find proper food in restaurant i couldn\u2019t as out side food not allowed", "date": "31 Oct 2022", "rating": {"bg_color": "#58ac00", "title": "4"}}, {"user_name": "pavan", "user_image": "usr.image", "review_text": "Ok good everything but no distabance and silent and hot water is available and i am satisfied with this", "date": "20 Oct 2022", "rating": {"bg_color": "#58ac00", "title": "4"}}, {"user_name": "Kartheek", "user_image": "usr.image", "review_text": "Food is good, but room could have been bigger. Bedsheets are tidy", "date": "20 Oct 2022", "rating": {"bg_color": "#58ac00", "title": "4"}}, {"user_name": "Juga", "user_image": "usr.image", "review_text": "I booked delux Room, but I didn't get one. \nStaff behaviour really good", "date": "18 Oct 2022", "rating": {"bg_color": "#58ac00", "title": "4"}}, {"user_name": "muyasser", "user_image": "usr.image", "date": "16 Oct 2022", "rating": {"bg_color": "#58ac00", "title": "4"}, "user_image_feedback_list": [{"image_name": "JPEG_20221016_075800_5975964679632683223a73f44b3-76ef-41d6-bad6-ddd9aa9279b2.jpg", "image_url": "https://images.oyoroomscdn.com/ugc-feedback-uploads/JPEG_20221016_075800_5975964679632683223a73f44b3-76ef-41d6-bad6-ddd9aa9279b2.jpg", "type": "jpg", "uploaded_at": "2022-10-16", "image_id": "133986"}]}, {"user_name": "Melinda", "user_image": "usr.image", "review_text": "Stay was good..room was well maintained", "date": "14 Oct 2022", "rating": {"bg_color": "#58ac00", "title": "4"}}, {"user_name": "Pawan Vanikar", "user_image": "usr.image", "review_text": "The room was pretty good and room service was nice if you're planning to book the room just go for it!", "date": "12 Oct 2022", "rating": {"bg_color": "#58ac00", "title": "4"}}, {"user_name": "Sinan D", "user_image": "usr.image", "review_text": "Pretty nice and okay place. Had a good stay and ot was clean", "date": "09 Oct 2022", "rating": {"bg_color": "#58ac00", "title": "4"}}, {"user_name": "Albin Pralayil", "user_image": "usr.image", "review_text": "Well maintained room. Quite comfortable. Only minor issues.", "date": "08 Oct 2022", "rating": {"bg_color": "#58ac00", "title": "4"}}, {"user_name": "Manish", "user_image": "usr.image", "review_text": "Nice stay !! The staff service was excellent. Will surely come in near future.", "date": "08 Oct 2022", "rating": {"bg_color": "#58ac00", "title": "4"}}, {"user_name": "M Abhinav Chowdary", "user_image": "usr.image", "review_text": "Cleanliness", "date": "07 Oct 2022", "rating": {"bg_color": "#58ac00", "title": "4"}}, {"user_name": "Kiran Kumar", "user_image": "usr.image", "review_text": "Good place.. My checking process was easy. Didn't face any issue in that.", "date": "04 Oct 2022", "rating": {"bg_color": "#58ac00", "title": "4"}}, {"user_name": "Simon A", "user_image": "usr.image", "review_text": "Good", "date": "02 Oct 2022", "rating": {"bg_color": "#58ac00", "title": "4"}}, {"user_name": "Jerom Joseph", "user_image": "usr.image", "review_text": "Location was good...", "date": "23 Sep 2022", "rating": {"bg_color": "#58ac00", "title": "4"}}, {"user_name": "Meghna Maheswari", "user_image": "usr.image", "review_text": "Customer satisfactiin", "date": "22 Aug 2022", "rating": {"bg_color": "#58ac00", "title": "4"}}, {"user_name": "Vijay KanthReddy", "user_image": "usr.image", "review_text": "It's good", "date": "22 Aug 2022", "rating": {"bg_color": "#58ac00", "title": "4"}}, {"user_name": "Syed Junaid", "user_image": "usr.image", "review_text": "Good service", "date": "13 Aug 2022", "rating": {"bg_color": "#58ac00", "title": "4"}}, {"user_name": "jerome", "user_image": "usr.image", "review_text": "Good experience!!", "date": "12 Aug 2022", "rating": {"bg_color": "#58ac00", "title": "4"}}, {"user_name": "SonalAmin", "user_image": "usr.image", "review_text": "Hotel staff", "date": "23 Jul 2022", "rating": {"bg_color": "#58ac00", "title": "4"}}, {"user_name": "Chaitra", "user_image": "usr.image", "review_text": "Nice to stay maintained hygiene  but check in services are not good", "date": "19 Jul 2022", "rating": {"bg_color": "#58ac00", "title": "4"}}, {"user_name": "Chaithra Suresh", "user_image": "usr.image", "review_text": "AC and spacious room", "date": "10 Jul 2022", "rating": {"bg_color": "#58ac00", "title": "4"}}, {"user_name": "amrezuddin", "user_image": "usr.image", "review_text": "good", "date": "22 Jun 2022", "rating": {"bg_color": "#58ac00", "title": "4"}}, {"user_name": "Himanshu Mayank", "user_image": "usr.image", "review_text": "Good Hotel", "date": "18 Jun 2022", "rating": {"bg_color": "#58ac00", "title": "4"}}, {"user_name": "vijay kanth", "user_image": "usr.image", "review_text": "but bad shower and no mug", "date": "31 May 2022", "rating": {"bg_color": "#58ac00", "title": "4"}}, {"user_name": "Andrew", "user_image": "usr.image", "review_text": "No towels, no. Soap, unclean sheets & pillows", "date": "28 Apr 2023", "rating": {"bg_color": "#8fc402", "title": "3"}}, {"user_name": "Shaikh", "user_image": "usr.image", "review_text": "In room number 309 there is no lock from inside the room that's so unsatisfied", "date": "27 Apr 2023", "rating": {"bg_color": "#8fc402", "title": "3"}}, {"user_name": "Praneeth", "user_image": "usr.image", "review_text": "Room is good, it could have been better if the bathrooms are better. Room service is also clean\u2026\u2026\u2026..", "date": "15 Apr 2023", "rating": {"bg_color": "#8fc402", "title": "3"}}, {"user_name": "Chinmay", "user_image": "usr.image", "review_text": "Room is good cleanliness is good but support while and check in no plates and bowl are not available.", "date": "06 Apr 2023", "rating": {"bg_color": "#8fc402", "title": "3"}, "user_image_feedback_list": [{"image_name": "20230406_1304502f8e537a-546f-493d-a7e8-3205eb0063d0.jpg", "image_url": "https://images.oyoroomscdn.com/ugc-feedback-uploads/20230406_1304502f8e537a-546f-493d-a7e8-3205eb0063d0.jpg", "type": "jpg", "uploaded_at": "2023-04-06", "image_id": "191888"}]}, {"user_name": "Goutham G.", "user_image": "usr.image", "review_text": "Clean and neat place", "date": "01 Apr 2023", "rating": {"bg_color": "#8fc402", "title": "3"}}, {"user_name": "Diana chungkham", "user_image": "usr.image", "review_text": "Tv is not working , room is average, pillow is not nice, bathroom is clean, they show different discount price in oyo but charge extra at hotel", "date": "13 Jan 2023", "rating": {"bg_color": "#8fc402", "title": "3"}}, {"user_name": "Aman", "user_image": "usr.image", "review_text": "I was asked to pay more at the reception then the booked price", "date": "10 Jan 2023", "rating": {"bg_color": "#8fc402", "title": "3"}}]}}, {"data": {"title": "253 Verified Reviews", "rating_data": {"title": "4.1", "bg_color": "#58ac00", "tag": "Very Good", "subtitle": "1764 ratings on verified stays by guests"}, "sort_options": [{"type": "date-high", "title": "Recent reviews"}, {"type": "rating-high", "title": "High to low ratings"}, {"type": "rating-low", "title": "Low to high ratings"}], "is_last": false, "next_offset": 202, "reviews": [{"user_name": "Nitesh", "user_image": "usr.image", "review_text": "Resturant close...this create problem. Earlier i stayed sevice was better. It feels after COVID many changes...so best of luck for.....also extra cash at hotel is not great", "date": "09 Jan 2023", "rating": {"bg_color": "#8fc402", "title": "3"}}, {"user_name": "Manjunath AG", "user_image": "usr.image", "review_text": "Room didn't provitde soap and towel,", "date": "01 Jan 2023", "rating": {"bg_color": "#8fc402", "title": "3"}}, {"user_name": "Ram", "user_image": "usr.image", "review_text": "Rates where high when booking and while paying at the stay", "date": "31 Dec 2022", "rating": {"bg_color": "#8fc402", "title": "3"}}, {"user_name": "Ravi", "user_image": "usr.image", "review_text": "We booked room for \u20b9624 but the hotel staff refused to give room at this cost and charged us 1300 very bad experience. So why we book the room in Oyo ????", "date": "27 Dec 2022", "rating": {"bg_color": "#8fc402", "title": "3"}}, {"user_name": "Atharva", "user_image": "usr.image", "review_text": "Bed was not good", "date": "25 Dec 2022", "rating": {"bg_color": "#8fc402", "title": "3"}}, {"user_name": "Srikanth KG", "user_image": "usr.image", "review_text": "Reception staff asking extra money \u20b9300 during check in", "date": "15 Dec 2022", "rating": {"bg_color": "#8fc402", "title": "3"}}, {"user_name": "Akshay karle", "user_image": "usr.image", "review_text": "should be improved more", "date": "09 Nov 2022", "rating": {"bg_color": "#8fc402", "title": "3"}}, {"user_name": "Rajesh", "user_image": "usr.image", "review_text": "Kannada channel not subscribe tv show not subscribe this channel so boring", "date": "18 Oct 2022", "rating": {"bg_color": "#8fc402", "title": "3"}}, {"user_name": "Khushi Rathod", "user_image": "usr.image", "review_text": "TV was broken telephone is not work", "date": "14 Oct 2022", "rating": {"bg_color": "#8fc402", "title": "3"}}, {"user_name": "Rajit", "user_image": "usr.image", "review_text": "Room is compact, minimal and nice, the only problem I faced was there was no fan and the AC wasn't really effective, rest everything is good and acceptable for the price I got it. Plus, they did not clean the towel properly, I could see brown stains and dirt on that towel... please look into this issue as it is very serious for hygiene.", "date": "10 Oct 2022", "rating": {"bg_color": "#8fc402", "title": "3"}}, {"user_name": "Azhar Bilal", "user_image": "usr.image", "review_text": "Amenities good but poor hygiene on cleanliness..Ordered food was pathetic and untasty", "date": "04 Oct 2022", "rating": {"bg_color": "#8fc402", "title": "3"}}, {"user_name": "Rithika Alex", "user_image": "usr.image", "review_text": "The beds have stained bed sheets. Pillows are dirty. TV didn\u00e2\u20ac\u2122t work.", "date": "10 Sep 2022", "rating": {"bg_color": "#8fc402", "title": "3"}}, {"user_name": "Sai Akhilesh", "user_image": "usr.image", "review_text": "Quiet and clean place. A/C not working. Outside food not allowed", "date": "21 Aug 2022", "rating": {"bg_color": "#8fc402", "title": "3"}}, {"user_name": "Mohammed Ismail", "user_image": "usr.image", "review_text": "no proper service,only good service for food pillow covers and bedsheet was dirty no proper contact on landline nor mobile phone no proper ac no tv charged extra money before the check-in not sanitized", "date": "14 Jul 2022", "rating": {"bg_color": "#8fc402", "title": "3"}}, {"user_name": "Bhadrinath GK", "user_image": "usr.image", "review_text": "no ac in any room its not working", "date": "11 Jul 2022", "rating": {"bg_color": "#8fc402", "title": "3"}}, {"user_name": "Jay Patil", "user_image": "usr.image", "review_text": "AC was not working as expected. Bathroom fittings were broken. Did not provide Towel and Toilet paper as default, was provided on request.  Room was smelling too bad like all smokers around. It cannot be family mans room.", "date": "09 Jun 2022", "rating": {"bg_color": "#8fc402", "title": "3"}}, {"user_name": "Prashant Kumar", "user_image": "usr.image", "review_text": "really bad", "date": "06 Jun 2022", "rating": {"bg_color": "#8fc402", "title": "3"}}, {"user_name": "Shahbaaz", "user_image": "usr.image", "review_text": "No Ac no towel untill night no bathroom products no tv", "date": "01 Jun 2022", "rating": {"bg_color": "#8fc402", "title": "3"}}, {"user_name": "romi rohan", "user_image": "usr.image", "review_text": "Rooms are very untidy. Extremely unhygienic.\nTV doesn't work, or there are no TV remotes provided.\nI didn't get hot water in the morning.", "date": "13 Apr 2023", "rating": {"bg_color": "#feba00", "title": "2"}}, {"user_name": "Vijay Kanth", "user_image": "usr.image", "review_text": "Everything is fine \nBut their AC is not working properly, water is leaking from AC", "date": "30 Mar 2023", "rating": {"bg_color": "#feba00", "title": "2"}}, {"user_name": "Praveenkumar", "user_image": "usr.image", "review_text": "Took Oyo room here charged us extra 500rs", "date": "08 Feb 2023", "rating": {"bg_color": "#feba00", "title": "2"}}, {"user_name": "Unnikrishnan c", "user_image": "usr.image", "review_text": "There is no tv in room and bathrooms are not in good condition and cleanliness", "date": "01 Feb 2023", "rating": {"bg_color": "#feba00", "title": "2"}, "user_image_feedback_list": [{"image_name": "IMG_20230130_164128f7a0323e-b808-468d-80a0-8712f63efba9.jpg", "image_url": "https://images.oyoroomscdn.com/ugc-feedback-uploads/IMG_20230130_164128f7a0323e-b808-468d-80a0-8712f63efba9.jpg", "type": "jpg", "uploaded_at": "2023-02-01", "image_id": "171686"}]}, {"user_name": "Ranjithkumar", "user_image": "usr.image", "review_text": "They charged extra money then showed while booking and they are not providing bill for it", "date": "07 Jan 2023", "rating": {"bg_color": "#feba00", "title": "2"}, "user_image_feedback_list": [{"image_name": "IMG202301071025511da4a252-8aeb-43d5-bd64-505fdd71ff25.jpg", "image_url": "https://images.oyoroomscdn.com/ugc-feedback-uploads/IMG202301071025511da4a252-8aeb-43d5-bd64-505fdd71ff25.jpg", "type": "jpg", "uploaded_at": "2023-01-07", "image_id": "164764"}, {"image_name": "IMG20230107102558ad23b363-55ae-419d-90dc-254bab020632.jpg", "image_url": "https://images.oyoroomscdn.com/ugc-feedback-uploads/IMG20230107102558ad23b363-55ae-419d-90dc-254bab020632.jpg", "type": "jpg", "uploaded_at": "2023-01-07", "image_id": "164762"}, {"image_name": "IMG20230107102547f700b881-5db1-441b-8d71-f5b3c8d23290.jpg", "image_url": "https://images.oyoroomscdn.com/ugc-feedback-uploads/IMG20230107102547f700b881-5db1-441b-8d71-f5b3c8d23290.jpg", "type": "jpg", "uploaded_at": "2023-01-07", "image_id": "164763"}, {"image_name": "IMG202301071026047d076c33-5c72-42f4-bbce-aaa234db8421.jpg", "image_url": "https://images.oyoroomscdn.com/ugc-feedback-uploads/IMG202301071026047d076c33-5c72-42f4-bbce-aaa234db8421.jpg", "type": "jpg", "uploaded_at": "2023-01-07", "image_id": "164761"}]}, {"user_name": "aqib khan", "user_image": "usr.image", "review_text": "Room is not clean, i request them for a tovel waited for a whole day but there is no response", "date": "31 Dec 2022", "rating": {"bg_color": "#feba00", "title": "2"}}, {"user_name": "Jasper", "user_image": "usr.image", "review_text": "AC wasn't working there was no fan and the room was quite humid. The shower wasn't working either also i requested the service to provide me a bath tub they didn't even care about it not worth the money", "date": "27 Dec 2022", "rating": {"bg_color": "#feba00", "title": "2"}}, {"user_name": "Babbli", "user_image": "usr.image", "review_text": "The owner kept on changing the price according to his choice at the time of check-in, in starting he refused to give room even we already had a talk with hotel manager foe early check-in, they gave us a very untidy room, they promised they will ask housekeeping to clean but jo one came, final thing is when we called reception for plates they said yes but didn't give.", "date": "26 Dec 2022", "rating": {"bg_color": "#feba00", "title": "2"}}, {"user_name": "ADITYA", "user_image": "usr.image", "review_text": "Firstly they were not not accepting our booking and nothing is available in hotel not even tea", "date": "14 Dec 2022", "rating": {"bg_color": "#feba00", "title": "2"}}, {"user_name": "Puneeth BN", "user_image": "usr.image", "review_text": "They r charging extra money everytime you chk in early whereas Oyo policy allows you to chk in early", "date": "10 Dec 2022", "rating": {"bg_color": "#feba00", "title": "2"}}, {"user_name": "Kartik", "user_image": "usr.image", "review_text": "Room was big enough but the quality of bed, bedsheet, ac, water was really v much bad. Rest everything was good. For food you have to depend on Zomato. Water you shd carry. No complimentary breakfast. Wifi was good. Staff was also good. Only thing they have to improve is ambiance of bed and bedsheet.", "date": "30 Nov 2022", "rating": {"bg_color": "#feba00", "title": "2"}}, {"user_name": "ROMIN SUNNY", "user_image": "usr.image", "review_text": "Good sleep.Got paid extra money than mentioned in app", "date": "28 Oct 2022", "rating": {"bg_color": "#feba00", "title": "2"}}, {"user_name": "Prathap V", "user_image": "usr.image", "review_text": "When we arrived at the hotel the person who was in the reception not happy with our visit because I forgot a photocopy of my document but i did had my soft copies but he rejected and I said to go nowhere and finally he convinced our stay and the room smells bad and there was water problem and thank God the toilet flush was working and I've told him many times to check with the water and smell he said ok and ok and it was very bad experience and i think OYO should check here for once how comfortable it is.", "date": "13 Oct 2022", "rating": {"bg_color": "#feba00", "title": "2"}}, {"user_name": "Jagadeesh N", "user_image": "usr.image", "review_text": "Bed sheet were dirty and when asked for a change it was mentioned that how the laundry was done.Cleanliness, there was cigerate small all over the place. Room was not cleaned the floor was dirty and not cleaned", "date": "22 Sep 2022", "rating": {"bg_color": "#feba00", "title": "2"}}, {"user_name": "Aniket", "user_image": "usr.image", "review_text": "Booked room for 1 guest but visitors were not allowed", "date": "05 Sep 2022", "rating": {"bg_color": "#feba00", "title": "2"}}, {"user_name": "Vikas Kumar", "user_image": "usr.image", "review_text": "Room was good but AC had issues. It was a very old AC which used to stop automatically after 3 to 4 hours. Hotel staffs were not proactive.", "date": "17 Aug 2022", "rating": {"bg_color": "#feba00", "title": "2"}}, {"user_name": "Teja", "user_image": "usr.image", "review_text": "Charged extra money \ud83d\udcb0", "date": "30 Jul 2022", "rating": {"bg_color": "#feba00", "title": "2"}}, {"user_name": "Mahima Punjabi", "user_image": "usr.image", "review_text": "Very rude and unhelpful staff. Bathrooms were really dirty. They won\u2019t provide any plates or glasses if asked. Overall a very average stay.", "date": "03 Jul 2022", "rating": {"bg_color": "#feba00", "title": "2"}}, {"user_name": "Arun K", "user_image": "usr.image", "review_text": "Unclean bedsheets & The room was not cleaned and maintained for new tenants", "date": "02 Jul 2022", "rating": {"bg_color": "#feba00", "title": "2"}}, {"user_name": "JafiN", "user_image": "usr.image", "review_text": "Booked through OYO and they demanded higher price than the booking amount to provide checkin or we where free to go", "date": "30 Jun 2022", "rating": {"bg_color": "#feba00", "title": "2"}}, {"user_name": "Aakash Kumar", "user_image": "usr.image", "review_text": "while checking-in the receptionist asked me extra money and said if I will not pay then he will not give us the room.\nwe have booked delux room but he gave us Classic room which was quite small.", "date": "18 Jun 2022", "rating": {"bg_color": "#feba00", "title": "2"}}, {"user_name": "Bhumika", "user_image": "usr.image", "review_text": "The receptionist made me pay extra during the check in than what was mentioned on the app. Was promised a refund by customer service but no updates. The room had a musky smell and the washroom smelled. The ac did not work even after multiple complaints and the room has no windows or fan, so it becomes really hot and no ventilation. The food was average at best and overpriced. Even a bottle of water took 30 mins to deliver. Would not recommend", "date": "14 Jun 2022", "rating": {"bg_color": "#feba00", "title": "2"}}, {"user_name": "BIKRAMADITYA MONDAL", "user_image": "usr.image", "review_text": "the bed cover was so dirty..tv was not working..staff attitude was not good", "date": "02 Jun 2022", "rating": {"bg_color": "#feba00", "title": "2"}}, {"user_name": "Neeraj", "user_image": "usr.image", "date": "30 May 2023", "rating": {"bg_color": "#ff4742", "title": "1"}, "user_image_feedback_list": [{"image_name": "IMG_20230530_105435_13b01de52-0c95-4009-bf75-03cc9a3971ef.jpg", "image_url": "https://images.oyoroomscdn.com/ugc-feedback-uploads/IMG_20230530_105435_13b01de52-0c95-4009-bf75-03cc9a3971ef.jpg", "type": "jpg", "uploaded_at": "2023-05-30", "image_id": "207283"}, {"image_name": "IMG_20230530_10543199c1b36c-5f79-40ce-935f-d6fc8de4becf.jpg", "image_url": "https://images.oyoroomscdn.com/ugc-feedback-uploads/IMG_20230530_10543199c1b36c-5f79-40ce-935f-d6fc8de4becf.jpg", "type": "jpg", "uploaded_at": "2023-05-30", "image_id": "207282"}]}, {"user_name": "Moumita", "user_image": "usr.image", "date": "08 May 2023", "rating": {"bg_color": "#ff4742", "title": "1"}, "user_image_feedback_list": [{"image_name": "JPEG_20230508_225431_5714794281438114695e9e1e1ec-162a-42b8-b07f-db9662564dc8.jpg", "image_url": "https://images.oyoroomscdn.com/ugc-feedback-uploads/JPEG_20230508_225431_5714794281438114695e9e1e1ec-162a-42b8-b07f-db9662564dc8.jpg", "type": "jpg", "uploaded_at": "2023-05-08", "image_id": "201176"}, {"image_name": "JPEG_20230508_225405_43607902122747583242a897282-5977-42bc-8f25-75a08026e1c8.jpg", "image_url": "https://images.oyoroomscdn.com/ugc-feedback-uploads/JPEG_20230508_225405_43607902122747583242a897282-5977-42bc-8f25-75a08026e1c8.jpg", "type": "jpg", "uploaded_at": "2023-05-08", "image_id": "201175"}]}, {"user_name": "Madhusudhan G", "user_image": "usr.image", "review_text": "Receptionist refused to give the room. He said they charge minimum 1000 for a room and I hadn't paid as much. Is it a waste booking a room through oyo using oyo money and coupons? Please take action. Thanks.", "date": "23 Apr 2023", "rating": {"bg_color": "#ff4742", "title": "1"}}, {"user_name": "Neeraj", "user_image": "usr.image", "review_text": "No fan . Ac was not working properly, it's so hot in city. Imagine without fan.\nWashroom fittings were all broken and pathetic condition. No working tv. Curtains hanging like some joke. Only thing good was staff behaviour. Polite and professional. 5 star for staffs", "date": "12 Apr 2023", "rating": {"bg_color": "#ff4742", "title": "1"}, "user_image_feedback_list": [{"image_name": "IMG_20230409_164123_1afd5b1ae-c386-463e-82f9-4c35a3c0f7a7.jpg", "image_url": "https://images.oyoroomscdn.com/ugc-feedback-uploads/IMG_20230409_164123_1afd5b1ae-c386-463e-82f9-4c35a3c0f7a7.jpg", "type": "jpg", "uploaded_at": "2023-04-12", "image_id": "193877"}, {"image_name": "IMG_20230409_164200_19ed388c9-171a-4997-b9e1-79c9c6b1c896.jpg", "image_url": "https://images.oyoroomscdn.com/ugc-feedback-uploads/IMG_20230409_164200_19ed388c9-171a-4997-b9e1-79c9c6b1c896.jpg", "type": "jpg", "uploaded_at": "2023-04-12", "image_id": "193876"}, {"image_name": "IMG_20230409_164112128e4fa6-9d40-4c48-b4f0-c6b058a0473a.jpg", "image_url": "https://images.oyoroomscdn.com/ugc-feedback-uploads/IMG_20230409_164112128e4fa6-9d40-4c48-b4f0-c6b058a0473a.jpg", "type": "jpg", "uploaded_at": "2023-04-12", "image_id": "193875"}, {"image_name": "IMG_20230409_164225316cf157-8d44-40a4-8f4d-8895191921ac.jpg", "image_url": "https://images.oyoroomscdn.com/ugc-feedback-uploads/IMG_20230409_164225316cf157-8d44-40a4-8f4d-8895191921ac.jpg", "type": "jpg", "uploaded_at": "2023-04-12", "image_id": "193874"}, {"image_name": "IMG_20230409_164116a7e00603-1ee9-4387-99a7-46a138665215.jpg", "image_url": "https://images.oyoroomscdn.com/ugc-feedback-uploads/IMG_20230409_164116a7e00603-1ee9-4387-99a7-46a138665215.jpg", "type": "jpg", "uploaded_at": "2023-04-12", "image_id": "193873"}, {"image_name": "IMG_20230409_16414218c2f2c7-b50a-40c0-9c19-0536ae6f5d89.jpg", "image_url": "https://images.oyoroomscdn.com/ugc-feedback-uploads/IMG_20230409_16414218c2f2c7-b50a-40c0-9c19-0536ae6f5d89.jpg", "type": "jpg", "uploaded_at": "2023-04-12", "image_id": "193872"}]}, {"user_name": "XXX XXX", "user_image": "usr.image", "review_text": "No water available in the room", "date": "29 Mar 2023", "rating": {"bg_color": "#ff4742", "title": "1"}}, {"user_name": "Sivaraj Subramanian", "user_image": "usr.image", "review_text": "Worst hotel i\u7ab6\u51b5e ever stayed. I booked and paid through mmt. I reached the hotel around 11pm. The manager told, he provide room if i can pay 500 extra. It was late night and i was tired. So i paid. The bathroom is not clean, ac wasn\u7ab6\u51b2 working, leakages in bathroom flush. Simply i can say it\u7ab6\u51b1 a terrible hotel. Only good thing is the reception manager is good, kind and responsive.", "date": "20 Mar 2023", "rating": {"bg_color": "#ff4742", "title": "1"}}, {"user_name": "Akshath", "user_image": "usr.image", "review_text": "Rooms were not cleaned. AC was not working. Toilet shooter was not working.  Had a very bad experience.", "date": "13 Mar 2023", "rating": {"bg_color": "#ff4742", "title": "1"}}, {"user_name": "Desire Abhilash", "user_image": "usr.image", "review_text": "Nothing.Room was not clean. Showerhead was broken. Staff were not helpful.", "date": "09 Mar 2023", "rating": {"bg_color": "#ff4742", "title": "1"}}, {"user_name": "Ragini", "user_image": "usr.image", "review_text": "Terrible experience.\nRooms : the rooms were very badly maintained and completely opposite of what is shown in the apps.\nWe had to change two rooms because of this.\nThe toilet had not been cleaned at all, the faucet was faulty, the shower head was broken, the ac remote wasn't working ( adding to that, the windows didn't open and there's no fan available so we had no choice but to sleep in the extreme cold temperature the ac was set at, or the extreme heat of the room).\nSheets were dirty, the room wasn't cleaned at all.\n\nWe had unfortunately made the payment beforehand and were unable to move to a different place due to the time constraint. But this wasn't worth it.\n\nService : the service staff couldn't care less about the quality of the room or the satisfaction of the guests.\n\nThis place is very close to manyata hence a lot of people would prefer it , but please look out for other options.", "date": "09 Mar 2023", "rating": {"bg_color": "#ff4742", "title": "1"}}, {"user_name": "Rajahvinoth Ramachandran", "user_image": "usr.image", "review_text": "At first oyo double booked another hotel in different city along with this hotel but successfully able to cancel other one. About this hotel the night staff you attended was so rude and did not speak polite for any query. I walked eveytime down to almost three times in two hours stay to get the service. No complementary  breakfast and room also had some hairs in the bed.No shampoo and showers bath room door lock broken.Highly overrated in oyo website. I won't recommend to anybody this hotel.", "date": "14 Feb 2023", "rating": {"bg_color": "#ff4742", "title": "1"}}, {"user_name": "Pranav Soin", "user_image": "usr.image", "review_text": "The first room was absolutely untidy, the bathroom had cockroach running in it with a water spilled all over the floor and there was hair on the toilet. \nThere were stains on the sheets. When asked to change they did but wasn't much of a difference. When asked for extra towel it wasn't available. This is the first time i have received such a terrible service from a townhouse.", "date": "13 Feb 2023", "rating": {"bg_color": "#ff4742", "title": "1"}}, {"user_name": "Kannagi", "user_image": "usr.image", "review_text": "When I booked in online it was 634, after reaching the hotel They asked to pay 400 extra. Rude behavior by (Night) receptionist Handling the customer so cheap... \nAnd made us to wait for more thn 30 mins...  By 11pm After traveling a long trip we wr tired. Dint understand the customer concern... Decided should never come back to this place and no more oyo", "date": "09 Feb 2023", "rating": {"bg_color": "#ff4742", "title": "1"}}, {"user_name": "Shazib Ahmed", "user_image": "usr.image", "review_text": "I booked a room for 600 rupees and it was confirmed by oyo a week before. The day when i visited the property owner said to pay 1450 or else they wont do check in. I spoke to oyo CS and they are also helpless.. It was very bad experience. If yoh cant give the room at booked prices then whats the point of booking online. At the end i was forced to pay 3 times the booking price.", "date": "30 Jan 2023", "rating": {"bg_color": "#ff4742", "title": "1"}}, {"user_name": "SyedZabiullah", "user_image": "usr.image", "review_text": "The ac was not working the tv was not functioning properly and rest we checked out early for all this hassle", "date": "17 Jan 2023", "rating": {"bg_color": "#ff4742", "title": "1"}}, {"user_name": "Kiran", "user_image": "usr.image", "review_text": "I booked the place for 680 rupees but when I reached the place , the receptionist denied my booking and demanded me to pay 1500 per room . \nFor the same 2x deluxe room . And no parking facility. \nPoor accommodation also", "date": "15 Jan 2023", "rating": {"bg_color": "#ff4742", "title": "1"}}, {"user_name": "Mohammed Roman Hussain", "user_image": "usr.image", "review_text": "No proper facilities like tv,no towel,no lift.. pathetic response", "date": "15 Jan 2023", "rating": {"bg_color": "#ff4742", "title": "1"}}, {"user_name": "aqib khan", "user_image": "usr.image", "review_text": "Not even basic requirement they can fullfill, no tovel no soap no no AC no fan", "date": "14 Jan 2023", "rating": {"bg_color": "#ff4742", "title": "1"}}, {"user_name": "Rishabh Vij", "user_image": "usr.image", "review_text": "Don't book this property. They ask for extra money while check in otherwise they don't allow to check-in. They are doing scam with Oyo and even room is not so good. cheapest hotel in name of townhouse.", "date": "14 Jan 2023", "rating": {"bg_color": "#ff4742", "title": "1"}}, {"user_name": "Harish", "user_image": "usr.image", "review_text": "Charging extra amount which is not fare even after online payment and no support from customer care unnecessary asking to wait and disconnecting the calls.", "date": "13 Jan 2023", "rating": {"bg_color": "#ff4742", "title": "1"}}, {"user_name": "Majji Rambabu", "user_image": "usr.image", "review_text": "They denied booking booking that i did in OYO app and looted extra money. It was very worst experience, i also booked for deluxe room, they gave the classic one. The staff behaviour also very rude.", "date": "07 Jan 2023", "rating": {"bg_color": "#ff4742", "title": "1"}}, {"user_name": "Abhimanyu RJ", "user_image": "usr.image", "review_text": "Ask fir extra money. Dint even accept online payment even if you pay through oyo aap it self they will ask for extra money. Rude staff\nSince last 3 stay they don't even Provide towel which is a basic thing. Asked for more payment then tge actual amount. At night have no option so took tge accommodation. Disappointed with you guys oyo", "date": "03 Jan 2023", "rating": {"bg_color": "#ff4742", "title": "1"}}, {"user_name": "Vivek Kumar", "user_image": "usr.image", "review_text": "When i reached at property they asked for extra money then their service was un acceptable", "date": "01 Jan 2023", "rating": {"bg_color": "#ff4742", "title": "1"}}, {"user_name": "Vardhana Braganza", "user_image": "usr.image", "review_text": "Very poor service. Check-in happened late as rooms were not ready. No towels and linen provided. No cleaning given to guest of toilet and room on daily basis. Staff was very rude.", "date": "31 Dec 2022", "rating": {"bg_color": "#ff4742", "title": "1"}}, {"user_name": "Anurag", "user_image": "usr.image", "review_text": "Bed not clean, bathroom spray jets not working. Ambience not satisfactory. No tea, breakfast available. Reception asked extra money out of what Oyo asked to pay.", "date": "29 Dec 2022", "rating": {"bg_color": "#ff4742", "title": "1"}}, {"user_name": "Lavanya SunilKumar", "user_image": "usr.image", "review_text": "The room was very under maintained and not cleaned properly. We have been charged extra from the property side. No proper service and everything was worst. Staff was rude enough. Nothing was maintained properly even TV and AC. Everything was disgusting", "date": "29 Dec 2022", "rating": {"bg_color": "#ff4742", "title": "1"}}, {"user_name": "Pallavi", "user_image": "usr.image", "review_text": "We booked the room  on 23rd dec for 704/- with coupon discounts and using oyo money,but on the day of checkin 24th dec receptionists demanded to pay 300 /- extra for no reason we paid 1000 rs for 1 day checked in around 7pm. Next day we went outside and reached 1 hour after checkout time ,again they demanded 300 extra for late checkout just for 90 mins late.\n\nSo it was a bad experience overall.please refund the extra money we paid.", "date": "26 Dec 2022", "rating": {"bg_color": "#ff4742", "title": "1"}}, {"user_name": "N HarishVarma", "user_image": "usr.image", "review_text": "Hotel charged extra amount after reaching the hotel,\nThere's no fan in the room and airconditioner is not working properly and the there's no door knob or lock for bathroom.", "date": "25 Dec 2022", "rating": {"bg_color": "#ff4742", "title": "1"}, "user_image_feedback_list": [{"image_name": "IMG202212250343547a44ffe0-1da8-40a1-a548-422dd3e1544e.jpg", "image_url": "https://images.oyoroomscdn.com/ugc-feedback-uploads/IMG202212250343547a44ffe0-1da8-40a1-a548-422dd3e1544e.jpg", "type": "jpg", "uploaded_at": "2022-12-25", "image_id": "159561"}]}, {"user_name": "lalkrishna", "user_image": "usr.image", "review_text": "Late entry by 2 hour,and got additional money from rate mentioned in oyo", "date": "24 Dec 2022", "rating": {"bg_color": "#ff4742", "title": "1"}}, {"user_name": "Dhruv Patel", "user_image": "usr.image", "review_text": "Towel was not given hot water Was not coming staff of roude atmosphere is not good for stay", "date": "12 Dec 2022", "rating": {"bg_color": "#ff4742", "title": "1"}}, {"user_name": "Sooraj", "user_image": "usr.image", "review_text": "Very poor service..arrogant staff. Bed sheets were not clean .Room has not be cleaned or mopped for weeks. Wont recommend at all.", "date": "08 Dec 2022", "rating": {"bg_color": "#ff4742", "title": "1"}}, {"user_name": "Vishaka", "user_image": "usr.image", "review_text": "The AC was not working, the bathroom door was broken, absolutely pathetic experience", "date": "06 Dec 2022", "rating": {"bg_color": "#ff4742", "title": "1"}}, {"user_name": "ShaikNahid", "user_image": "usr.image", "review_text": "No proper communication and no proper management", "date": "26 Nov 2022", "rating": {"bg_color": "#ff4742", "title": "1"}}, {"user_name": "Aathreya Sharma", "user_image": "usr.image", "review_text": "This was my first OYO booking as i use Airbnb mostly. It was literally the worst. The stay was average. The attitude of the people there was mind blowing. Had no idea people could be that arrogant to the point it was actually funny.", "date": "23 Nov 2022", "rating": {"bg_color": "#ff4742", "title": "1"}}, {"user_name": "Aswini Rout", "user_image": "usr.image", "review_text": "Very bad service even they don't given drinking water and matrices were not clean also TV was not working", "date": "11 Nov 2022", "rating": {"bg_color": "#ff4742", "title": "1"}}, {"user_name": "karthik", "user_image": "usr.image", "review_text": "Really vvv bad, service is not there& in room AC is not working properly fan option also not there , I'm paying extra charge in reception and no plates & glass also not available totally vvvv poor", "date": "30 Oct 2022", "rating": {"bg_color": "#ff4742", "title": "1"}}, {"user_name": "Joshua James", "user_image": "usr.image", "review_text": "The most disappointing stay ever, \nIt was 12:30am in the night, and we were unable to enter the property, called support and for next 30mins we went back and forth, and eventually after heated dialogue, the support moved us to a property 5km away and that place was filthy and disgusting, the pillow was nasty, bed sheet were definitely not washed and hallway was sickening \n\nIt's was an indeed an awful experience with OYO", "date": "26 Oct 2022", "rating": {"bg_color": "#ff4742", "title": "1"}}, {"user_name": "Ibrahim Khaleel", "user_image": "usr.image", "review_text": "Bad am book room and extra money pay.Show Lowe price bookd to extra cash", "date": "14 Oct 2022", "rating": {"bg_color": "#ff4742", "title": "1"}}, {"user_name": "Gourav", "user_image": "usr.image", "review_text": "All fittings and fixtures are damaged in the room. Untidy beds and washrooms. Exhaust fan not working", "date": "29 Sep 2022", "rating": {"bg_color": "#ff4742", "title": "1"}}, {"user_name": "RambarikiNaiduLDAJJY1523", "user_image": "usr.image", "review_text": "Ac is not at all working, the complete room was suffocated with heat, No air circulation, Opened windows to breath ourselve", "date": "26 Sep 2022", "rating": {"bg_color": "#ff4742", "title": "1"}}, {"user_name": "Sachin Naik", "user_image": "usr.image", "review_text": "TV remote doesn't have cell, asked for cell said TV service not available, AC is not good getting swet when AC ON , Very conjusted room. Fan is also not their. Total stay is not good", "date": "03 Sep 2022", "rating": {"bg_color": "#ff4742", "title": "1"}}, {"user_name": "Sarvesh", "user_image": "usr.image", "review_text": "Please do not choose this option, asking for extra money and the staff was very rude asking me to get out, I request Everyone to avoid this place", "date": "27 Aug 2022", "rating": {"bg_color": "#ff4742", "title": "1"}}, {"user_name": "Manaswi", "user_image": "usr.image", "review_text": "The worst experience", "date": "21 Aug 2022", "rating": {"bg_color": "#ff4742", "title": "1"}}, {"user_name": "Judith John", "user_image": "usr.image", "review_text": "Pillows were so dirty, floors were so sticky and AC was not working. The oyo made me pay extra after reaching the venue", "date": "17 Aug 2022", "rating": {"bg_color": "#ff4742", "title": "1"}}, {"user_name": "karanjeet Singh", "user_image": "usr.image", "review_text": "I had paid 500 rupees extra", "date": "14 Aug 2022", "rating": {"bg_color": "#ff4742", "title": "1"}}, {"user_name": "Sreehari R", "user_image": "usr.image", "review_text": "charged more than from the booking amount", "date": "13 Aug 2022", "rating": {"bg_color": "#ff4742", "title": "1"}}, {"user_name": "Samy Farhan", "user_image": "usr.image", "review_text": "Avoided to checkin", "date": "12 Aug 2022", "rating": {"bg_color": "#ff4742", "title": "1"}}, {"user_name": "Sheik Imran", "user_image": "usr.image", "review_text": "They have collect 1000 rupees from me", "date": "11 Aug 2022", "rating": {"bg_color": "#ff4742", "title": "1"}}, {"user_name": "Vishnu", "user_image": "usr.image", "review_text": "They asked me to pay 500 more", "date": "11 Aug 2022", "rating": {"bg_color": "#ff4742", "title": "1"}}, {"user_name": "Abhilash A", "user_image": "usr.image", "review_text": "Check in issues asked extra money", "date": "11 Aug 2022", "rating": {"bg_color": "#ff4742", "title": "1"}}, {"user_name": "Chime", "user_image": "usr.image", "review_text": "After paying the amount shown on the app and booking it , we went to the hotel and they asked us for 500rs more and said they don't let anyone stay anyone paying less than 1000rs. It took me  hours to reach to the place where the hotel was and i had no other choice and paid 500rs extra to stay there. The staff was rude and there was no towel available in the room.", "date": "11 Aug 2022", "rating": {"bg_color": "#ff4742", "title": "1"}}, {"user_name": "Sai CharanKB", "user_image": "usr.image", "review_text": "Minimum amount of 1k needs to be paid needless what u actually book oyo for in the app.", "date": "06 Aug 2022", "rating": {"bg_color": "#ff4742", "title": "1"}}, {"user_name": "Nandan", "user_image": "usr.image", "review_text": "Worst service by OYO, app shows offer as 600, hotel people not accept your offer money, they demand more money.\nFirst call me, otherwise I will circulate negative about this app.", "date": "05 Aug 2022", "rating": {"bg_color": "#ff4742", "title": "1"}}, {"user_name": "Shailesh", "user_image": "usr.image", "review_text": "The infrastructure is good but not clean not hygiene all the beds in this hotel is infested with small bugs. When you sleep your feel them crawling on your skin", "date": "05 Aug 2022", "rating": {"bg_color": "#ff4742", "title": "1"}}, {"user_name": "anjali", "user_image": "usr.image", "review_text": "Tv was not working. AC was not cooling the room. Poor check in experience . At the time of checkin they asked for more money although booking was done online and price was paid", "date": "31 Jul 2022", "rating": {"bg_color": "#ff4742", "title": "1"}}, {"user_name": "Nadeem", "user_image": "usr.image", "review_text": "They denied check in from oyo", "date": "31 Jul 2022", "rating": {"bg_color": "#ff4742", "title": "1"}}, {"user_name": "azar", "user_image": "usr.image", "review_text": "This was my worst stay till now on 'oyo'.  While I booked the room on oyo app, the bill of amount of showing me to pay : 700. Rs and after getting 100 Rs discount 600. While I reached the hotel at 12:00 am, receptionist asked me to pay 1000 Rs for my booking, I showed the booking ID reference amount on my phone, 600 and the person was very rude behavior asking me to pay 1000Rs to stay, and didn't want to listen to me about what I was to pay the amount of 600 RS which was on my oyo app, and saying that if I have any concen about this booking issue, I should call oyo customer care saying that the hotel were asking me to pay 1000Rs fot pay. At the time I didn't had time for this to discuss or argue with anyone, but the way he was behaving was very rude and disrespectful.. I've been felt really bad experience on this oyo booking.. \nThis issue has to be taken very seriously.. I'm not gonna let it go just like this..", "date": "29 Jul 2022", "rating": {"bg_color": "#ff4742", "title": "1"}}, {"user_name": "Rajith", "user_image": "usr.image", "review_text": "In application they show less amount and they took extra amount !!", "date": "29 Jul 2022", "rating": {"bg_color": "#ff4742", "title": "1"}}, {"user_name": "Imran", "user_image": "usr.image", "review_text": "Tv was not working i paid extra money worst experience", "date": "28 Jul 2022", "rating": {"bg_color": "#ff4742", "title": "1"}}, {"user_name": "Jabir M", "user_image": "usr.image", "review_text": "They have over charged me by asking to pay 370 extra although I have a booking from OYO. Staff was very rude, particularly the guy in the reception. They don&#39;t even look at you and talk. They don&#39;t allow outside food.", "date": "27 Jul 2022", "rating": {"bg_color": "#ff4742", "title": "1"}}]}}, {"data": {"title": "253 Verified Reviews", "rating_data": {"title": "4.1", "bg_color": "#58ac00", "tag": "Very Good", "subtitle": "1764 ratings on verified stays by guests"}, "sort_options": [{"type": "date-high", "title": "Recent reviews"}, {"type": "rating-high", "title": "High to low ratings"}, {"type": "rating-low", "title": "Low to high ratings"}], "is_last": true, "reviews": [{"user_name": "Joseph Raj", "user_image": "usr.image", "review_text": "The hotel staff asking extra money", "date": "25 Jul 2022", "rating": {"bg_color": "#ff4742", "title": "1"}}, {"user_name": "Joshua NicklesonJ", "user_image": "usr.image", "review_text": "They insisted to pay me extra even though I already paid online \ud83d\ude20", "date": "24 Jul 2022", "rating": {"bg_color": "#ff4742", "title": "1"}}, {"user_name": "akansha", "user_image": "usr.image", "review_text": "Very bad experience they ask for extra money Oyo services are going very poor day by day even the hotel staff not provide us utensils for had dinner very bad experience", "date": "22 Jul 2022", "rating": {"bg_color": "#ff4742", "title": "1"}}, {"user_name": "suhas", "user_image": "usr.image", "review_text": "Staff was asking more monry", "date": "20 Jul 2022", "rating": {"bg_color": "#ff4742", "title": "1"}}, {"user_name": "919108815142", "user_image": "usr.image", "review_text": "They asked for extra payment they took 1 thousand from us where as from oyo it was 618 and the bed sheers was so dirty very disappointed", "date": "19 Jul 2022", "rating": {"bg_color": "#ff4742", "title": "1"}}, {"user_name": "vaishnavi", "user_image": "usr.image", "review_text": "They charge extra money.rooms are horrible.", "date": "17 Jul 2022", "rating": {"bg_color": "#ff4742", "title": "1"}}, {"user_name": "Naveen", "user_image": "usr.image", "review_text": "collecting extra money.....", "date": "17 Jul 2022", "rating": {"bg_color": "#ff4742", "title": "1"}}, {"user_name": "Arjun Sasidharan", "user_image": "usr.image", "review_text": "Hotel charged me extra payment for the stay even though i made the payment in advance online", "date": "17 Jul 2022", "rating": {"bg_color": "#ff4742", "title": "1"}}, {"user_name": "Aravind", "user_image": "usr.image", "review_text": "They charged me extra cash", "date": "14 Jul 2022", "rating": {"bg_color": "#ff4742", "title": "1"}}, {"user_name": "Yashwanth", "user_image": "usr.image", "review_text": "No tv , no fans , Ac not working , they can\u2019t room below 1500rs . Simply making customers fools \ud83e\udd23\ud83e\udd23\ud83e\udd23\ud83e\udd23\ud83e\udd23.", "date": "14 Jul 2022", "rating": {"bg_color": "#ff4742", "title": "1"}}, {"user_name": "Harshinne", "user_image": "usr.image", "review_text": "They said they don\u2019t provide rooms for booking price and charged extra . Such a fraud stay", "date": "12 Jul 2022", "rating": {"bg_color": "#ff4742", "title": "1"}}, {"user_name": "Amogh", "user_image": "usr.image", "review_text": "no towel no toilet kit", "date": "11 Jul 2022", "rating": {"bg_color": "#ff4742", "title": "1"}}, {"user_name": "Surya", "user_image": "usr.image", "review_text": "don't use this oyo because in app show's less amount and we go to check in they are asking above 1k and infrastructure and very poor", "date": "11 Jul 2022", "rating": {"bg_color": "#ff4742", "title": "1"}}, {"user_name": "sunil naik", "user_image": "usr.image", "review_text": "worst hotel in Bangalore guys it's aaaaa baaaaaad and worst hotel ac is not working and tv is not working very bad and after payment they asking extra  money it's not safe for girls and couples badddddddd", "date": "10 Jul 2022", "rating": {"bg_color": "#ff4742", "title": "1"}}, {"user_name": "Ashish", "user_image": "usr.image", "review_text": "washroom jet was not working. \nTv was not working. \nAC is too noisy.", "date": "09 Jul 2022", "rating": {"bg_color": "#ff4742", "title": "1"}}, {"user_name": "Neeha Kaaynath", "user_image": "usr.image", "review_text": "unable to get my refund from oyo. trying to reach out since days.", "date": "09 Jul 2022", "rating": {"bg_color": "#ff4742", "title": "1"}}, {"user_name": "ashu Akshu", "user_image": "usr.image", "review_text": "vry bad and also we booked in online amout gone thr are not giving room also,,,so much of bad experience", "date": "09 Jul 2022", "rating": {"bg_color": "#ff4742", "title": "1"}}, {"user_name": "Mohan Raj", "user_image": "usr.image", "review_text": "charged extra than the booking amount... \ndisappointed...\ncustomer care was not help, when tried to raise complaint.", "date": "08 Jul 2022", "rating": {"bg_color": "#ff4742", "title": "1"}}, {"user_name": "Arhan", "user_image": "usr.image", "review_text": "Took extra 400 before checkin", "date": "07 Jul 2022", "rating": {"bg_color": "#ff4742", "title": "1"}}, {"user_name": "Mohan Rao", "user_image": "usr.image", "review_text": "The staff has no matters to talk,they take extra money and the manager there acts like a boss\nthey don't no how to handle the customer", "date": "07 Jul 2022", "rating": {"bg_color": "#ff4742", "title": "1"}}, {"user_name": "VIGNESH N", "user_image": "usr.image", "review_text": "They are charging Extra 450rs. If We book through OYO Application means also they are charging Extra amount.\nVery very worst.", "date": "04 Jul 2022", "rating": {"bg_color": "#ff4742", "title": "1"}}, {"user_name": "Ashik", "user_image": "usr.image", "review_text": "Denied booking", "date": "03 Jul 2022", "rating": {"bg_color": "#ff4742", "title": "1"}}, {"user_name": "Mukul", "user_image": "usr.image", "review_text": "I had to pay extra Rs.312, and the staff is very bad", "date": "03 Jul 2022", "rating": {"bg_color": "#ff4742", "title": "1"}}, {"user_name": "Kanika", "user_image": "usr.image", "review_text": "Highly unsatisfactory experience, rooms are not clean, washrooms do nit have any soap all bottles were empty, unclean washrooms. Place have lot of meat shops with smell. Not at all liked the ambiance, staff, area, rooms. Tv was not working, ac was not giving cooling", "date": "02 Jul 2022", "rating": {"bg_color": "#ff4742", "title": "1"}}, {"user_name": "Rajith", "user_image": "usr.image", "review_text": "They took 300 extra after payment in oyo app", "date": "25 Jun 2022", "rating": {"bg_color": "#ff4742", "title": "1"}}, {"user_name": "Vishnu Nair", "user_image": "usr.image", "review_text": "First of all the hotel was not satisfied with the price provided by Oyo..he made me pay 868 \u20b9 extra before checkin... terrible checkin experience...room was not clean , bed was broken... had to change room 3 times...bathroom was dirty..closet dirty... linen and towels was stained...terrible experience... they stop restaurant at 11 and have a condition that food cannot be ordered from outside... after order, it takes one hour for food(breakfast) to be delivered.", "date": "24 Jun 2022", "rating": {"bg_color": "#ff4742", "title": "1"}}, {"user_name": "Nikesh B", "user_image": "usr.image", "review_text": "climbed extra money than the booking cost", "date": "23 Jun 2022", "rating": {"bg_color": "#ff4742", "title": "1"}}, {"user_name": "Karthik", "user_image": "usr.image", "review_text": "Worst service.. flies all over. No tv and bathroom was so dirty", "date": "23 Jun 2022", "rating": {"bg_color": "#ff4742", "title": "1"}}, {"user_name": "G Bhupal Reddy", "user_image": "usr.image", "review_text": "They have over charged me by asking to pay 400 extra although I have a booking from OYO. Staff was very rude, particularly the guy in the reception. They don't even look at you and talk. They did not want to take a print of the ID and asked me to go to a cyber cafe and get a print. They don't allow outside food and cannot provide tea at 11AM in the morning.", "date": "21 Jun 2022", "rating": {"bg_color": "#ff4742", "title": "1"}}, {"user_name": "vijay kanth", "user_image": "usr.image", "review_text": "asked extra money.... and no hot water", "date": "21 Jun 2022", "rating": {"bg_color": "#ff4742", "title": "1"}}, {"user_name": "Shuaib M", "user_image": "usr.image", "review_text": "The sheets were dirty and dusty", "date": "21 Jun 2022", "rating": {"bg_color": "#ff4742", "title": "1"}}, {"user_name": "Vishwanath", "user_image": "usr.image", "review_text": "ass holes", "date": "20 Jun 2022", "rating": {"bg_color": "#ff4742", "title": "1"}}, {"user_name": "MURUGAN", "user_image": "usr.image", "review_text": "Worst place to stay full of cockroaches", "date": "20 Jun 2022", "rating": {"bg_color": "#ff4742", "title": "1"}}, {"user_name": "Ashwini", "user_image": "usr.image", "review_text": "i was charged extra at the hotel couldn't even connect to customer service", "date": "19 Jun 2022", "rating": {"bg_color": "#ff4742", "title": "1"}}, {"user_name": "Mujeeb", "user_image": "usr.image", "review_text": "Charged me extra money", "date": "18 Jun 2022", "rating": {"bg_color": "#ff4742", "title": "1"}}, {"user_name": "Suraj", "user_image": "usr.image", "review_text": "They charged me extra 354 saying the price 1000 and you have paid 646 already and pay the balance or call customer care and they will give you a different hotel.\nat the last moment i had no other option than paying him extra and this isnt fair", "date": "17 Jun 2022", "rating": {"bg_color": "#ff4742", "title": "1"}}, {"user_name": "Akshay Kumar", "user_image": "usr.image", "review_text": "we booked for 799 but the receptionist had took 1000 from us , and we ordered for lunch dat too service is poor we waited for an hour ,,kindly please dnt go to this hotel ,dat u may uncomfortable ..", "date": "16 Jun 2022", "rating": {"bg_color": "#ff4742", "title": "1"}}, {"user_name": "Abhinav Jaiswal", "user_image": "usr.image", "review_text": "Very very disappointed,if any one go to plan think 100 times..Room size,  near my destination.Price change when I came here,staff so rude,food price is so high n very bad service, room wasn&#39;t clean daily when i told hotel staff every time ignore me, room t.v. damaged, bathroom leakage n no towel hangers and no cloth hangers there.", "date": "15 Jun 2022", "rating": {"bg_color": "#ff4742", "title": "1"}}, {"user_name": "Syed Ikram", "user_image": "usr.image", "review_text": "happen. to charge me more then bookkin an receptionist for ride like any dis", "date": "14 Jun 2022", "rating": {"bg_color": "#ff4742", "title": "1"}}, {"user_name": "Sk Hassain", "user_image": "usr.image", "review_text": "money mind ! They took extra amount and for every customer they are asking extra amount . AC is not working properly . totally better to choose another property .", "date": "14 Jun 2022", "rating": {"bg_color": "#ff4742", "title": "1"}}, {"user_name": "Nikilesh Telu", "user_image": "usr.image", "review_text": "BED AND PILLOW COVERS ARE NOT CHANGED SERVICE IS VERY BAD FROM RECEPTION", "date": "13 Jun 2022", "rating": {"bg_color": "#ff4742", "title": "1"}}, {"user_name": "Vinay", "user_image": "usr.image", "date": "13 Jun 2022", "rating": {"bg_color": "#ff4742", "title": "1"}, "user_image_feedback_list": [{"image_name": "hotel_image_f819de04-50e1-4a9f-8342-c661d986fc529092373751234284832.jpeg", "image_url": "https://images.oyoroomscdn.com/ugc-feedback-uploads/hotel_image_f819de04-50e1-4a9f-8342-c661d986fc529092373751234284832.jpeg", "type": "jpeg", "uploaded_at": "2022-06-13", "image_id": "81260"}, {"image_name": "hotel_image_f819de04-50e1-4a9f-8342-c661d986fc527226243658463001854.jpeg", "image_url": "https://images.oyoroomscdn.com/ugc-feedback-uploads/hotel_image_f819de04-50e1-4a9f-8342-c661d986fc527226243658463001854.jpeg", "type": "jpeg", "uploaded_at": "2022-06-13", "image_id": "81259"}]}, {"user_name": "Mohammed Yaseen", "user_image": "usr.image", "review_text": "Charging extra money without any reason.", "date": "12 Jun 2022", "rating": {"bg_color": "#ff4742", "title": "1"}}, {"user_name": "GaneshKumar", "user_image": "usr.image", "review_text": "Asked for extra charge in hotel over and above what I paid online , Room is worse  , TV doesn't work ,I just run away in 3 hours , 100% not worth", "date": "12 Jun 2022", "rating": {"bg_color": "#ff4742", "title": "1"}}, {"user_name": "Zain Khan", "user_image": "usr.image", "review_text": "horrible experience", "date": "07 Jun 2022", "rating": {"bg_color": "#ff4742", "title": "1"}}, {"user_name": "Manjunath Hiremathg", "user_image": "usr.image", "review_text": "First they refused to give deluxe room because i have applied oyo coupons ,so at such rate you won't get the deluxe room call your customer support or oyo office ,when i somehow convinced them about deluxe room then they provided unhygienic unclean room which was worst and for the 3 night 2 days stay not even a single time they responded regarding cleaning room and everywhere cockroach and other insects were there . as i was not having time to argue and change the stay because of my interview scheduled in Manyata tech park so chose to keep quiet regarding this matter it was such a worst experience", "date": "07 Jun 2022", "rating": {"bg_color": "#ff4742", "title": "1"}, "user_image_feedback_list": [{"image_name": "hotel_image_daf129b0-aa4c-4be8-9bb1-0fbd992164c58662511154210365300.jpeg", "image_url": "https://images.oyoroomscdn.com/ugc-feedback-uploads/hotel_image_daf129b0-aa4c-4be8-9bb1-0fbd992164c58662511154210365300.jpeg", "type": "jpeg", "uploaded_at": "2022-06-07", "image_id": "77975"}, {"image_name": "hotel_image_daf129b0-aa4c-4be8-9bb1-0fbd992164c5920531921646594486.jpeg", "image_url": "https://images.oyoroomscdn.com/ugc-feedback-uploads/hotel_image_daf129b0-aa4c-4be8-9bb1-0fbd992164c5920531921646594486.jpeg", "type": "jpeg", "uploaded_at": "2022-06-07", "image_id": "77976"}, {"image_name": "hotel_image_daf129b0-aa4c-4be8-9bb1-0fbd992164c52690467181191001145.jpeg", "image_url": "https://images.oyoroomscdn.com/ugc-feedback-uploads/hotel_image_daf129b0-aa4c-4be8-9bb1-0fbd992164c52690467181191001145.jpeg", "type": "jpeg", "uploaded_at": "2022-06-07", "image_id": "77979"}, {"image_name": "hotel_image_daf129b0-aa4c-4be8-9bb1-0fbd992164c56498117281098681039.jpeg", "image_url": "https://images.oyoroomscdn.com/ugc-feedback-uploads/hotel_image_daf129b0-aa4c-4be8-9bb1-0fbd992164c56498117281098681039.jpeg", "type": "jpeg", "uploaded_at": "2022-06-07", "image_id": "77978"}]}, {"user_name": "Karthik", "user_image": "usr.image", "review_text": "Rood behaviour", "date": "06 Jun 2022", "rating": {"bg_color": "#ff4742", "title": "1"}}, {"user_name": "Yashas TN", "user_image": "usr.image", "review_text": "Very rude receptionist he made a worst checkin experience TV is not working, staffs are worst at service under cot no cleanliness done some bad smells coming all the time AC cooling is not proper no fan inside room", "date": "06 Jun 2022", "rating": {"bg_color": "#ff4742", "title": "1"}}, {"user_name": "Touheed", "user_image": "usr.image", "review_text": "Worst ever experience. No hygiene rooms bed cover pillows it self is not clean. If we ask receptionist to give us a another room he'll take 15 min to send staff and like this 2 rooms we have chnages and waste of time there in another room there was no look and handle to the washroom door more over in the washroom there is no water coming in water gun pathetic experience.", "date": "03 Jun 2022", "rating": {"bg_color": "#ff4742", "title": "1"}}, {"user_name": "Sampalle", "user_image": "usr.image", "review_text": "bad smell, no ventilation", "date": "03 Jun 2022", "rating": {"bg_color": "#ff4742", "title": "1"}}, {"user_name": "Sonal", "user_image": "usr.image", "review_text": "The washroom was stinking and upon requesting for cleaning or switching room the hotel folks never got back to me. plus there were cockroaches on the bed and the place was really uncomfortable", "date": "01 Jun 2022", "rating": {"bg_color": "#ff4742", "title": "1"}}]}}]