[{"data": {"title": "32 Verified Reviews", "rating_data": {"title": "4.0", "bg_color": "#58ac00", "tag": "Very Good", "subtitle": "251 ratings on verified stays by guests"}, "sort_options": [{"type": "date-high", "title": "Recent reviews"}, {"type": "rating-high", "title": "High to low ratings"}, {"type": "rating-low", "title": "Low to high ratings"}], "is_last": true, "reviews": [{"user_name": "Deepak", "user_image": "usr.image", "review_text": "Good", "date": "16 Nov 2022", "rating": {"bg_color": "#346000", "title": "5"}}, {"user_name": "Abhishek", "user_image": "usr.image", "review_text": "Staff was good , no check in problem. Room was clean, ac was working , bathroom was clean , shampoo and soap were provided", "date": "14 Nov 2022", "rating": {"bg_color": "#346000", "title": "5"}}, {"user_name": "fakrudheen akram", "user_image": "usr.image", "review_text": "nice experience", "date": "08 Nov 2022", "rating": {"bg_color": "#346000", "title": "5"}}, {"user_name": "Mb Chinnappa", "user_image": "usr.image", "review_text": "Good stay", "date": "29 Oct 2022", "rating": {"bg_color": "#346000", "title": "5"}}, {"user_name": "Sam Thomas", "user_image": "usr.image", "review_text": "Good hotels and reasonable price.. I request the customers to not pay the amount in advance through Oyo app because they will not be providing the rooms if you are the payment online as they have issues with Oyo. So go for book now and pay at hotel option if available", "date": "02 Aug 2022", "rating": {"bg_color": "#346000", "title": "5"}}, {"user_name": "Chetan Hebbar", "user_image": "usr.image", "review_text": "Nice location and rooms.", "date": "24 Jul 2022", "rating": {"bg_color": "#346000", "title": "5"}}, {"user_name": "Arnav Raj", "user_image": "usr.image", "review_text": "The experience was good", "date": "16 Jul 2022", "rating": {"bg_color": "#346000", "title": "5"}}, {"user_name": "Monica", "user_image": "usr.image", "review_text": "Not bad", "date": "12 Jul 2022", "rating": {"bg_color": "#346000", "title": "5"}}, {"user_name": "Mb Chinnappa", "user_image": "usr.image", "review_text": "hospitality", "date": "09 Jul 2022", "rating": {"bg_color": "#346000", "title": "5"}}, {"user_name": "Amit", "user_image": "usr.image", "review_text": "best hotel i have ever seen such a great price", "date": "09 Jul 2022", "rating": {"bg_color": "#346000", "title": "5"}}, {"user_name": "Shashank Shetty", "user_image": "usr.image", "review_text": "such a wonderful Experience Never Ever I got \ntq for the support by the mam and staff", "date": "09 Jul 2022", "rating": {"bg_color": "#346000", "title": "5"}}, {"user_name": "Venkatraman Ramadoss", "user_image": "usr.image", "review_text": "Ms.Yasshika s service is excellentService s good.", "date": "09 Jul 2022", "rating": {"bg_color": "#346000", "title": "5"}}, {"user_name": "Sharma Sarthak", "user_image": "usr.image", "review_text": "Awesome..Stay was amazing. Room were neat and clean. nValue for money.", "date": "22 Jun 2022", "rating": {"bg_color": "#346000", "title": "5"}}, {"user_name": "Prakash TulshiramAndhare", "user_image": "usr.image", "review_text": "pleasent stay...", "date": "15 Jun 2022", "rating": {"bg_color": "#346000", "title": "5"}}, {"user_name": "ANJALI S", "user_image": "usr.image", "review_text": "nice place to stay... safe.\nBut the staff should  learn to smile\ud83d\ude42", "date": "31 May 2022", "rating": {"bg_color": "#346000", "title": "5"}}, {"user_name": "Saino", "user_image": "usr.image", "review_text": "Perfect and good", "date": "19 Nov 2022", "rating": {"bg_color": "#58ac00", "title": "4"}}, {"user_name": "Abhinav HP", "user_image": "usr.image", "review_text": "Good one for. Could have been better with room service.", "date": "11 Oct 2022", "rating": {"bg_color": "#58ac00", "title": "4"}}, {"user_name": "Maggie", "user_image": "usr.image", "review_text": "Good", "date": "09 Aug 2022", "rating": {"bg_color": "#58ac00", "title": "4"}}, {"user_name": "G Bright", "user_image": "usr.image", "review_text": "They told to me u have to not pay on appnIf u pay on app we are not giving room", "date": "19 Jun 2022", "rating": {"bg_color": "#58ac00", "title": "4"}}, {"user_name": "Sneha Sajjan", "user_image": "usr.image", "review_text": "Room", "date": "05 Jun 2022", "rating": {"bg_color": "#58ac00", "title": "4"}}, {"user_name": "Chetan", "user_image": "usr.image", "review_text": "It's average stay. resturants are available near", "date": "30 Jul 2022", "rating": {"bg_color": "#8fc402", "title": "3"}}, {"user_name": "Rahul", "user_image": "usr.image", "review_text": "Cockroaches spotted", "date": "24 Jul 2022", "rating": {"bg_color": "#8fc402", "title": "3"}}, {"user_name": "Abhishek G", "user_image": "usr.image", "review_text": "Hassle-free check-innBudget friendly.Didn&#39;t know the place was Non-AC even though the rooms were fitted with AC&#39;s.nFeatures were not as expected.nNo balcony rooms offered as shown in images", "date": "06 Jul 2022", "rating": {"bg_color": "#8fc402", "title": "3"}}, {"user_name": "Setu Sagar", "user_image": "usr.image", "review_text": "Property is not giving rooms to people who have done online payments. Oyo support is also not helping out. Better not do online payment at this property", "date": "06 Jun 2022", "rating": {"bg_color": "#8fc402", "title": "3"}}, {"user_name": "Shikha Verma", "user_image": "usr.image", "review_text": "First it was ok to stay but they are charging extra if paid from oyo, also they are like not handling luggage, increasing the pay as they wished,even after talking to oyo still it's happening. They are like we will cancel the booking you can go to other place even when it's booked", "date": "25 Sep 2022", "rating": {"bg_color": "#ff4742", "title": "1"}}, {"user_name": "Prathap SAKAMURI", "user_image": "usr.image", "review_text": "No serviceBreakfast not provided.Only rate is okay", "date": "11 Jul 2022", "rating": {"bg_color": "#ff4742", "title": "1"}}, {"user_name": "Kaliprasad Badiger", "user_image": "usr.image", "review_text": "2 times I booked this hotel they told me sold out oyo taking over bookings but they are giving rooms to other people that I booked who's mistake is this I don't know but i faced lot of problems from this", "date": "06 Jul 2022", "rating": {"bg_color": "#ff4742", "title": "1"}}, {"user_name": "KAALI DAAS", "user_image": "usr.image", "review_text": "didnt get the room", "date": "27 Jun 2022", "rating": {"bg_color": "#ff4742", "title": "1"}}, {"user_name": "Vasundra Devi", "user_image": "usr.image", "review_text": "Nthg to like,just the room was ok.The staff there was so rude he didn&#39;t even cared about the customers he was so lethargic.His behaviour towards the customers is not so professional.you will not get a response properly pls choose your stay wisely", "date": "23 Jun 2022", "rating": {"bg_color": "#ff4742", "title": "1"}}, {"user_name": "Neethu Varghese", "user_image": "usr.image", "review_text": "TerribleRooms were good despite low rate of it.Terrible staffnHorrible check in experiencenA guy from there behaved badly to me and made feel completely unsafe for women", "date": "21 Jun 2022", "rating": {"bg_color": "#ff4742", "title": "1"}}, {"user_name": "PITTA SREENIVASULU", "user_image": "usr.image", "review_text": "This hotal Property Manager not alloweted Room", "date": "18 Jun 2022", "rating": {"bg_color": "#ff4742", "title": "1"}}, {"user_name": "Tarun Akula", "user_image": "usr.image", "review_text": "I booked a room. But at the time of arrival, they said rooms are not available.", "date": "12 Jun 2022", "rating": {"bg_color": "#ff4742", "title": "1"}}]}}]