[{"data": {"title": "155 Verified Reviews", "rating_data": {"title": "3.7", "bg_color": "#b4da55", "tag": "Good", "subtitle": "893 ratings on verified stays by guests"}, "sort_options": [{"type": "date-high", "title": "Recent reviews"}, {"type": "rating-high", "title": "High to low ratings"}, {"type": "rating-low", "title": "Low to high ratings"}], "is_last": false, "next_offset": 101, "reviews": [{"user_name": "Ahdulla", "user_image": "usr.image", "review_text": "Reception boy is very good boy roomo is nice bad is nice bathroom is very good I m going next time same hotel but give me discount", "date": "24 Apr 2023", "rating": {"bg_color": "#346000", "title": "5"}}, {"user_name": "ALAVOO", "user_image": "usr.image", "review_text": "Good and it was pleasant stay nice location good ambience and much more friendly staff and prefect location", "date": "24 Apr 2023", "rating": {"bg_color": "#346000", "title": "5"}}, {"user_name": "Chandu", "user_image": "usr.image", "date": "05 Apr 2023", "rating": {"bg_color": "#346000", "title": "5"}, "user_image_feedback_list": [{"image_name": "IMG_9271e4bd22ac-2367-4419-b7e3-a285f0ef56e6.jpeg", "image_url": "https://images.oyoroomscdn.com/ugc-feedback-uploads/IMG_9271e4bd22ac-2367-4419-b7e3-a285f0ef56e6.jpeg", "type": "jpeg", "uploaded_at": "2023-04-05", "image_id": "191538"}]}, {"user_name": "Narayan", "user_image": "usr.image", "review_text": "It's good space to stay,\n.", "date": "28 Mar 2023", "rating": {"bg_color": "#346000", "title": "5"}}, {"user_name": "Prajjwal Chandel", "user_image": "usr.image", "review_text": "Amazing place best to visit", "date": "18 Mar 2023", "rating": {"bg_color": "#346000", "title": "5"}}, {"user_name": "MANTESH", "user_image": "usr.image", "review_text": "Good rooms cleaning super workers helping with you nexus mall nearest 40 meters comapert room a/c nice", "date": "09 Mar 2023", "rating": {"bg_color": "#346000", "title": "5"}}, {"user_name": "Nischith AC", "user_image": "usr.image", "review_text": "Good", "date": "28 Jan 2023", "rating": {"bg_color": "#346000", "title": "5"}}, {"user_name": "Srikanth Reddy", "user_image": "usr.image", "review_text": "Good", "date": "01 Jan 2023", "rating": {"bg_color": "#346000", "title": "5"}}, {"user_name": "LAKSHMANAN", "user_image": "usr.image", "review_text": "Good infrastructure and cleaning perfect", "date": "30 Dec 2022", "rating": {"bg_color": "#346000", "title": "5"}}, {"user_name": "jayanth sai", "user_image": "usr.image", "review_text": "Nice hotel", "date": "30 Dec 2022", "rating": {"bg_color": "#346000", "title": "5"}}, {"user_name": "Suvitha Shree", "user_image": "usr.image", "review_text": "Reasonable.  Bathrooms are not good.  But otherwise it'd ok.\n Go it for 1 or 2 days stay.", "date": "30 Dec 2022", "rating": {"bg_color": "#346000", "title": "5"}}, {"user_name": "jayanth sai", "user_image": "usr.image", "review_text": "The live inn is nice hotel nice hotel service and clean neat igini", "date": "29 Dec 2022", "rating": {"bg_color": "#346000", "title": "5"}}, {"user_name": "Suresh KV", "user_image": "usr.image", "review_text": "Rooms are maintained very nicely. They provided ac room for us. We have enjoyed our stay . All amenities are good . But wifi is not connecting. Apart from it, everything is nice and clean", "date": "29 Dec 2022", "rating": {"bg_color": "#346000", "title": "5"}}, {"user_name": "Ashok chandra", "user_image": "usr.image", "review_text": "Everything was good but the hotel management charged 200rs extra at the time of check-in even though we have done the ful payment online.", "date": "28 Dec 2022", "rating": {"bg_color": "#346000", "title": "5"}}, {"user_name": "prajwal prajwal", "user_image": "usr.image", "review_text": "NEAT AND CLEAN\ud83c\udf39", "date": "28 Dec 2022", "rating": {"bg_color": "#346000", "title": "5"}}, {"user_name": "Binod ghosh", "user_image": "usr.image", "review_text": "Stays was excellentl", "date": "22 Dec 2022", "rating": {"bg_color": "#346000", "title": "5"}}, {"user_name": "Ashok chandra", "user_image": "usr.image", "review_text": "Loved it's location, Room, would recommend you to go for it.", "date": "12 Dec 2022", "rating": {"bg_color": "#346000", "title": "5"}}, {"user_name": "Shaik Irfaan...", "user_image": "usr.image", "review_text": "The room was excellent....", "date": "26 Nov 2022", "rating": {"bg_color": "#346000", "title": "5"}}, {"user_name": "shaikpatnoollimran", "user_image": "usr.image", "review_text": "Good", "date": "07 Nov 2022", "rating": {"bg_color": "#346000", "title": "5"}}, {"user_name": "Praveen Kumar", "user_image": "usr.image", "date": "24 Oct 2022", "rating": {"bg_color": "#346000", "title": "5"}, "user_image_feedback_list": [{"image_name": "JPEG_20221024_131224_22541897408416904647212c58-58ac-4833-818a-763c4ddd18c4.jpg", "image_url": "https://images.oyoroomscdn.com/ugc-feedback-uploads/JPEG_20221024_131224_22541897408416904647212c58-58ac-4833-818a-763c4ddd18c4.jpg", "type": "jpg", "uploaded_at": "2022-10-24", "image_id": "137657"}]}, {"user_name": "Sachin", "user_image": "usr.image", "review_text": "It was raining badly ,I got thus nearby place to stay", "date": "15 Oct 2022", "rating": {"bg_color": "#346000", "title": "5"}}, {"user_name": "Shaik Irfaan...", "user_image": "usr.image", "review_text": "I am always having a good experience with this place....", "date": "14 Oct 2022", "rating": {"bg_color": "#346000", "title": "5"}}, {"user_name": "Boji", "user_image": "usr.image", "review_text": "All are fine but Please place soap and shampoo in Washroom", "date": "04 Oct 2022", "rating": {"bg_color": "#346000", "title": "5"}}, {"user_name": "Harshit raj", "user_image": "usr.image", "review_text": "Liked the cleanliness and convenience provided by the polite and up to the mark hotel staff.", "date": "03 Oct 2022", "rating": {"bg_color": "#346000", "title": "5"}}, {"user_name": "dhiraj bhatt", "user_image": "usr.image", "review_text": "Rooms were clean i have been to this hotel for so many times, i recomend this hotel", "date": "29 Sep 2022", "rating": {"bg_color": "#346000", "title": "5"}}, {"user_name": "Aravind", "user_image": "usr.image", "review_text": "Good  matainence but room service not good", "date": "26 Sep 2022", "rating": {"bg_color": "#346000", "title": "5"}}, {"user_name": "SubakumarDayalan", "user_image": "usr.image", "review_text": "Hotel stay in Bangalore is awesome", "date": "12 Sep 2022", "rating": {"bg_color": "#346000", "title": "5"}}, {"user_name": "Vin", "user_image": "usr.image", "review_text": "The room was good but the varanda need to be clean regularly. Drinks bottle and plate on the floor in morning hours.", "date": "08 Sep 2022", "rating": {"bg_color": "#346000", "title": "5"}}, {"user_name": "Atiq Khan", "user_image": "usr.image", "review_text": "Superb and non disturbing is fentastic", "date": "07 Sep 2022", "rating": {"bg_color": "#346000", "title": "5"}}, {"user_name": "Shankar.p", "user_image": "usr.image", "review_text": "Good location and good service providing plate for food. And service, room is so clean n heater working cool and simply superb location too.", "date": "05 Sep 2022", "rating": {"bg_color": "#346000", "title": "5"}}, {"user_name": "Bijay", "user_image": "usr.image", "review_text": "Nice nice nice \ud83d\udc4d", "date": "25 Aug 2022", "rating": {"bg_color": "#346000", "title": "5"}}, {"user_name": "sawre ankit", "user_image": "usr.image", "review_text": "Hotel is good..star is very good..amd ac is also working..and very nice location..and givan one hotel water for drinking.", "date": "24 Aug 2022", "rating": {"bg_color": "#346000", "title": "5"}}, {"user_name": "Sangeeta Panda", "user_image": "usr.image", "review_text": "All are good... Good job", "date": "22 Aug 2022", "rating": {"bg_color": "#346000", "title": "5"}}, {"user_name": "rohitt singh", "user_image": "usr.image", "review_text": "Good experience", "date": "13 Aug 2022", "rating": {"bg_color": "#346000", "title": "5"}}, {"user_name": "Shaik Irfaan...", "user_image": "usr.image", "review_text": "It was a good experience in this place and as well as with staff....", "date": "09 Aug 2022", "rating": {"bg_color": "#346000", "title": "5"}}, {"user_name": "laxman", "user_image": "usr.image", "review_text": "Good", "date": "07 Aug 2022", "rating": {"bg_color": "#346000", "title": "5"}}, {"user_name": "pradeep Kumar", "user_image": "usr.image", "review_text": "Good", "date": "07 Aug 2022", "rating": {"bg_color": "#346000", "title": "5"}}, {"user_name": "Atif Khan", "user_image": "usr.image", "review_text": "It is very nice to stay this hotel. The benifit of staying here is near by Accenture office and near to heart of bangalore-kormangala. Accessibility is very good from here for everything.", "date": "06 Aug 2022", "rating": {"bg_color": "#346000", "title": "5"}}, {"user_name": "Sangeeta Panda", "user_image": "usr.image", "review_text": "I like rooms and location.", "date": "31 Jul 2022", "rating": {"bg_color": "#346000", "title": "5"}}, {"user_name": "Gopikaa", "user_image": "usr.image", "review_text": "The rooms were clean. Staff were approachable", "date": "30 Jul 2022", "rating": {"bg_color": "#346000", "title": "5"}}, {"user_name": "Ananth", "user_image": "usr.image", "review_text": "Awesome experience", "date": "29 Jul 2022", "rating": {"bg_color": "#346000", "title": "5"}}, {"user_name": "Deenath", "user_image": "usr.image", "review_text": "Good", "date": "13 Jul 2022", "rating": {"bg_color": "#346000", "title": "5"}}, {"user_name": "Muhammed AmanVNajeeb", "user_image": "usr.image", "review_text": "The service was very good . The room was neat and clean than what I expected . The way the receptionist behave to the customer is very polite and so friendly. But the only problem is ,it is very hard to get a cab from there ....no accessibility of cabs at needed time .  After all it's a good experience for a single person or a couple .", "date": "10 Jul 2022", "rating": {"bg_color": "#346000", "title": "5"}}, {"user_name": "Febin", "user_image": "usr.image", "review_text": "Stay was good.", "date": "14 Jan 2023", "rating": {"bg_color": "#58ac00", "title": "4"}}, {"user_name": "Vinay", "user_image": "usr.image", "review_text": "Best and affordable for couples and singles, cleaning and maintaince good, Rooms are good, forum walkable distance", "date": "04 Dec 2022", "rating": {"bg_color": "#58ac00", "title": "4"}}, {"user_name": "DJ", "user_image": "usr.image", "review_text": "It was good but they didnt provided proper room. And please look into the hotels as they provide good rooms to oyo user", "date": "14 Oct 2022", "rating": {"bg_color": "#58ac00", "title": "4"}}, {"user_name": "Aravind", "user_image": "usr.image", "review_text": "Good but some extra money I pay", "date": "17 Sep 2022", "rating": {"bg_color": "#58ac00", "title": "4"}}, {"user_name": "Aishwarya Patel", "user_image": "usr.image", "review_text": "Great location just front of PVR. \nRoom is sanitized and clean", "date": "14 Sep 2022", "rating": {"bg_color": "#58ac00", "title": "4"}}, {"user_name": "Vaseem", "user_image": "usr.image", "review_text": "Not bad", "date": "06 Sep 2022", "rating": {"bg_color": "#58ac00", "title": "4"}}, {"user_name": "Saurav Pal", "user_image": "usr.image", "review_text": "Decent room with good service", "date": "04 Sep 2022", "rating": {"bg_color": "#58ac00", "title": "4"}}, {"user_name": "Vijay DeepNagar", "user_image": "usr.image", "review_text": "Decent place for the price", "date": "03 Sep 2022", "rating": {"bg_color": "#58ac00", "title": "4"}}, {"user_name": "Gautami", "user_image": "usr.image", "review_text": "Good", "date": "01 Sep 2022", "rating": {"bg_color": "#58ac00", "title": "4"}}, {"user_name": "Shweta", "user_image": "usr.image", "review_text": "The room was good. The washroom was clean but the water there kept flowing. Also the TV didn't work. And the AC remote didn't have batteries. But my stay was fine", "date": "12 Aug 2022", "rating": {"bg_color": "#58ac00", "title": "4"}}, {"user_name": "sawre ankit", "user_image": "usr.image", "review_text": "Over All good location is good..staf  is sportive ..", "date": "03 Aug 2022", "rating": {"bg_color": "#58ac00", "title": "4"}}, {"user_name": "Teja S", "user_image": "usr.image", "review_text": "It was affordable, decent staff, in total liked the stay", "date": "03 Aug 2022", "rating": {"bg_color": "#58ac00", "title": "4"}}, {"user_name": "Inshad", "user_image": "usr.image", "review_text": "Nice experience from here", "date": "31 Jul 2022", "rating": {"bg_color": "#58ac00", "title": "4"}}, {"user_name": "Vishal Ajay Sangolekar", "user_image": "usr.image", "review_text": "Good", "date": "09 Jun 2022", "rating": {"bg_color": "#58ac00", "title": "4"}}, {"user_name": "Ranjithprabhu", "user_image": "usr.image", "review_text": "Room was not clean, there are so many tiny and Minu cockroaches in the room. AC is not working. Tv also did not have basic channels", "date": "30 Apr 2023", "rating": {"bg_color": "#8fc402", "title": "3"}}, {"user_name": "RiYaz", "user_image": "usr.image", "review_text": "Cockroaches in room", "date": "07 Apr 2023", "rating": {"bg_color": "#8fc402", "title": "3"}}, {"user_name": "Bhaskar", "user_image": "usr.image", "review_text": "Good", "date": "16 Mar 2023", "rating": {"bg_color": "#8fc402", "title": "3"}}, {"user_name": "Abdul Latheef", "user_image": "usr.image", "review_text": "price was very high, gizar was turning on but in tap no hot water, we had to take bath in cold water.", "date": "12 Mar 2023", "rating": {"bg_color": "#8fc402", "title": "3"}}, {"user_name": "Sooraj S", "user_image": "usr.image", "review_text": "Floors where slippery, washroom not so clean. No exhaust fan for washroom. Good night mosquito killer would be needed.", "date": "25 Feb 2023", "rating": {"bg_color": "#8fc402", "title": "3"}}, {"user_name": "Nikita Panda", "user_image": "usr.image", "review_text": "Location is good just near to nexus mall, Koramangala.\nRoom was average. For one day stay it's is okay\nI will say it's not that good not that bad it's okay okay kind of hotel.", "date": "05 Feb 2023", "rating": {"bg_color": "#8fc402", "title": "3"}}, {"user_name": "ujjwal", "user_image": "usr.image", "review_text": "Being a OTH they have no such facilities like food or anything. It\u2019s just a regular hotel. If you\u2019re looking for an actual Townhouse this is not the place. \n\nOtherwise rest everything seemed fine.", "date": "30 Dec 2022", "rating": {"bg_color": "#8fc402", "title": "3"}}, {"user_name": "Ganesh Kotadia", "user_image": "usr.image", "review_text": "The hotel was clean, the staff could have responded a little better. Was denied checkin at fist, but then oyo helped.", "date": "21 Dec 2022", "rating": {"bg_color": "#8fc402", "title": "3"}}, {"user_name": "Nithin T", "user_image": "usr.image", "review_text": "Room service, blanket, bedsheet change service and cleaning services are pritty bad\n\nRoom space, bathroom, and value for money compared to other hotels nearby. \n\nWater leaking in bathroom still not fixed, so might need to expect the same for others too.", "date": "12 Oct 2022", "rating": {"bg_color": "#8fc402", "title": "3"}}, {"user_name": "Imran Imran", "user_image": "usr.image", "review_text": "It is not clean", "date": "10 Oct 2022", "rating": {"bg_color": "#8fc402", "title": "3"}}, {"user_name": "Kalyan Gadireddy", "user_image": "usr.image", "review_text": "Good location.. average rooms", "date": "19 Sep 2022", "rating": {"bg_color": "#8fc402", "title": "3"}}, {"user_name": "Sarfaraz Hussain", "user_image": "usr.image", "review_text": "Happening locality.. But not a very good room", "date": "17 Sep 2022", "rating": {"bg_color": "#8fc402", "title": "3"}}, {"user_name": "Dildar Ansari", "user_image": "usr.image", "review_text": "For one night stay it can be adjusted.... Not clean washroom or room....", "date": "15 Sep 2022", "rating": {"bg_color": "#8fc402", "title": "3"}, "user_image_feedback_list": [{"image_name": "IMG_20220913_221217a53992b6-5f37-4599-8a20-1b5cfc7cb881.jpg", "image_url": "https://images.oyoroomscdn.com/ugc-feedback-uploads/IMG_20220913_221217a53992b6-5f37-4599-8a20-1b5cfc7cb881.jpg", "type": "jpg", "uploaded_at": "2022-09-15", "image_id": "119871"}, {"image_name": "IMG_20220913_22115418dd4858-377d-401d-9f65-6f91f546ada9.jpg", "image_url": "https://images.oyoroomscdn.com/ugc-feedback-uploads/IMG_20220913_22115418dd4858-377d-401d-9f65-6f91f546ada9.jpg", "type": "jpg", "uploaded_at": "2022-09-15", "image_id": "119872"}, {"image_name": "IMG_20220913_22123294adf6dd-3a89-4f26-97a9-c525faf3efbe.jpg", "image_url": "https://images.oyoroomscdn.com/ugc-feedback-uploads/IMG_20220913_22123294adf6dd-3a89-4f26-97a9-c525faf3efbe.jpg", "type": "jpg", "uploaded_at": "2022-09-15", "image_id": "119870"}]}, {"user_name": "Pulastya Gangopadhyay", "user_image": "usr.image", "review_text": "It's a good economic place, located in the heart of Koramangala. However, for the price, extremely minimal services - I mean the staff is helpful for the bare minimum but for a branded hotel in the heart of Bangalore, you don't really expect soggy walls, a room lock that barely works and clearly dirty bedsheets. It was an issueless stay otherwise.", "date": "11 Sep 2022", "rating": {"bg_color": "#8fc402", "title": "3"}}, {"user_name": "santosh", "user_image": "usr.image", "review_text": "Room was clean but AC and TV are not in working condition.", "date": "10 Sep 2022", "rating": {"bg_color": "#8fc402", "title": "3"}}, {"user_name": "Kalyan", "user_image": "usr.image", "review_text": "Good", "date": "10 Sep 2022", "rating": {"bg_color": "#8fc402", "title": "3"}}, {"user_name": "Anoop J P", "user_image": "usr.image", "review_text": "didn't allow to pay by app in which I have a discount, so i have to pay at hotel with no discount", "date": "08 Sep 2022", "rating": {"bg_color": "#8fc402", "title": "3"}}, {"user_name": "Shubhojeet Mondal", "user_image": "usr.image", "review_text": "24/7open. Okayish room.", "date": "01 Aug 2022", "rating": {"bg_color": "#8fc402", "title": "3"}}, {"user_name": "Vysakh V", "user_image": "usr.image", "review_text": "staff randomly ask permission to get inside for inspecting tv connection or things like that", "date": "31 Jul 2022", "rating": {"bg_color": "#8fc402", "title": "3"}}, {"user_name": "Ananth", "user_image": "usr.image", "review_text": "Good", "date": "29 Jul 2022", "rating": {"bg_color": "#8fc402", "title": "3"}}, {"user_name": "Ananth", "user_image": "usr.image", "review_text": "Average room", "date": "23 Jul 2022", "rating": {"bg_color": "#8fc402", "title": "3"}}, {"user_name": "Amjad Khan", "user_image": "usr.image", "review_text": "No tv on and phone are dead", "date": "20 Jul 2022", "rating": {"bg_color": "#8fc402", "title": "3"}}, {"user_name": "Jithin M", "user_image": "usr.image", "review_text": "No wifi", "date": "12 Jul 2022", "rating": {"bg_color": "#8fc402", "title": "3"}}, {"user_name": "Aravind", "user_image": "usr.image", "review_text": "AC AND TELEVISION NOT WORKING PROPERLY", "date": "13 Jun 2022", "rating": {"bg_color": "#8fc402", "title": "3"}}, {"user_name": "Ayush", "user_image": "usr.image", "review_text": "Dirty bathroom,\nBed linen was not cleaned properly \nAC was not working properly", "date": "07 Apr 2023", "rating": {"bg_color": "#feba00", "title": "2"}}, {"user_name": "Anand John", "user_image": "usr.image", "review_text": "Look guys, for a hotel this cheap, you cant really expect world-class treatment or facilities. While the rooms could&#39;ve been a bit cleaner, the staff was actually cooperative and gave us a better room when requested. The ONE great thing about this property is that it is bang opposite the Forum Nexus mall, which makes it very convenient. In the end, just remember that you only get what you pay for, enough said.", "date": "18 Jan 2023", "rating": {"bg_color": "#feba00", "title": "2"}}, {"user_name": "Poojitha", "user_image": "usr.image", "review_text": "They asked for extra money", "date": "31 Dec 2022", "rating": {"bg_color": "#feba00", "title": "2"}}, {"user_name": "Guru", "user_image": "usr.image", "review_text": "Room was full of cockroaches, TV was not recharged even after informing multiple times. Very bad", "date": "18 Dec 2022", "rating": {"bg_color": "#feba00", "title": "2"}}, {"user_name": "Dhanush", "user_image": "usr.image", "review_text": "Rooms were not like the pics shown in the app.. It was extremely dirty and very small no highine and cleanness", "date": "14 Dec 2022", "rating": {"bg_color": "#feba00", "title": "2"}}, {"user_name": "RENUKA Kulkarni", "user_image": "usr.image", "review_text": "Worst full of cockroaches no hygiene maintained never try this hotel very worst experioence", "date": "04 Dec 2022", "rating": {"bg_color": "#feba00", "title": "2"}}, {"user_name": "Swastik Das", "user_image": "usr.image", "review_text": "Location-Excellent\ncleanliness-a big no. Cockroaches and all roaming around.\nStaff behaviour- okayish\nWiFi/power- unstable", "date": "22 Oct 2022", "rating": {"bg_color": "#feba00", "title": "2"}}, {"user_name": "Dhana", "user_image": "usr.image", "review_text": "AC not working", "date": "19 Oct 2022", "rating": {"bg_color": "#feba00", "title": "2"}}, {"user_name": "Jayanth", "user_image": "usr.image", "review_text": "First time I stays there it was good.  But last time it's was not all good..Not clean room n bed are in bad condition not cleaned blankets", "date": "19 Oct 2022", "rating": {"bg_color": "#feba00", "title": "2"}}, {"user_name": "Joydip Chowdhury", "user_image": "usr.image", "review_text": "1. I wanted early check in by 11. They refused and asked me to come at 12 only. Once I was there at 12, they couldn't provide me room till 12:45\n\n2. They told they don't follow the payment on oyo app. And charged me 500 extra. Why don't oyo remove them from the app if they don't follow the policies?\n\n3. There were roaches in the room and on the bed. Totally unhygienic. My advice would be not to go to this place.", "date": "17 Oct 2022", "rating": {"bg_color": "#feba00", "title": "2"}}, {"user_name": "Amartya", "user_image": "usr.image", "review_text": "The rooms are not clean neither well maintained also the manager doesn't care about your bookin", "date": "06 Sep 2022", "rating": {"bg_color": "#feba00", "title": "2"}}, {"user_name": "ASHIQUE E", "user_image": "usr.image", "review_text": "Toilet and room are foul smelling.. Not cleaned and charged extra also.. Not providing breakfast", "date": "22 Aug 2022", "rating": {"bg_color": "#feba00", "title": "2"}}, {"user_name": "Nishant Kumar", "user_image": "usr.image", "review_text": "Room was full packed, no space beside bed also. No water in room had to get it from down. The owner denied online pre-payment he so that I don't get discount. Told to pay full amount", "date": "20 Aug 2022", "rating": {"bg_color": "#feba00", "title": "2"}}, {"user_name": "Shivam", "user_image": "usr.image", "review_text": "Bad experience", "date": "12 Aug 2022", "rating": {"bg_color": "#feba00", "title": "2"}}, {"user_name": "Joseph Louis", "user_image": "usr.image", "date": "03 Jul 2022", "rating": {"bg_color": "#feba00", "title": "2"}, "user_image_feedback_list": [{"image_name": "hotel_image_b6c9576b-67ac-4cdd-a63b-13ce0e81b0856426578071231437561.jpeg", "image_url": "https://images.oyoroomscdn.com/ugc-feedback-uploads/hotel_image_b6c9576b-67ac-4cdd-a63b-13ce0e81b0856426578071231437561.jpeg", "type": "jpeg", "uploaded_at": "2022-07-03", "image_id": "90836"}, {"image_name": "hotel_image_b6c9576b-67ac-4cdd-a63b-13ce0e81b0855240383923172678232.jpeg", "image_url": "https://images.oyoroomscdn.com/ugc-feedback-uploads/hotel_image_b6c9576b-67ac-4cdd-a63b-13ce0e81b0855240383923172678232.jpeg", "type": "jpeg", "uploaded_at": "2022-07-03", "image_id": "90840"}, {"image_name": "hotel_image_b6c9576b-67ac-4cdd-a63b-13ce0e81b0852480059163168644217.jpeg", "image_url": "https://images.oyoroomscdn.com/ugc-feedback-uploads/hotel_image_b6c9576b-67ac-4cdd-a63b-13ce0e81b0852480059163168644217.jpeg", "type": "jpeg", "uploaded_at": "2022-07-03", "image_id": "90837"}, {"image_name": "hotel_image_b6c9576b-67ac-4cdd-a63b-13ce0e81b0857698087693733743359.jpeg", "image_url": "https://images.oyoroomscdn.com/ugc-feedback-uploads/hotel_image_b6c9576b-67ac-4cdd-a63b-13ce0e81b0857698087693733743359.jpeg", "type": "jpeg", "uploaded_at": "2022-07-03", "image_id": "90838"}]}, {"user_name": "1201", "user_image": "usr.image", "review_text": "they charged extra amount", "date": "26 Jun 2022", "rating": {"bg_color": "#feba00", "title": "2"}}, {"user_name": "Nazeef Ahmed", "user_image": "usr.image", "review_text": "BBB", "date": "25 Jun 2022", "rating": {"bg_color": "#feba00", "title": "2"}}, {"user_name": "Saurabh Ranjan", "user_image": "usr.image", "review_text": "No AC, no TV", "date": "21 Jun 2022", "rating": {"bg_color": "#feba00", "title": "2"}}, {"user_name": "Harsh Vishal", "user_image": "usr.image", "review_text": "The most filthy and worst hotel I have come across in my life. Bead sheet is torn, no cleanliness, dirty stain marks everywhere. Not at all a liveable place", "date": "17 Apr 2023", "rating": {"bg_color": "#ff4742", "title": "1"}, "user_image_feedback_list": [{"image_name": "445BB935-8648-4FCD-980F-3E678333986Ee75d5aa2-c540-48f6-87a6-92d54cdc4fb0.jpeg", "image_url": "https://images.oyoroomscdn.com/ugc-feedback-uploads/445BB935-8648-4FCD-980F-3E678333986Ee75d5aa2-c540-48f6-87a6-92d54cdc4fb0.jpeg", "type": "jpeg", "uploaded_at": "2023-04-17", "image_id": "195242"}, {"image_name": "3694850F-3D1E-4EA0-8448-0065572E479F752a06fe-92a0-472b-9b44-d3dc0f52405a.jpeg", "image_url": "https://images.oyoroomscdn.com/ugc-feedback-uploads/3694850F-3D1E-4EA0-8448-0065572E479F752a06fe-92a0-472b-9b44-d3dc0f52405a.jpeg", "type": "jpeg", "uploaded_at": "2023-04-17", "image_id": "195241"}, {"image_name": "A2C8DC56-C88B-4BC2-8EA3-ABDEF0C05D3Cc18976e8-e4f6-4133-adf6-f6f907ed73d2.jpeg", "image_url": "https://images.oyoroomscdn.com/ugc-feedback-uploads/A2C8DC56-C88B-4BC2-8EA3-ABDEF0C05D3Cc18976e8-e4f6-4133-adf6-f6f907ed73d2.jpeg", "type": "jpeg", "uploaded_at": "2023-04-17", "image_id": "195240"}, {"image_name": "D497CFEF-543D-4A05-BE2F-B820971C73FAc020cd47-3b20-4bc3-835a-cb14af503b3f.jpeg", "image_url": "https://images.oyoroomscdn.com/ugc-feedback-uploads/D497CFEF-543D-4A05-BE2F-B820971C73FAc020cd47-3b20-4bc3-835a-cb14af503b3f.jpeg", "type": "jpeg", "uploaded_at": "2023-04-17", "image_id": "195239"}, {"image_name": "B77F50FF-EC65-48E2-8FD1-AD038AB531C7958b1aee-ac31-460d-a594-058b44edcb3d.jpeg", "image_url": "https://images.oyoroomscdn.com/ugc-feedback-uploads/B77F50FF-EC65-48E2-8FD1-AD038AB531C7958b1aee-ac31-460d-a594-058b44edcb3d.jpeg", "type": "jpeg", "uploaded_at": "2023-04-17", "image_id": "195238"}, {"image_name": "25FD4FDD-6FA5-4B3E-87B7-E84D6CAC20534f807e18-4a98-4e50-a254-b0fe095a42c2.jpeg", "image_url": "https://images.oyoroomscdn.com/ugc-feedback-uploads/25FD4FDD-6FA5-4B3E-87B7-E84D6CAC20534f807e18-4a98-4e50-a254-b0fe095a42c2.jpeg", "type": "jpeg", "uploaded_at": "2023-04-17", "image_id": "195237"}, {"image_name": "0D3AABC1-F82E-4A9F-8F35-9C290479D277a45a2ec9-9dbc-4559-82b3-b807d2171fc7.jpeg", "image_url": "https://images.oyoroomscdn.com/ugc-feedback-uploads/0D3AABC1-F82E-4A9F-8F35-9C290479D277a45a2ec9-9dbc-4559-82b3-b807d2171fc7.jpeg", "type": "jpeg", "uploaded_at": "2023-04-17", "image_id": "195236"}]}]}}, {"data": {"title": "155 Verified Reviews", "rating_data": {"title": "3.7", "bg_color": "#b4da55", "tag": "Good", "subtitle": "893 ratings on verified stays by guests"}, "sort_options": [{"type": "date-high", "title": "Recent reviews"}, {"type": "rating-high", "title": "High to low ratings"}, {"type": "rating-low", "title": "Low to high ratings"}], "is_last": true, "reviews": [{"user_name": "Rakesh Kumar", "user_image": "usr.image", "date": "26 Mar 2023", "rating": {"bg_color": "#ff4742", "title": "1"}, "user_image_feedback_list": [{"image_name": "IMG20230325203400edfe9c47-5fb2-4420-b851-64a0adda8ff9.jpg", "image_url": "https://images.oyoroomscdn.com/ugc-feedback-uploads/IMG20230325203400edfe9c47-5fb2-4420-b851-64a0adda8ff9.jpg", "type": "jpg", "uploaded_at": "2023-03-26", "image_id": "188797"}]}, {"user_name": "Nikkie", "user_image": "usr.image", "review_text": "The place was so so dirty and shady, we had to look for another place after checking in because there was a lot of weird people in the place. We didn\u2019t use the place. I want a refund for that!", "date": "11 Feb 2023", "rating": {"bg_color": "#ff4742", "title": "1"}}, {"user_name": "Arpan", "user_image": "usr.image", "review_text": "Bad space, i had the worst time ever. Matress are such a wasre", "date": "08 Feb 2023", "rating": {"bg_color": "#ff4742", "title": "1"}}, {"user_name": "Nimith", "user_image": "usr.image", "review_text": "The staff never responded via call to confirm the booking and the room was not well maintained with stained towels.", "date": "09 Jan 2023", "rating": {"bg_color": "#ff4742", "title": "1"}}, {"user_name": "Sudhir", "user_image": "usr.image", "review_text": "Room was full of Roaches, no hygiene, sheets were not changed after use. No complimentary breakfast as it promised at the time of booking.", "date": "27 Dec 2022", "rating": {"bg_color": "#ff4742", "title": "1"}}, {"user_name": "Ashwin Kumar", "user_image": "usr.image", "review_text": "accidentally i was called to cancel. after paying the amount.   but these guys didn\u2019t give me a paise !", "date": "22 Dec 2022", "rating": {"bg_color": "#ff4742", "title": "1"}}, {"user_name": "Abhishek", "user_image": "usr.image", "review_text": "Asked extra money not on the Oyo site ,but facilities are fine , couples stay is also good , prize is so high", "date": "20 Dec 2022", "rating": {"bg_color": "#ff4742", "title": "1"}}, {"user_name": "Fatrich Ronaald", "user_image": "usr.image", "review_text": "Demanded extra money and tried to contact Oyo customer care and all the properties they provided were full and had no choice other than paying the extra amount for stay", "date": "18 Dec 2022", "rating": {"bg_color": "#ff4742", "title": "1"}}, {"user_name": "Vaseem Khan", "user_image": "usr.image", "review_text": "Very bad hotel in online they show 761 rs but when I reached the hotel they say to pay 200rs oyo staff also not supported and when I call them for refund they put me on hold several time don't speak when i saying hello on call you can be in very critical situation if you booked this hotel please don't choose this", "date": "17 Dec 2022", "rating": {"bg_color": "#ff4742", "title": "1"}}, {"user_name": "Deepak Kuttappa", "user_image": "usr.image", "review_text": "Better close this stay ..no clean. , Too Dirty", "date": "12 Dec 2022", "rating": {"bg_color": "#ff4742", "title": "1"}, "user_image_feedback_list": [{"image_name": "IMG20221211191320374ff8c4-cfaa-463e-9655-f266544f06e3.jpg", "image_url": "https://images.oyoroomscdn.com/ugc-feedback-uploads/IMG20221211191320374ff8c4-cfaa-463e-9655-f266544f06e3.jpg", "type": "jpg", "uploaded_at": "2022-12-12", "image_id": "154461"}, {"image_name": "IMG20221211184508001247d9-e6b9-449e-a39b-67f0f2499502.jpg", "image_url": "https://images.oyoroomscdn.com/ugc-feedback-uploads/IMG20221211184508001247d9-e6b9-449e-a39b-67f0f2499502.jpg", "type": "jpg", "uploaded_at": "2022-12-12", "image_id": "154462"}]}, {"user_name": "Dipesh", "user_image": "usr.image", "review_text": "#Denied to check in as per OYO payment\n#Given bad shaby room which is not similar with the oyo pics\n#Taken extra money for the room allthough payment was done online. \n#OYO should refund my full money. \n# This situation i faced third time. \n @@@@@@@ STOP THE business of making others fool immediately..... @@@@@\n# all ready complaint registered in consumer forum.", "date": "21 Nov 2022", "rating": {"bg_color": "#ff4742", "title": "1"}}, {"user_name": "Ritik", "user_image": "usr.image", "review_text": "They asked for extra money, and i was stuck there for 1 hours. Had no option as i was getting late.", "date": "19 Nov 2022", "rating": {"bg_color": "#ff4742", "title": "1"}}, {"user_name": "Harshal", "user_image": "usr.image", "review_text": "There are cockroachs in room 303 and 203 and 202 the fans and ac won't work in 101 and 104 and 303 and 202, not a town house", "date": "18 Nov 2022", "rating": {"bg_color": "#ff4742", "title": "1"}}, {"user_name": "Philip Roland", "user_image": "usr.image", "review_text": "Hotel charged more even after paying via Oyo\nVery poorly handled rooms and no hygiene", "date": "15 Nov 2022", "rating": {"bg_color": "#ff4742", "title": "1"}}, {"user_name": "Mohamed Asif", "user_image": "usr.image", "review_text": "Asking for extra money \nThey said no vacancy in this hotel and they asked us to shift to a different old property called diamond inn.\nWhich is very old and pathetic.", "date": "14 Nov 2022", "rating": {"bg_color": "#ff4742", "title": "1"}}, {"user_name": "Rakshith", "user_image": "usr.image", "review_text": "Not satisfied with service", "date": "06 Nov 2022", "rating": {"bg_color": "#ff4742", "title": "1"}}, {"user_name": "Yadhu", "user_image": "usr.image", "review_text": "They askd me to pay more money 1500\nAnd also room is very bad \nAc nd Light nd all not wrking prprly", "date": "26 Oct 2022", "rating": {"bg_color": "#ff4742", "title": "1"}}, {"user_name": "charan Reddy", "user_image": "usr.image", "review_text": "Demanded more money", "date": "25 Oct 2022", "rating": {"bg_color": "#ff4742", "title": "1"}}, {"user_name": "nitesh kumarjha", "user_image": "usr.image", "review_text": "Through Oyo app i booked and thy asked extra money from us thn wt is need of Oyo nd offer of oyo", "date": "22 Oct 2022", "rating": {"bg_color": "#ff4742", "title": "1"}}, {"user_name": "Abhay", "user_image": "usr.image", "review_text": "They asked me for more money than the one showing in Oyo. And even after paying they asked us to stay in another hotel(where rooms are very bad) as there were no vacant rooms. And at the end i have asked for the bill(to submit Oyo for refund) but they haven't provided one. \n\nVery very bad reception and no respect for the customers. And i am requesting Oyo to please remove this hotel under you or take subsequent action immediately.", "date": "22 Oct 2022", "rating": {"bg_color": "#ff4742", "title": "1"}}, {"user_name": "muhammed hassan", "user_image": "usr.image", "review_text": "bad experianceunclean rooms.all room inside area", "date": "21 Oct 2022", "rating": {"bg_color": "#ff4742", "title": "1"}}, {"user_name": "Kasem", "user_image": "usr.image", "review_text": "No intercom, TV not working, no room service, no soap, no towel, how the hell is this townhouse, Standard of OYO are becoming worse, guys please don't ever get fooled by this OYO app, small and creepy guest house was named Townhouse! Beware of this scam", "date": "19 Oct 2022", "rating": {"bg_color": "#ff4742", "title": "1"}}, {"user_name": "Aakash Chalise", "user_image": "usr.image", "review_text": "There is nothing which can be loved or attracted. I have booked through oyo they said we don't belong to oyo then asking for extra charge600. Since we were arriving there was rain and tired we were forced to stay.", "date": "17 Oct 2022", "rating": {"bg_color": "#ff4742", "title": "1"}, "user_image_feedback_list": [{"image_name": "IMG_20221017_1026264fca90f8-9f60-4dbc-b743-172b261e142d.jpg", "image_url": "https://images.oyoroomscdn.com/ugc-feedback-uploads/IMG_20221017_1026264fca90f8-9f60-4dbc-b743-172b261e142d.jpg", "type": "jpg", "uploaded_at": "2022-10-17", "image_id": "134942"}, {"image_name": "IMG_20221017_102644adbf2bc8-fec7-405a-9c38-79fd5b5580d8.jpg", "image_url": "https://images.oyoroomscdn.com/ugc-feedback-uploads/IMG_20221017_102644adbf2bc8-fec7-405a-9c38-79fd5b5580d8.jpg", "type": "jpg", "uploaded_at": "2022-10-17", "image_id": "134943"}, {"image_name": "IMG_20221017_102633d89ee294-224d-4e32-b859-6860e6dba8b9.jpg", "image_url": "https://images.oyoroomscdn.com/ugc-feedback-uploads/IMG_20221017_102633d89ee294-224d-4e32-b859-6860e6dba8b9.jpg", "type": "jpg", "uploaded_at": "2022-10-17", "image_id": "134945"}, {"image_name": "IMG_20221017_10264414fce369-a5aa-4770-a9b1-16cdfc74648a.jpg", "image_url": "https://images.oyoroomscdn.com/ugc-feedback-uploads/IMG_20221017_10264414fce369-a5aa-4770-a9b1-16cdfc74648a.jpg", "type": "jpg", "uploaded_at": "2022-10-17", "image_id": "134944"}]}, {"user_name": "chirag suthar", "user_image": "usr.image", "review_text": "First they never accept OYO amount for booking. They asked for double money than what we have paid on OYO app.\nThey required 1500 rs for night stay. \nBut when i entered in Room, it was not even worth of rs. 1000.\nGyser was not working, Fan was not working, TV was not working, Landline was not working, wall of room was damaged and wetted, and such a small room. It is worth of rs. 600-700 only. I wll never recommend this hotel for stay for what money they are charging to people.", "date": "16 Oct 2022", "rating": {"bg_color": "#ff4742", "title": "1"}}, {"user_name": "Thoufeeq", "user_image": "usr.image", "review_text": "Bad experience as hotel owners are asking more money then the booking amount updated in oyo app", "date": "13 Oct 2022", "rating": {"bg_color": "#ff4742", "title": "1"}}, {"user_name": "Swati Soumya", "user_image": "usr.image", "review_text": "The room didn't match with photos. It was not Townhouse, but some flagship", "date": "10 Oct 2022", "rating": {"bg_color": "#ff4742", "title": "1"}}, {"user_name": "Philip Roland", "user_image": "usr.image", "review_text": "Toilet was very dirty, soap was not given, maintenance staff was behaving very very rudely and overall very poor service", "date": "08 Oct 2022", "rating": {"bg_color": "#ff4742", "title": "1"}}, {"user_name": "Mohammad Ali", "user_image": "usr.image", "review_text": "Asking more money after booking through Oyo app & if we booked from Oyo app the booking is confirmed then also they will simply tell no room available that's it bluff they hate online booking couple so why they kept Oyo name to there hotel really bad experience in this hotel, my suggestion is removed this lodge from Oyo..", "date": "29 Sep 2022", "rating": {"bg_color": "#ff4742", "title": "1"}}, {"user_name": "Khizer", "user_image": "usr.image", "review_text": "They refused my check in anc took extra money", "date": "18 Sep 2022", "rating": {"bg_color": "#ff4742", "title": "1"}}, {"user_name": "Rohit", "user_image": "usr.image", "review_text": "AC was not working and also Wi-Fi most of times. There was no proper staff service and disturbing because of couple making chaos at night", "date": "12 Sep 2022", "rating": {"bg_color": "#ff4742", "title": "1"}}, {"user_name": "Akhil", "user_image": "usr.image", "review_text": "Room was not clean and sheets were not clean.Cockroaches on the floor. Will never stay here.", "date": "04 Sep 2022", "rating": {"bg_color": "#ff4742", "title": "1"}}, {"user_name": "Aman G", "user_image": "usr.image", "review_text": "Room was too small, Geyser, tv, ac not working, complaint serval times but hotel manegement not responded single time. Not value for money on the name of Oyo townhouse.", "date": "27 Aug 2022", "rating": {"bg_color": "#ff4742", "title": "1"}}, {"user_name": "SREERAG KP", "user_image": "usr.image", "review_text": "they have shifted to another hotel and everything was bad there..", "date": "22 Aug 2022", "rating": {"bg_color": "#ff4742", "title": "1"}}, {"user_name": "Mohammad Anjoom", "user_image": "usr.image", "review_text": "There was no water for th whole day", "date": "21 Aug 2022", "rating": {"bg_color": "#ff4742", "title": "1"}}, {"user_name": "Sandeep Reddy", "user_image": "usr.image", "review_text": "no water", "date": "08 Aug 2022", "rating": {"bg_color": "#ff4742", "title": "1"}}, {"user_name": "Arjun", "user_image": "usr.image", "review_text": "Ac was not working ,Room was not clean and staff were not responding", "date": "02 Aug 2022", "rating": {"bg_color": "#ff4742", "title": "1"}}, {"user_name": "Sharuk", "user_image": "usr.image", "review_text": "Room was very small and not upto the mark of what is shown on pictures. Untidy bedsheets and congested spaces. AC was not working properly and corridor was not well maintained.", "date": "01 Aug 2022", "rating": {"bg_color": "#ff4742", "title": "1"}}, {"user_name": "RANJITH G", "user_image": "usr.image", "review_text": "One of worst hotel I never ever seen in oyo....... Room is worst service is very bad.... Very very worst feeling", "date": "19 Jul 2022", "rating": {"bg_color": "#ff4742", "title": "1"}}, {"user_name": "Karthik", "user_image": "usr.image", "review_text": "Now a days Oyo shows the price and we book and once we go to location reception they say Oyo price if less please pay extra if we want to check in", "date": "16 Jul 2022", "rating": {"bg_color": "#ff4742", "title": "1"}}, {"user_name": "Aravind", "user_image": "usr.image", "review_text": "pay extra 630 rupees worst experience last time\ndon't go another time", "date": "13 Jul 2022", "rating": {"bg_color": "#ff4742", "title": "1"}}, {"user_name": "BEVIN MANUEL", "user_image": "usr.image", "review_text": "Charged extra", "date": "09 Jul 2022", "rating": {"bg_color": "#ff4742", "title": "1"}}, {"user_name": "Nadeem", "user_image": "usr.image", "review_text": "hotel charges. more amount. extra amount", "date": "06 Jul 2022", "rating": {"bg_color": "#ff4742", "title": "1"}}, {"user_name": "Samarth", "user_image": "usr.image", "review_text": "TV deactivated, unclean washroom , no locks for washrooms and rooms are very small in size.", "date": "06 Jul 2022", "rating": {"bg_color": "#ff4742", "title": "1"}}, {"user_name": "Sai", "user_image": "usr.image", "review_text": "worst experience\nrude staff behaviour", "date": "04 Jul 2022", "rating": {"bg_color": "#ff4742", "title": "1"}}, {"user_name": "Guru", "user_image": "usr.image", "review_text": "they've changed extra money", "date": "03 Jul 2022", "rating": {"bg_color": "#ff4742", "title": "1"}}, {"user_name": "GNANA VARAPRASAD", "user_image": "usr.image", "review_text": "Collected extra money again from me", "date": "03 Jul 2022", "rating": {"bg_color": "#ff4742", "title": "1"}}, {"user_name": "Salam", "user_image": "usr.image", "review_text": "AC not working, room very small, no hot water!!!!!", "date": "30 Jun 2022", "rating": {"bg_color": "#ff4742", "title": "1"}}, {"user_name": "Sayni Bhowmick", "user_image": "usr.image", "review_text": "Nothing was good. The hotel did not have clean cutlery. No service at all. Wifi did not work tv did not work.", "date": "24 Jun 2022", "rating": {"bg_color": "#ff4742", "title": "1"}}, {"user_name": "Sayantani Bose", "user_image": "usr.image", "review_text": "very bad", "date": "22 Jun 2022", "rating": {"bg_color": "#ff4742", "title": "1"}}, {"user_name": "Shailesh Morde", "user_image": "usr.image", "review_text": "it was nothing like townhouse it was like spot on oyo and also the ac was not working heater was not working", "date": "19 Jun 2022", "rating": {"bg_color": "#ff4742", "title": "1"}}, {"user_name": "Chandan CB", "user_image": "usr.image", "date": "19 Jun 2022", "rating": {"bg_color": "#ff4742", "title": "1"}, "user_image_feedback_list": [{"image_name": "hotel_image_04ffb2c5-5fc9-43f3-8428-be0dce2924c34747914922977557931.jpeg", "image_url": "https://images.oyoroomscdn.com/ugc-feedback-uploads/hotel_image_04ffb2c5-5fc9-43f3-8428-be0dce2924c34747914922977557931.jpeg", "type": "jpeg", "uploaded_at": "2022-06-19", "image_id": "84592"}]}, {"user_name": "Joghee", "user_image": "usr.image", "review_text": "TV not recharged even after complaining 5 times. Dirty toilet. No power backup. One of the worst experience that I ever faced with oyo. Very disappointed", "date": "17 Jun 2022", "rating": {"bg_color": "#ff4742", "title": "1"}}, {"user_name": "Sudhirkumar Sawarbandhe", "user_image": "usr.image", "review_text": "At the time of check-in, they said the room you booked is not available now. They will provide me another room if I give them 100 Rs extra. And they charged me 100 Rs extra. If this is the case, how can I trust OYO? Why was the room not available when I booked it 1 day prior?", "date": "12 Jun 2022", "rating": {"bg_color": "#ff4742", "title": "1"}}, {"user_name": "Nidhi Kulkarni", "user_image": "usr.image", "review_text": "I've payed the amount through Oyo app and they were asking me to pay more.", "date": "03 Jun 2022", "rating": {"bg_color": "#ff4742", "title": "1"}}]}}]