[{"data": {"title": "35 Verified Reviews", "rating_data": {"title": "3.5", "bg_color": "#b4da55", "tag": "Good", "subtitle": "251 ratings on verified stays by guests"}, "sort_options": [{"type": "date-high", "title": "Recent reviews"}, {"type": "rating-high", "title": "High to low ratings"}, {"type": "rating-low", "title": "Low to high ratings"}], "is_last": true, "reviews": [{"user_name": "Rajeev", "user_image": "usr.image", "review_text": "Veyu good", "date": "28 Dec 2022", "rating": {"bg_color": "#58ac00", "title": "4"}}, {"user_name": "hamid", "user_image": "usr.image", "review_text": "Issue with refund of cancelled booking", "date": "07 Aug 2022", "rating": {"bg_color": "#58ac00", "title": "4"}}, {"user_name": "arjun j", "user_image": "usr.image", "review_text": "ok", "date": "05 Jul 2022", "rating": {"bg_color": "#58ac00", "title": "4"}}, {"user_name": "vikram patil", "user_image": "usr.image", "review_text": "Tv is not working, moreover no remote too for AC and TV. No bed lights available. In Bathroom flush was not working", "date": "17 Mar 2023", "rating": {"bg_color": "#8fc402", "title": "3"}}, {"user_name": "pavan", "user_image": "usr.image", "review_text": "Huge price diffrence in app and in rooms", "date": "06 Nov 2022", "rating": {"bg_color": "#8fc402", "title": "3"}}, {"user_name": "Abu Hanifa", "user_image": "usr.image", "review_text": "They didn't accept Oyo booking and they have separate price that differs from Oyo price. Worst experience don't visit this hotel via OYO.", "date": "02 Feb 2023", "rating": {"bg_color": "#feba00", "title": "2"}}, {"user_name": "ThrishaDebbarma", "user_image": "usr.image", "review_text": "Oyo not good ....online boking not happening ....very bat", "date": "07 Nov 2022", "rating": {"bg_color": "#feba00", "title": "2"}}, {"user_name": "Paarth JungThapa", "user_image": "usr.image", "review_text": "Avg stay.should allow more time to checkout", "date": "30 Oct 2022", "rating": {"bg_color": "#feba00", "title": "2"}}, {"user_name": "rathan raj", "user_image": "usr.image", "review_text": "They ask more money so oyo is very troublesome I won't oyo again this is not right and not good service\n,\ud83d\ude21\ud83d\ude21\ud83d\ude21\ud83d\ude21\ud83d\ude21", "date": "21 Sep 2022", "rating": {"bg_color": "#feba00", "title": "2"}, "user_image_feedback_list": [{"image_name": "IMG_20220921_1933266b2d964d-f6f5-49f5-b238-655608ad3a0d.jpg", "image_url": "https://images.oyoroomscdn.com/ugc-feedback-uploads/IMG_20220921_1933266b2d964d-f6f5-49f5-b238-655608ad3a0d.jpg", "type": "jpg", "uploaded_at": "2022-09-21", "image_id": "122966"}]}, {"user_name": "Rahul Sharma", "user_image": "usr.image", "review_text": "The toilet had stains everywhere, and also the bedsheets were used. Toiletries were also not given. At the reception he said that next time don't book, and also he said that he had good room but only because you have booked, i'm giving you poor room. In addition, the electricity went off for 3 hours, when asked they said they don't have power backup.", "date": "24 Mar 2023", "rating": {"bg_color": "#ff4742", "title": "1"}}, {"user_name": "Sam", "user_image": "usr.image", "review_text": "The room refused checkin from oyo but i had done payment prior and didn't even get my money back . Faced too much problem because of this", "date": "26 Dec 2022", "rating": {"bg_color": "#ff4742", "title": "1"}}, {"user_name": "Kabita Hemrom", "user_image": "usr.image", "review_text": "They dont gave refund, room are not good, not hygiene, very very bad", "date": "13 Nov 2022", "rating": {"bg_color": "#ff4742", "title": "1"}}, {"user_name": "reddi kirannaidu", "user_image": "usr.image", "review_text": "Waste of time and accomodation room s are tooonugly do not try to book in this plzzz", "date": "09 Nov 2022", "rating": {"bg_color": "#ff4742", "title": "1"}}, {"user_name": "JaiShankar", "user_image": "usr.image", "review_text": "I am not attend the oyo please return the amount", "date": "07 Nov 2022", "rating": {"bg_color": "#ff4742", "title": "1"}}, {"user_name": "9948129287", "user_image": "usr.image", "review_text": "The manager denied us entry into the hotel, we did not check in,i need a refund", "date": "03 Nov 2022", "rating": {"bg_color": "#ff4742", "title": "1"}}, {"user_name": "Suhel", "user_image": "usr.image", "review_text": "oyo not allowed extra payed", "date": "23 Oct 2022", "rating": {"bg_color": "#ff4742", "title": "1"}}, {"user_name": "Gangadhara SS", "user_image": "usr.image", "review_text": "After booking and paying through oyo app ,during the time of check in to room they are demanding more money", "date": "20 Oct 2022", "rating": {"bg_color": "#ff4742", "title": "1"}}, {"user_name": "Pratishtha Chandra", "user_image": "usr.image", "review_text": "Property manager ask for extra amount", "date": "17 Oct 2022", "rating": {"bg_color": "#ff4742", "title": "1"}}, {"user_name": "RS A", "user_image": "usr.image", "review_text": "They didn't allow to stay there..return my money", "date": "12 Oct 2022", "rating": {"bg_color": "#ff4742", "title": "1"}}, {"user_name": "Sarthak Agarwal", "user_image": "usr.image", "review_text": "Refused checkin and now they are not even refunding my money also .", "date": "10 Oct 2022", "rating": {"bg_color": "#ff4742", "title": "1"}}, {"user_name": "VENKATESH VENKATESWARARAO", "user_image": "usr.image", "review_text": "There are telling us there is no rooms they are taking extra money and  after we left from they're checking in from Oyo \ud83d\ude31", "date": "07 Oct 2022", "rating": {"bg_color": "#ff4742", "title": "1"}}, {"user_name": "Prashanth Vempa", "user_image": "usr.image", "review_text": "Before coming when I called they said booking is confirmed. When we came, they asked us to pay extra and charged a bomb", "date": "07 Oct 2022", "rating": {"bg_color": "#ff4742", "title": "1"}}, {"user_name": "Bharath Raj", "user_image": "usr.image", "review_text": "The hotel receptionist said that all rooms are unavailable and denied me the stay though I've done a prepayment. Now I dont know how to get that money back", "date": "05 Oct 2022", "rating": {"bg_color": "#ff4742", "title": "1"}}, {"user_name": "Bharath", "user_image": "usr.image", "review_text": "Rude behaviour", "date": "30 Sep 2022", "rating": {"bg_color": "#ff4742", "title": "1"}}, {"user_name": "Sanketh S", "user_image": "usr.image", "review_text": "I had booked 2 rooms and was given only one where all the 5 people had to stay and we also called the customer care for the same, he said he\u2019ll be providing another room but he didn\u2019t", "date": "25 Sep 2022", "rating": {"bg_color": "#ff4742", "title": "1"}}, {"user_name": "Chaithanya Nambiar", "user_image": "usr.image", "review_text": "My first and worst experience in OYO. Saw many google reviews regrading how online booking isn't valid in this OYO but still called the OYO customer care number and booked rooms in assurance that there is no such problem. Finally when I went to the hotel , they didn't have any rooms and finally we had to walk off in the night not knowing where to stay. Their customer care could not even help us book another room or shift us to another OYO near by. Terrible service", "date": "14 Aug 2022", "rating": {"bg_color": "#ff4742", "title": "1"}}, {"user_name": "manaw", "user_image": "usr.image", "review_text": "Extra amount was charged", "date": "12 Aug 2022", "rating": {"bg_color": "#ff4742", "title": "1"}}, {"user_name": "VijayKumar", "user_image": "usr.image", "review_text": "They r  booking online but they didn't  accepting online booking and they dint charge wt  shon in app they charge more then app", "date": "11 Aug 2022", "rating": {"bg_color": "#ff4742", "title": "1"}}, {"user_name": "Manjunatha", "user_image": "usr.image", "review_text": "First they will tell we are not accepting online booking then, they will ask you to pay 1600rs then they will tell ur amount which u payed online will get refund. But nothing will happen all lies, Don't choose this stay.", "date": "05 Aug 2022", "rating": {"bg_color": "#ff4742", "title": "1"}}, {"user_name": "akshaya", "user_image": "usr.image", "review_text": "This hotel is cheating people after booking through Oyo they are saying it's full and charging full amount and the payment made by me also went!", "date": "03 Aug 2022", "rating": {"bg_color": "#ff4742", "title": "1"}}, {"user_name": "Kiran M", "user_image": "usr.image", "review_text": "I booked a room but they refused to give me room stating they are accepting bookings from Oyo asked me to cancel the booking", "date": "28 Jul 2022", "rating": {"bg_color": "#ff4742", "title": "1"}}, {"user_name": "ShivPrasad Dn", "user_image": "usr.image", "review_text": "they are not allowing oyo customers  oyo ia frud app", "date": "05 Jul 2022", "rating": {"bg_color": "#ff4742", "title": "1"}}, {"user_name": "Laxman", "user_image": "usr.image", "review_text": "I didn't checked in", "date": "03 Jul 2022", "rating": {"bg_color": "#ff4742", "title": "1"}}, {"user_name": "AbhijithB", "user_image": "usr.image", "review_text": "Scam: ive paid for a room and when I reached, hotel owner told me that they are not renting it online.", "date": "12 Jun 2022", "rating": {"bg_color": "#ff4742", "title": "1"}}, {"user_name": "Bala", "user_image": "usr.image", "review_text": "ROOM NOT GIVEN 875Rs  I Didn't Went", "date": "08 Jun 2022", "rating": {"bg_color": "#ff4742", "title": "1"}}]}}]