[{"data": {"title": "33 Verified Reviews", "rating_data": {"title": "3.1", "bg_color": "#8fc402", "tag": "Fair", "subtitle": "155 ratings on verified stays by guests"}, "sort_options": [{"type": "date-high", "title": "Recent reviews"}, {"type": "rating-high", "title": "High to low ratings"}, {"type": "rating-low", "title": "Low to high ratings"}], "is_last": true, "reviews": [{"user_name": "Thirumala", "user_image": "usr.image", "review_text": "Good", "date": "27 Jul 2022", "rating": {"bg_color": "#346000", "title": "5"}}, {"user_name": "vinilvinu", "user_image": "usr.image", "review_text": "good", "date": "16 Jul 2022", "rating": {"bg_color": "#346000", "title": "5"}}, {"user_name": "Praveen Madduri", "user_image": "usr.image", "review_text": "It's good app and good oyo rooms", "date": "11 Jul 2022", "rating": {"bg_color": "#346000", "title": "5"}}, {"user_name": "abhishek malipatil", "user_image": "usr.image", "review_text": "good", "date": "10 Jul 2022", "rating": {"bg_color": "#346000", "title": "5"}}, {"user_name": "sushant kumar", "user_image": "usr.image", "review_text": "good", "date": "09 Jul 2022", "rating": {"bg_color": "#346000", "title": "5"}}, {"user_name": "Chandu", "user_image": "usr.image", "review_text": "good", "date": "21 Jun 2022", "rating": {"bg_color": "#346000", "title": "5"}}, {"user_name": "Milan Chettri", "user_image": "usr.image", "review_text": "good", "date": "07 Jun 2022", "rating": {"bg_color": "#346000", "title": "5"}}, {"user_name": "Liyon George", "user_image": "usr.image", "review_text": "good", "date": "03 Jun 2022", "rating": {"bg_color": "#346000", "title": "5"}}, {"user_name": "Shashikant Ken", "user_image": "usr.image", "review_text": "Price", "date": "03 Jun 2022", "rating": {"bg_color": "#346000", "title": "5"}}, {"user_name": "Bob Daniel", "user_image": "usr.image", "review_text": "was good", "date": "09 Jul 2022", "rating": {"bg_color": "#58ac00", "title": "4"}}, {"user_name": "Sanu", "user_image": "usr.image", "review_text": "I stayed at this hotel and had a great experience. The room was clean and tidy and the price was reasonable. It's also pretty close to Sivaji nagak, so location wise it's not bad either. The staff was friendly and cooperative, The hotel\u2019s privacy was very good.", "date": "27 Jun 2022", "rating": {"bg_color": "#58ac00", "title": "4"}}, {"user_name": "Lalrambuatsaiha", "user_image": "usr.image", "review_text": "It would be better if there is a food in the hotel", "date": "02 Jun 2022", "rating": {"bg_color": "#58ac00", "title": "4"}}, {"user_name": "Mohammed Bafin", "user_image": "usr.image", "review_text": "Poor check in", "date": "22 Jul 2022", "rating": {"bg_color": "#8fc402", "title": "3"}}, {"user_name": "Zunad", "user_image": "usr.image", "review_text": "Please my payment is back I'm sorry \ud83d\ude2d\ud83d\ude2d\ud83d\ude2d\ud83d\ude4f\ud83d\ude4f\ud83d\ude4f", "date": "06 Aug 2022", "rating": {"bg_color": "#feba00", "title": "2"}}, {"user_name": "sharun", "user_image": "usr.image", "review_text": "Very bad  worst experience by booking", "date": "31 Jul 2022", "rating": {"bg_color": "#feba00", "title": "2"}}, {"user_name": "Rajesh Vangara", "user_image": "usr.image", "review_text": "I had a great time. Amenities were good, room was clean with AC, I paid extra 700 Rs for the room so it should have been cleaned before I got there.", "date": "25 Jul 2022", "rating": {"bg_color": "#feba00", "title": "2"}}, {"user_name": "Hari", "user_image": "usr.image", "review_text": "This was a surprisingly excellent hotel. I had no expectations but it was better than I could have imagined. The rooms were clean and well-decorated. The staff was polite and helpful, the location was perfect. There were plenty of choices for food and the quality was great.", "date": "18 Jul 2022", "rating": {"bg_color": "#feba00", "title": "2"}}, {"user_name": "irshaad. h", "user_image": "usr.image", "review_text": "it's vry bad they show one rate wn v reach at the hotel they say other rate it's vry bad plz check ones and change it... tqu", "date": "22 Jun 2022", "rating": {"bg_color": "#feba00", "title": "2"}}, {"user_name": "ASHISH RATHORE", "user_image": "usr.image", "date": "25 Aug 2022", "rating": {"bg_color": "#ff4742", "title": "1"}, "user_image_feedback_list": [{"image_name": "Snapchat-1007353461c32669ce-b8ea-4b59-886c-064e91675867.jpg", "image_url": "https://images.oyoroomscdn.com/ugc-feedback-uploads/Snapchat-1007353461c32669ce-b8ea-4b59-886c-064e91675867.jpg", "type": "jpg", "uploaded_at": "2022-08-25", "image_id": "112391"}]}, {"user_name": "Sherap Chombay", "user_image": "usr.image", "review_text": "The bed was broken", "date": "02 Aug 2022", "rating": {"bg_color": "#ff4742", "title": "1"}}, {"user_name": "Gopal", "user_image": "usr.image", "review_text": "vary bad hotel not cleane \nhotel owner ask to extra money of 600", "date": "27 Jul 2022", "rating": {"bg_color": "#ff4742", "title": "1"}}, {"user_name": "Kb Designers", "user_image": "usr.image", "review_text": "Verst experience", "date": "25 Jul 2022", "rating": {"bg_color": "#ff4742", "title": "1"}}, {"user_name": "Logu", "user_image": "usr.image", "review_text": "They got 400 extra per night", "date": "22 Jul 2022", "rating": {"bg_color": "#ff4742", "title": "1"}}, {"user_name": "Hari", "user_image": "usr.image", "review_text": "Actuall amount 1048 rs my booking amount but they ask extra 1000 rs,so i paid 1900 rs . I told to Oyo customer they didn't respond", "date": "21 Jul 2022", "rating": {"bg_color": "#ff4742", "title": "1"}}, {"user_name": "Adam", "user_image": "usr.image", "review_text": "booking amount 500+ but extra pay to 500 hotel stafs so refund mi my amount 500", "date": "18 Jul 2022", "rating": {"bg_color": "#ff4742", "title": "1"}}, {"user_name": "Supriya", "user_image": "usr.image", "review_text": "there was no room when we went in hotel after booking also , pls refund me", "date": "17 Jul 2022", "rating": {"bg_color": "#ff4742", "title": "1"}}, {"user_name": "Tushar Kumar", "user_image": "usr.image", "review_text": "When I reached the hotel, they denied entry citing there is no room available", "date": "17 Jul 2022", "rating": {"bg_color": "#ff4742", "title": "1"}}, {"user_name": "Haseeb Ali", "user_image": "usr.image", "review_text": "very pathetic service. Oyo is either false and the hotel was greatest theft happened to me.....will complain regarding this.", "date": "14 Jul 2022", "rating": {"bg_color": "#ff4742", "title": "1"}}, {"user_name": "Saksham Kapoor", "user_image": "usr.image", "review_text": "Fan was not working, and receptionist denied to give room as i asked to make payment on OYO app cause i was getting discount on that.", "date": "06 Jul 2022", "rating": {"bg_color": "#ff4742", "title": "1"}}, {"user_name": "Ashiq Rasheed", "user_image": "usr.image", "review_text": "Location wise hotel is present but overall service and things are very bad.Especially they are charging high than what oyo says", "date": "12 Jun 2022", "rating": {"bg_color": "#ff4742", "title": "1"}}, {"user_name": "Amrit Singh", "user_image": "usr.image", "review_text": "they charge me extra", "date": "10 Jun 2022", "rating": {"bg_color": "#ff4742", "title": "1"}}, {"user_name": "Surendra", "user_image": "usr.image", "review_text": "Actually bill I paid in Oyo is 1300 Soma change , they asked extra amount 700 i don't agree this type business from OYO", "date": "06 Jun 2022", "rating": {"bg_color": "#ff4742", "title": "1"}}, {"user_name": "Chandan Thakur", "user_image": "usr.image", "review_text": "worst place to stay in Bangalore", "date": "04 Jun 2022", "rating": {"bg_color": "#ff4742", "title": "1"}}]}}]