[{"data": {"title": "16 Verified Reviews", "rating_data": {"title": "2.9", "bg_color": "#feba00", "tag": "Fair", "subtitle": "139 ratings on verified stays by guests"}, "sort_options": [{"type": "date-high", "title": "Recent reviews"}, {"type": "rating-high", "title": "High to low ratings"}, {"type": "rating-low", "title": "Low to high ratings"}], "is_last": true, "reviews": [{"user_name": "Deepak Bhatt", "user_image": "usr.image", "review_text": "Wow amazing experience. The property is very nice and clean. Ambience is great as well and owners are very polite", "date": "11 Feb 2023", "rating": {"bg_color": "#346000", "title": "5"}}, {"user_name": "AnanthNag V", "user_image": "usr.image", "review_text": "Nice app to find and book room at wanted location", "date": "05 Feb 2023", "rating": {"bg_color": "#346000", "title": "5"}}, {"user_name": "Y.Anki Reddy", "user_image": "usr.image", "date": "18 Aug 2022", "rating": {"bg_color": "#346000", "title": "5"}, "user_image_feedback_list": [{"image_name": "FB_IMG_165735466977247271251-d64b-4f53-8fca-cb5ea5d96a66.jpg", "image_url": "https://images.oyoroomscdn.com/ugc-feedback-uploads/FB_IMG_165735466977247271251-d64b-4f53-8fca-cb5ea5d96a66.jpg", "type": "jpg", "uploaded_at": "2022-08-18", "image_id": "109753"}]}, {"user_name": "Goutham", "user_image": "usr.image", "review_text": "Good location to stay", "date": "23 Jul 2022", "rating": {"bg_color": "#346000", "title": "5"}}, {"user_name": "Taniya Patel", "user_image": "usr.image", "review_text": "Staff's were very polite and cooperative.", "date": "19 Jul 2022", "rating": {"bg_color": "#346000", "title": "5"}}, {"user_name": "Lokesh", "user_image": "usr.image", "review_text": "excellent.... best hotel", "date": "04 Jul 2022", "rating": {"bg_color": "#346000", "title": "5"}}, {"user_name": "Raghu", "user_image": "usr.image", "review_text": "cleaning", "date": "26 Jun 2022", "rating": {"bg_color": "#346000", "title": "5"}}, {"user_name": "Srinadh", "user_image": "usr.image", "review_text": "friendly nature\ud83d\udc4c\nAminities are nice\nhighly recommendable in pocket friendly budjet", "date": "24 Jun 2022", "rating": {"bg_color": "#346000", "title": "5"}}, {"user_name": "ABHIRAMI JAYAPRAKASH", "user_image": "usr.image", "review_text": "gud", "date": "04 Jun 2022", "rating": {"bg_color": "#58ac00", "title": "4"}}, {"user_name": "Jaikrishna PS", "user_image": "usr.image", "review_text": "The reception told the hotel is overbooked and declined checkin of a week's booking", "date": "24 Feb 2023", "rating": {"bg_color": "#ff4742", "title": "1"}}, {"user_name": "Baasi", "user_image": "usr.image", "review_text": "Cons:\nThis property is located just in front of the ditch water stream and garbage, rooms are very small in size, bedsheets and walls have stains,\nNo AC and only one plug point and switch box is hanging down\nPros:\nReceptionist Islam Uddin well behaved and addressed us for smooth Checkin \nWe have got room in 4th floor and from corridor window we can have a pleasant view of banglore traffic(exp the ditch water)\nMadiwala Police station bus stop is walkable via overbridge of that ditch water stream\nHot water available and for 10mins only\nWine shop, hotel, atm, everything is nearby", "date": "05 Feb 2023", "rating": {"bg_color": "#ff4742", "title": "1"}, "user_image_feedback_list": [{"image_name": "IMG2023020510412993e8d013-4912-4910-8d41-3a7552bd8456.jpg", "image_url": "https://images.oyoroomscdn.com/ugc-feedback-uploads/IMG2023020510412993e8d013-4912-4910-8d41-3a7552bd8456.jpg", "type": "jpg", "uploaded_at": "2023-02-05", "image_id": "172975"}, {"image_name": "IMG202302051041166c19f852-eb90-427a-9765-6f318224fd96.jpg", "image_url": "https://images.oyoroomscdn.com/ugc-feedback-uploads/IMG202302051041166c19f852-eb90-427a-9765-6f318224fd96.jpg", "type": "jpg", "uploaded_at": "2023-02-05", "image_id": "172974"}]}, {"user_name": "Mahi Reddy", "user_image": "usr.image", "review_text": "I am not staying that oyo room,\nManagement is very poor \nNot good", "date": "04 Aug 2022", "rating": {"bg_color": "#ff4742", "title": "1"}}, {"user_name": "siddiq", "user_image": "usr.image", "review_text": "I was not allowed to checkin. Property owner said al the rooms are occupied even though I had a booking. Worst service from OYO", "date": "25 Jul 2022", "rating": {"bg_color": "#ff4742", "title": "1"}}, {"user_name": "Gopalakrishnan", "user_image": "usr.image", "review_text": "nothing is good.. please don't try this hotel. worst room I have ever seen till now.", "date": "19 Jul 2022", "rating": {"bg_color": "#ff4742", "title": "1"}}, {"user_name": "C K", "user_image": "usr.image", "review_text": "water leakages from AC, no proper water supply, room not clean, bed spread not cleaned, pillow cover not clean", "date": "10 Jul 2022", "rating": {"bg_color": "#ff4742", "title": "1"}, "user_image_feedback_list": [{"image_name": "hotel_image_49339995-4e9d-49ca-b1c7-d4b4bf46bd596419433894275662390.jpeg", "image_url": "https://images.oyoroomscdn.com/ugc-feedback-uploads/hotel_image_49339995-4e9d-49ca-b1c7-d4b4bf46bd596419433894275662390.jpeg", "type": "jpeg", "uploaded_at": "2022-07-10", "image_id": "94154"}, {"image_name": "hotel_image_49339995-4e9d-49ca-b1c7-d4b4bf46bd593668845149260981025.jpeg", "image_url": "https://images.oyoroomscdn.com/ugc-feedback-uploads/hotel_image_49339995-4e9d-49ca-b1c7-d4b4bf46bd593668845149260981025.jpeg", "type": "jpeg", "uploaded_at": "2022-07-10", "image_id": "94155"}]}, {"user_name": "Mirarani", "user_image": "usr.image", "review_text": "very bad services, rooms are very dirty, not hygienic", "date": "10 Jul 2022", "rating": {"bg_color": "#ff4742", "title": "1"}}]}}]