[{"data": {"title": "226 Verified Reviews", "rating_data": {"title": "3.3", "bg_color": "#8fc402", "tag": "Fair", "subtitle": "900 ratings on verified stays by guests"}, "sort_options": [{"type": "date-high", "title": "Recent reviews"}, {"type": "rating-high", "title": "High to low ratings"}, {"type": "rating-low", "title": "Low to high ratings"}], "is_last": false, "next_offset": 101, "reviews": [{"user_name": "Anirudh Kumar", "user_image": "usr.image", "review_text": "They charged extra money and I called customer care he told that they will shift in another hotel, and my question is if anyone came from long distance how they will travel again to different location only for shifting", "date": "05 Feb 2023", "rating": {"bg_color": "#346000", "title": "5"}}, {"user_name": "Praveen Kumar", "user_image": "usr.image", "review_text": "Good service", "date": "23 Dec 2022", "rating": {"bg_color": "#346000", "title": "5"}}, {"user_name": "Verma Harsh", "user_image": "usr.image", "review_text": "Awesome", "date": "11 Dec 2022", "rating": {"bg_color": "#346000", "title": "5"}}, {"user_name": "arun", "user_image": "usr.image", "review_text": "Good", "date": "09 Dec 2022", "rating": {"bg_color": "#346000", "title": "5"}}, {"user_name": "jashuvakommu", "user_image": "usr.image", "review_text": "Good", "date": "25 Nov 2022", "rating": {"bg_color": "#346000", "title": "5"}}, {"user_name": "Bharathraj", "user_image": "usr.image", "review_text": "Good customer care", "date": "14 Nov 2022", "rating": {"bg_color": "#346000", "title": "5"}}, {"user_name": "Pralay Patil", "user_image": "usr.image", "review_text": "The best service given by this hotel.\nFriendly one also", "date": "11 Nov 2022", "rating": {"bg_color": "#346000", "title": "5"}}, {"user_name": "mr", "user_image": "usr.image", "review_text": "Nice", "date": "10 Nov 2022", "rating": {"bg_color": "#346000", "title": "5"}}, {"user_name": "mohammad Akram shareef", "user_image": "usr.image", "review_text": "Service is good and rooms are clean", "date": "08 Nov 2022", "rating": {"bg_color": "#346000", "title": "5"}}, {"user_name": "Prarabdh Raipurkar", "user_image": "usr.image", "review_text": "Room is good... Good stay with family.. nearby many restaurants, price could be better, overall good experience", "date": "05 Nov 2022", "rating": {"bg_color": "#346000", "title": "5"}}, {"user_name": "SurajVattikuti", "user_image": "usr.image", "review_text": "It was great", "date": "04 Nov 2022", "rating": {"bg_color": "#346000", "title": "5"}}, {"user_name": "Namitha", "user_image": "usr.image", "review_text": "Good facilities provided", "date": "26 Sep 2022", "rating": {"bg_color": "#346000", "title": "5"}}, {"user_name": "Naveen", "user_image": "usr.image", "review_text": "Good food and hygiene", "date": "23 Sep 2022", "rating": {"bg_color": "#346000", "title": "5"}}, {"user_name": "Naeem Akhter Hussain", "user_image": "usr.image", "review_text": "Clean room with good room space. The staff's are polite and the location is good for students and work holics.", "date": "07 Sep 2022", "rating": {"bg_color": "#346000", "title": "5"}, "user_image_feedback_list": [{"image_name": "20220906_16351726f415d8-d934-45ef-b3ee-a35b1579eff6.jpg", "image_url": "https://images.oyoroomscdn.com/ugc-feedback-uploads/20220906_16351726f415d8-d934-45ef-b3ee-a35b1579eff6.jpg", "type": "jpg", "uploaded_at": "2022-09-07", "image_id": "116696"}]}, {"user_name": "Snehal Pagdhune", "user_image": "usr.image", "review_text": "The cleanliness and hygiene was Good.But on spot price was increased though we had made the payment with offer online .", "date": "26 Aug 2022", "rating": {"bg_color": "#346000", "title": "5"}}, {"user_name": "hemanth kumar", "user_image": "usr.image", "review_text": "Excellent", "date": "25 Aug 2022", "rating": {"bg_color": "#346000", "title": "5"}}, {"user_name": "Princy", "user_image": "usr.image", "review_text": "The room was soo nice and oyo is doing there best job to find the rooms available with no cost .", "date": "20 Aug 2022", "rating": {"bg_color": "#346000", "title": "5"}}, {"user_name": "Shaanu Hashmi", "user_image": "usr.image", "review_text": "Room is great but service not good \n\nI'm try next time", "date": "10 Aug 2022", "rating": {"bg_color": "#346000", "title": "5"}}, {"user_name": "Naveen P", "user_image": "usr.image", "review_text": "Nothing is better there, that property guy took extra money from me, lazy guy", "date": "10 Aug 2022", "rating": {"bg_color": "#346000", "title": "5"}}, {"user_name": "Lokesh Kumar", "user_image": "usr.image", "review_text": "Room is good. But they didn't provide any towel bucket", "date": "07 Aug 2022", "rating": {"bg_color": "#346000", "title": "5"}}, {"user_name": "akanksha basera", "user_image": "usr.image", "review_text": "Good", "date": "04 Aug 2022", "rating": {"bg_color": "#346000", "title": "5"}}, {"user_name": "Ashwinth", "user_image": "usr.image", "review_text": "Good room with nice ambience", "date": "31 Jul 2022", "rating": {"bg_color": "#346000", "title": "5"}}, {"user_name": "Gunja Singh", "user_image": "usr.image", "review_text": "It's good for service and provide all amenities. All I like hotel service people", "date": "23 Jul 2022", "rating": {"bg_color": "#346000", "title": "5"}}, {"user_name": "Chaitra M", "user_image": "usr.image", "review_text": "It was good", "date": "18 Jul 2022", "rating": {"bg_color": "#346000", "title": "5"}}, {"user_name": "Alvala UdayKumar", "user_image": "usr.image", "review_text": "not working the hot water \ud83d\udca6\ud83d\udca7", "date": "18 Jul 2022", "rating": {"bg_color": "#346000", "title": "5"}}, {"user_name": "Rakesh Mahe", "user_image": "usr.image", "review_text": "Good", "date": "26 Jun 2022", "rating": {"bg_color": "#346000", "title": "5"}}, {"user_name": "RAJ KUMAR CHHETRI", "user_image": "usr.image", "review_text": "The hotel room condition and facilities were good and comfortable. But room rent charged was 1200 more than what was supposed to pay as per the amount shown in the site while booking. It's a bitray for the customers booking the room online.", "date": "04 Mar 2023", "rating": {"bg_color": "#58ac00", "title": "4"}}, {"user_name": "Meenakshi D", "user_image": "usr.image", "review_text": "All facility available and clean room and tv and cupboard available but food is not provided that's it", "date": "12 Jan 2023", "rating": {"bg_color": "#58ac00", "title": "4"}}, {"user_name": "haja Mainudeen", "user_image": "usr.image", "review_text": "Better", "date": "26 Dec 2022", "rating": {"bg_color": "#58ac00", "title": "4"}}, {"user_name": "shabin Kolangareth", "user_image": "usr.image", "review_text": "Room and services was good . But in reception they asked more money than its showing in Oyo app", "date": "24 Dec 2022", "rating": {"bg_color": "#58ac00", "title": "4"}}, {"user_name": "Rajesh B", "user_image": "usr.image", "review_text": "Location is good", "date": "02 Dec 2022", "rating": {"bg_color": "#58ac00", "title": "4"}}, {"user_name": "Pralipta Priyadarsan", "user_image": "usr.image", "review_text": "Good", "date": "23 Oct 2022", "rating": {"bg_color": "#58ac00", "title": "4"}}, {"user_name": "Manokaran", "user_image": "usr.image", "review_text": "Room service is not okay", "date": "16 Oct 2022", "rating": {"bg_color": "#58ac00", "title": "4"}}, {"user_name": "Prashanth", "user_image": "usr.image", "review_text": "Rook ok service not good", "date": "16 Oct 2022", "rating": {"bg_color": "#58ac00", "title": "4"}}, {"user_name": "siva krishna", "user_image": "usr.image", "review_text": "Only the problem in this hotel is they are charged additional money from customers, other than online booking amount.", "date": "15 Oct 2022", "rating": {"bg_color": "#58ac00", "title": "4"}, "user_image_feedback_list": [{"image_name": "IMG-20221013-WA000723694b53-c2db-4f96-b22f-86222cc3b14b.jpeg", "image_url": "https://images.oyoroomscdn.com/ugc-feedback-uploads/IMG-20221013-WA000723694b53-c2db-4f96-b22f-86222cc3b14b.jpeg", "type": "jpeg", "uploaded_at": "2022-10-15", "image_id": "133642"}]}, {"user_name": "Aravind", "user_image": "usr.image", "review_text": "Excellent Experience", "date": "23 Sep 2022", "rating": {"bg_color": "#58ac00", "title": "4"}}, {"user_name": "eldhose peter", "user_image": "usr.image", "review_text": "For the price, they provide good service. The only thing is the minimum cost of single room is Rs 1000. So they will ask to pay balance amount if you paid online is less than that. So I had to ask oyo for refund.", "date": "27 Aug 2022", "rating": {"bg_color": "#58ac00", "title": "4"}}, {"user_name": "Prasanjeet Sinha", "user_image": "usr.image", "review_text": "Location.No proper wifi and no mobile network in the premises", "date": "08 Aug 2022", "rating": {"bg_color": "#58ac00", "title": "4"}}, {"user_name": "Harsharan Bhatia", "user_image": "usr.image", "review_text": "The  stay was OK according to money I paid.They asked extra money while checking in. Said the online booking does not include GST although it did.", "date": "07 Aug 2022", "rating": {"bg_color": "#58ac00", "title": "4"}}, {"user_name": "Prakash Dubey", "user_image": "usr.image", "review_text": "Everything is good. Only one problem is there mobile network issue.", "date": "29 Jul 2022", "rating": {"bg_color": "#58ac00", "title": "4"}}, {"user_name": "RAHUL RAJESH", "user_image": "usr.image", "review_text": "Good", "date": "14 Jul 2022", "rating": {"bg_color": "#58ac00", "title": "4"}}, {"user_name": "SOhil Rajeshirke", "user_image": "usr.image", "review_text": "Location.Small rooms", "date": "08 Jul 2022", "rating": {"bg_color": "#58ac00", "title": "4"}}, {"user_name": "Kalimuthu", "user_image": "usr.image", "review_text": "Clean room and water facility", "date": "05 Jul 2022", "rating": {"bg_color": "#58ac00", "title": "4"}}, {"user_name": "Kunal Bikram", "user_image": "usr.image", "date": "02 Jul 2022", "rating": {"bg_color": "#58ac00", "title": "4"}, "user_image_feedback_list": [{"image_name": "hotel_image_b76a3839-6177-45b5-8bd7-b0a5ecea8e9f1913935438147423930.jpeg", "image_url": "https://images.oyoroomscdn.com/ugc-feedback-uploads/hotel_image_b76a3839-6177-45b5-8bd7-b0a5ecea8e9f1913935438147423930.jpeg", "type": "jpeg", "uploaded_at": "2022-07-02", "image_id": "90377"}]}, {"user_name": "Doraiswamy Kalyanaraman", "user_image": "usr.image", "review_text": "Location and cost effective.Room was not cleaned and bed cover sheets were not changed before handing over the room. Wifi is really bad.", "date": "09 Jun 2022", "rating": {"bg_color": "#58ac00", "title": "4"}}, {"user_name": "Rehan", "user_image": "usr.image", "review_text": "Good staff", "date": "22 Mar 2023", "rating": {"bg_color": "#8fc402", "title": "3"}}, {"user_name": "Aadhesha M", "user_image": "usr.image", "review_text": "overall average experience as there was some mosquito in the room, haven't provided bathing towel and with half broken cupboard door \u9983\u69d3. other than that it's good. decent hotel with affordable rent. easy to access malls, restaurants, departmental store, gym and all.", "date": "06 Mar 2023", "rating": {"bg_color": "#8fc402", "title": "3"}}, {"user_name": "pinaki sensarma", "user_image": "usr.image", "review_text": "I was asked to pay Rs. 500 per night. It was not mentioned in reservation slip. Service less than satisfactory. Roon was not cleaned entire day. Much delayed serviceservice", "date": "06 Feb 2023", "rating": {"bg_color": "#8fc402", "title": "3"}}, {"user_name": "Sivaganth phonnusamy", "user_image": "usr.image", "review_text": "Too much of smoky smell in the room and in bathroom full pigeon sit. Not cleaned properly. Main thing wifi is no working, if we ask also they are not giving proper answer..", "date": "23 Dec 2022", "rating": {"bg_color": "#8fc402", "title": "3"}}, {"user_name": "Ratheesh NC", "user_image": "usr.image", "review_text": "Nice location, Need to improve reception staff&#39;s behaviorI have booked the hotel and advance paid full amount as shown in the website. But check in time the property demanded extra money for stay because they are not providing any discounts and the hotel rent is more than shown in the website. So what is the benefit of finding hotels through this website.", "date": "16 Dec 2022", "rating": {"bg_color": "#8fc402", "title": "3"}}, {"user_name": "Yuvraj", "user_image": "usr.image", "review_text": "They didn't have wifi facilities, and charging extra money from the application once you get to the reception they say they have standard format that they do not follow Oyo policies", "date": "15 Dec 2022", "rating": {"bg_color": "#8fc402", "title": "3"}}, {"user_name": "Asif", "user_image": "usr.image", "review_text": "Any how stay was good but hotel need more improvement in quality and bedsheets and all and also bed", "date": "27 Nov 2022", "rating": {"bg_color": "#8fc402", "title": "3"}}, {"user_name": "Roopesh Pm", "user_image": "usr.image", "review_text": "It's an average room. No proper ventilation. Dust in fan, moulds in the walls were a bit uncomfortable.", "date": "05 Nov 2022", "rating": {"bg_color": "#8fc402", "title": "3"}}, {"user_name": "Alisha Patnaik", "user_image": "usr.image", "review_text": "No proper room service", "date": "29 Oct 2022", "rating": {"bg_color": "#8fc402", "title": "3"}}, {"user_name": "M VIJAYDANIEL", "user_image": "usr.image", "review_text": "They are collecting more price than online", "date": "25 Oct 2022", "rating": {"bg_color": "#8fc402", "title": "3"}}, {"user_name": "Kushal", "user_image": "usr.image", "review_text": "Food", "date": "19 Oct 2022", "rating": {"bg_color": "#8fc402", "title": "3"}}, {"user_name": "Irshad", "user_image": "usr.image", "review_text": "Hot water is the issue. Wifi also not available. Network for mobile phone is very difficult.", "date": "09 Oct 2022", "rating": {"bg_color": "#8fc402", "title": "3"}}, {"user_name": "Deepumon K Kuriakose", "user_image": "usr.image", "review_text": "Room is near and clean but bathroom is not that hygiene, Reception staffs are okay(not very good)\nThere is not even a tea poy", "date": "27 Sep 2022", "rating": {"bg_color": "#8fc402", "title": "3"}}, {"user_name": "Bhavinesh Bhaskaran", "user_image": "usr.image", "review_text": "Just ok for one day stay, family prefer this", "date": "30 Aug 2022", "rating": {"bg_color": "#8fc402", "title": "3"}}, {"user_name": "Lawrence", "user_image": "usr.image", "review_text": "They charged 200 extra when I booked  it's 800onlt...while checking they said with tax u have to pay 1000 they given room 110 but updated 306....", "date": "10 Aug 2022", "rating": {"bg_color": "#8fc402", "title": "3"}}, {"user_name": "Vishu", "user_image": "usr.image", "review_text": "Room were good", "date": "10 Aug 2022", "rating": {"bg_color": "#8fc402", "title": "3"}}, {"user_name": "Kishan Kumar", "user_image": "usr.image", "review_text": "Bathroom needs to be better", "date": "09 Aug 2022", "rating": {"bg_color": "#8fc402", "title": "3"}}, {"user_name": "Praful Gopal", "user_image": "usr.image", "review_text": "There was no signal for any sim when you enter your room. You could not get even emergency call and even the WiFi was down for more than 3 hours and there is no TV service.", "date": "03 Aug 2022", "rating": {"bg_color": "#8fc402", "title": "3"}}, {"user_name": "Amit Kumar", "user_image": "usr.image", "review_text": "Hotel booking was awesome they follow all the process step by step but room was not as good as expected. Room door is little jam and you need to hit hard to close it from inside. Water was not available during 11 am to 12 pm, so if you wish to use bathroom use early.", "date": "24 Jul 2022", "rating": {"bg_color": "#8fc402", "title": "3"}, "user_image_feedback_list": [{"image_name": "IMG_20220722_221418fa85400b-098d-455d-a155-50917d30d609.jpg", "image_url": "https://images.oyoroomscdn.com/ugc-feedback-uploads/IMG_20220722_221418fa85400b-098d-455d-a155-50917d30d609.jpg", "type": "jpg", "uploaded_at": "2022-07-24", "image_id": "99943"}]}, {"user_name": "Manoj Dhumal", "user_image": "usr.image", "review_text": "Check in time", "date": "10 Jul 2022", "rating": {"bg_color": "#8fc402", "title": "3"}}, {"user_name": "Avinash", "user_image": "usr.image", "review_text": "There's no network , no wife working, using low quality room cleaner, and charging more 1200/ day  I recommend to others don't stay here", "date": "07 Jul 2022", "rating": {"bg_color": "#8fc402", "title": "3"}}, {"user_name": "Aditya J.Sharma", "user_image": "usr.image", "review_text": "linen and bed sheets were not clean and fresh", "date": "04 Jul 2022", "rating": {"bg_color": "#8fc402", "title": "3"}}, {"user_name": "Ramamohan", "user_image": "usr.image", "review_text": "TV not coming", "date": "04 Jul 2022", "rating": {"bg_color": "#8fc402", "title": "3"}}, {"user_name": "Surya Charan", "user_image": "usr.image", "review_text": "Internet is not stable, staff disturbs often, bathroom door is not working, tv doesn't work, and bed sheets are not much coean", "date": "05 Apr 2023", "rating": {"bg_color": "#feba00", "title": "2"}}, {"user_name": "Rajesh M", "user_image": "usr.image", "review_text": "Restroom is not clean, lift is not working, every time I will walk from ground to 3rd floor, the staff is telling 2 hours they will work, from till to check out the lift is not worked, then tv also not work\ue05e\u30fb\ue05e\u30fb am fully disappointed", "date": "03 Apr 2023", "rating": {"bg_color": "#feba00", "title": "2"}}, {"user_name": "Naveen", "user_image": "usr.image", "review_text": "Ac not working,Water also problem . Technician came and repaired almost 1 hr room.", "date": "19 Mar 2023", "rating": {"bg_color": "#feba00", "title": "2"}}, {"user_name": "Vinay", "user_image": "usr.image", "review_text": "Washrooms are not clean broken commode, telephone was not working, bedsheets aren't that clean felt itchy, no wifi for almost half a day.", "date": "17 Mar 2023", "rating": {"bg_color": "#feba00", "title": "2"}}, {"user_name": "fayzul Haquelaskare", "user_image": "usr.image", "review_text": "The bed was not good, the bed sheet was all torn, there was a cupboard that was also broken, there was no water in the bathroom.", "date": "10 Mar 2023", "rating": {"bg_color": "#feba00", "title": "2"}}, {"user_name": "Yuvraj", "user_image": "usr.image", "review_text": "I went to this hotel and even after checking in at 11 am they charged me around 300\u20b9 extra", "date": "20 Feb 2023", "rating": {"bg_color": "#feba00", "title": "2"}}, {"user_name": "balaraj naik", "user_image": "usr.image", "review_text": "Water not available \nRest room not good", "date": "18 Feb 2023", "rating": {"bg_color": "#feba00", "title": "2"}}, {"user_name": "Lokesh Kumar", "user_image": "usr.image", "review_text": "There is no wifi not cleaning", "date": "30 Jan 2023", "rating": {"bg_color": "#feba00", "title": "2"}}, {"user_name": "D.n. Murugesh", "user_image": "usr.image", "review_text": "The door doesn\u2019t have lock latches.. The TV is not working. Then when we complained about that, those staffs are not responding properly", "date": "09 Dec 2022", "rating": {"bg_color": "#feba00", "title": "2"}}, {"user_name": "Joel Thomas", "user_image": "usr.image", "review_text": "Dirty washrooms. The water ran out one time. There was a huge spark from the electric lines right on the entrance of the hotel. Those sparks fell just near to me. Beware of the electric lines at the entrance", "date": "03 Dec 2022", "rating": {"bg_color": "#feba00", "title": "2"}}, {"user_name": "Jeya Kumar", "user_image": "usr.image", "review_text": "Unclean toilet.", "date": "01 Dec 2022", "rating": {"bg_color": "#feba00", "title": "2"}}, {"user_name": "Abhishek Kumar", "user_image": "usr.image", "review_text": "Torn bedsheets, the flush not working, and didn't clean the room even after I told them four times. and also no proper water supply.", "date": "29 Nov 2022", "rating": {"bg_color": "#feba00", "title": "2"}}, {"user_name": "Rafeeque Mavoor", "user_image": "usr.image", "review_text": "The communication between the staffs are very poor.\n\nI had to wait at the reception for more than one hour to check-in. Many others were waiting too.\n\nStaff were fighting who supposed to do what and the verbal fight was going for a long time haha.\nOr I don't know is this the way they usually talk.\n\nAnyway it was not a pleasentful experience.\nIf the hotel need to run for long...it's better for the owner to replace all the staffs who take care of the reception.\n\nI won't recommend this place to anyone who coming first to the city.", "date": "20 Nov 2022", "rating": {"bg_color": "#feba00", "title": "2"}}, {"user_name": "SREENATH S", "user_image": "usr.image", "review_text": "Very bad", "date": "14 Nov 2022", "rating": {"bg_color": "#feba00", "title": "2"}}, {"user_name": "Mithun Bekal", "user_image": "usr.image", "review_text": "---.- Promised early check in but the front office was not prepared n- Rooms were cleaned after I arrived n- Bathroom utilities werent provided and cleanlines not maintained", "date": "18 Oct 2022", "rating": {"bg_color": "#feba00", "title": "2"}}, {"user_name": "919765687149 Purohit", "user_image": "usr.image", "review_text": "Doesnt have professionalism. Ask for more than than what is paid/booked online or denies check in into the hotel. No toiletries, Towels, floor mats, hangers, proper lights, Washroom window and Ac doesn't work. Cockroaches in washroom. Overall the hotel is abusing customers due tp sudden high demand in Bangalore.", "date": "11 Oct 2022", "rating": {"bg_color": "#feba00", "title": "2"}}, {"user_name": "Kodi seshendraKumar", "user_image": "usr.image", "review_text": "No network and there is a wifi issue not resolved all day long", "date": "07 Oct 2022", "rating": {"bg_color": "#feba00", "title": "2"}}, {"user_name": "Chandra Sekhar", "user_image": "usr.image", "review_text": "Just okNo Network in the Hotel&#47;.Staff need to allow online booking with out any hesitations.", "date": "05 Oct 2022", "rating": {"bg_color": "#feba00", "title": "2"}}, {"user_name": "Vikram Snehi", "user_image": "usr.image", "review_text": "They Charged extra 500/ really can't believe...  They are not following OyO policy..", "date": "17 Sep 2022", "rating": {"bg_color": "#feba00", "title": "2"}, "user_image_feedback_list": [{"image_name": "IMG202209171905377760b564-b351-4c49-9d95-629a781c12bf.jpg", "image_url": "https://images.oyoroomscdn.com/ugc-feedback-uploads/IMG202209171905377760b564-b351-4c49-9d95-629a781c12bf.jpg", "type": "jpg", "uploaded_at": "2022-09-17", "image_id": "120930"}]}, {"user_name": "Pihu", "user_image": "usr.image", "review_text": "The rooms have no network , you will have to go outside everytime u have to call or something.\nThere is no drinking water facilities also they provide water bottles with charges.\nWill never suggest to stay.", "date": "09 Aug 2022", "rating": {"bg_color": "#feba00", "title": "2"}}, {"user_name": "VenkateshAtchutha", "user_image": "usr.image", "review_text": "They asked to pay extra amount though we paid all the amount in online", "date": "06 Aug 2022", "rating": {"bg_color": "#feba00", "title": "2"}}, {"user_name": "Nakka Vijaya", "user_image": "usr.image", "review_text": "Area is good but not the hotel.They charged me extra 500 rs", "date": "06 Aug 2022", "rating": {"bg_color": "#feba00", "title": "2"}}, {"user_name": "Syed", "user_image": "usr.image", "review_text": "The hotel charges more than the price it's been happening regularly but i hd no option except paying more", "date": "05 Aug 2022", "rating": {"bg_color": "#feba00", "title": "2"}}, {"user_name": "Archana Venkatachalam", "user_image": "usr.image", "review_text": "The front desk was somewhat approachable..Not clean, no action even after multiple reminders to clean the room", "date": "30 Jul 2022", "rating": {"bg_color": "#feba00", "title": "2"}}, {"user_name": "Hemanth", "user_image": "usr.image", "review_text": "TV not working..room was not clean..\nMainly they asked extra money", "date": "28 Jul 2022", "rating": {"bg_color": "#feba00", "title": "2"}}, {"user_name": "Manikandan M", "user_image": "usr.image", "review_text": "Room was neat.It shows 750 for one night for two members in website.but there they charge 1200 for two members.", "date": "28 Jul 2022", "rating": {"bg_color": "#feba00", "title": "2"}}, {"user_name": "Sathish chai", "user_image": "usr.image", "review_text": "No.Not room mantence and facilities", "date": "18 Jul 2022", "rating": {"bg_color": "#feba00", "title": "2"}}, {"user_name": "Huzair Ahamed", "user_image": "usr.image", "review_text": "Hotel management ask to pay 1200 as i had booked it for 890", "date": "12 Jul 2022", "rating": {"bg_color": "#feba00", "title": "2"}}, {"user_name": "Gupta Joy", "user_image": "usr.image", "review_text": "easy to reach and we could find eating shops nearby.Wifi and network issue was there. Some operators might not work from rooms and also wifi keeps fluctuating. And also there were no basic amenities in the room.", "date": "05 Jul 2022", "rating": {"bg_color": "#feba00", "title": "2"}}, {"user_name": "Shubham Rastogi", "user_image": "usr.image", "review_text": "Ok OkLocation of the hotel was good.Washroom wasn&#39;t clean. Shower wasn&#39;t working properly. Elevator wasn&#39;t working", "date": "27 Jun 2022", "rating": {"bg_color": "#feba00", "title": "2"}}, {"user_name": "akshay mule", "user_image": "usr.image", "review_text": "No elevator for 5th floor, rooms are clean but bathrooms don't feel upto standard", "date": "24 Jun 2022", "rating": {"bg_color": "#feba00", "title": "2"}}, {"user_name": "yohith R", "user_image": "usr.image", "review_text": "It&#39;s located near to the whitefield main road.Rooms are not clean.", "date": "18 Jun 2022", "rating": {"bg_color": "#feba00", "title": "2"}}]}}, {"data": {"title": "226 Verified Reviews", "rating_data": {"title": "3.3", "bg_color": "#8fc402", "tag": "Fair", "subtitle": "900 ratings on verified stays by guests"}, "sort_options": [{"type": "date-high", "title": "Recent reviews"}, {"type": "rating-high", "title": "High to low ratings"}, {"type": "rating-low", "title": "Low to high ratings"}], "is_last": false, "next_offset": 202, "reviews": [{"user_name": "susant", "user_image": "usr.image", "date": "13 May 2023", "rating": {"bg_color": "#ff4742", "title": "1"}, "user_image_feedback_list": [{"image_name": "IMG2023050917544925759546-1185-438b-acfd-7eb9f1a74ab9.jpg", "image_url": "https://images.oyoroomscdn.com/ugc-feedback-uploads/IMG2023050917544925759546-1185-438b-acfd-7eb9f1a74ab9.jpg", "type": "jpg", "uploaded_at": "2023-05-13", "image_id": "202529"}, {"image_name": "IMG202305091753050790c14e-681c-4f67-9917-06ce4d8e8552.jpg", "image_url": "https://images.oyoroomscdn.com/ugc-feedback-uploads/IMG202305091753050790c14e-681c-4f67-9917-06ce4d8e8552.jpg", "type": "jpg", "uploaded_at": "2023-05-13", "image_id": "202528"}, {"image_name": "IMG20230509175247dd7f7a55-160a-47a0-9e67-a4ca86c68431.jpg", "image_url": "https://images.oyoroomscdn.com/ugc-feedback-uploads/IMG20230509175247dd7f7a55-160a-47a0-9e67-a4ca86c68431.jpg", "type": "jpg", "uploaded_at": "2023-05-13", "image_id": "202527"}, {"image_name": "IMG20230509175258c4ad6eda-9648-46ac-b203-d36f36d9c60d.jpg", "image_url": "https://images.oyoroomscdn.com/ugc-feedback-uploads/IMG20230509175258c4ad6eda-9648-46ac-b203-d36f36d9c60d.jpg", "type": "jpg", "uploaded_at": "2023-05-13", "image_id": "202526"}, {"image_name": "IMG202305091752531ddd048c-e78a-4302-9cd0-68a82cecce36.jpg", "image_url": "https://images.oyoroomscdn.com/ugc-feedback-uploads/IMG202305091752531ddd048c-e78a-4302-9cd0-68a82cecce36.jpg", "type": "jpg", "uploaded_at": "2023-05-13", "image_id": "202525"}]}, {"user_name": "Shivakumar", "user_image": "usr.image", "review_text": "We have booked through oyo and paid online , while Check in they said that they don't accept oyo booking and oyo payment..we tried lot buy they didn't agreed.  After that we called to oyo customer care for 3-4 times but they didn't respond..this is like scam , at last I got only 200 refund", "date": "25 Apr 2023", "rating": {"bg_color": "#ff4742", "title": "1"}}, {"user_name": "puneeth KH", "user_image": "usr.image", "review_text": "Worst place to stay first they ask extra money,\nThere is no towel soap nothing also there,\nWorst place to stay for family", "date": "20 Apr 2023", "rating": {"bg_color": "#ff4742", "title": "1"}}, {"user_name": "Srinath", "user_image": "usr.image", "review_text": "Bathroom was not clean. Found cockroaches. No water. No hot water. No water bottle. Need to ask for everything. They asked extra money.", "date": "20 Apr 2023", "rating": {"bg_color": "#ff4742", "title": "1"}}, {"user_name": "Abhishek M", "user_image": "usr.image", "review_text": "Terrible stay. Don&#39;t chooseLocation was good.Terrible room condition. No flush working.nNo internet", "date": "09 Apr 2023", "rating": {"bg_color": "#ff4742", "title": "1"}}, {"user_name": "bithun samanta", "user_image": "usr.image", "review_text": "Taken extra amount after paying mmr. Ac not working, bathroom not good", "date": "23 Mar 2023", "rating": {"bg_color": "#ff4742", "title": "1"}}, {"user_name": "Shan Sundar", "user_image": "usr.image", "review_text": "HorribleNothing.Everything was unclean. Leaky bathroom", "date": "09 Mar 2023", "rating": {"bg_color": "#ff4742", "title": "1"}}, {"user_name": "Ashok Gudla", "user_image": "usr.image", "review_text": "When i reached the hotel the reception said we don't accept make my trip booking. Only thing saved me because check in time already passes else they would have not given room.", "date": "25 Feb 2023", "rating": {"bg_color": "#ff4742", "title": "1"}}, {"user_name": "nithin", "user_image": "usr.image", "review_text": "The OYO room photos and real ( realty) has huge difference.\nNot a good room. It is like Local lodge. Ask the lodge to upload real photos.", "date": "16 Feb 2023", "rating": {"bg_color": "#ff4742", "title": "1"}}, {"user_name": "Pradeep Kumar", "user_image": "usr.image", "review_text": "Room was booked for 2 people one night at the cost of /- by the discounts given but hotel guy demanded 1200/-. Upon telling that I have booked it. I have additional amount and stayed. It was bad experience. Also water supply was not there and TV was not working. Then I was shifted to other room. Too many inconvenience.", "date": "09 Feb 2023", "rating": {"bg_color": "#ff4742", "title": "1"}}, {"user_name": "Sunil Kumar", "user_image": "usr.image", "review_text": "When check in time he asked for more money", "date": "08 Feb 2023", "rating": {"bg_color": "#ff4742", "title": "1"}}, {"user_name": "XXX XXX", "user_image": "usr.image", "review_text": "Check in Took hell Lot of time\nRooms are not maintained well like AC, Fan, Lights water did not came in washroom", "date": "20 Jan 2023", "rating": {"bg_color": "#ff4742", "title": "1"}}, {"user_name": "Srujan", "user_image": "usr.image", "review_text": "This hotel dont follow oyo rules .. for example , if you get any discount from oyo.. hotel people dont consider that discount ..they will add that dicount money and oyher taxes too.. even they dont provide complimentary water bottle atleast 500ml water bottle too.. they will charge for soap and other complimentary things.. better to avoide this hotel", "date": "27 Dec 2022", "rating": {"bg_color": "#ff4742", "title": "1"}}, {"user_name": "Vinod Kumar", "user_image": "usr.image", "review_text": "PatheticOnly location, nothing else.Staff is pathetic, they works on theme of &quot;never say no, but never do it&quot;", "date": "25 Dec 2022", "rating": {"bg_color": "#ff4742", "title": "1"}}, {"user_name": "Shardul Singh", "user_image": "usr.image", "review_text": "Asked for extra money which was shown on oyo. Also took lot of time to deliver food.", "date": "14 Dec 2022", "rating": {"bg_color": "#ff4742", "title": "1"}}, {"user_name": "AKIL Ct", "user_image": "usr.image", "review_text": "Nothing I liked.I have agreed for 707 rupees per day but hotel denied the same and charged me 1100", "date": "12 Dec 2022", "rating": {"bg_color": "#ff4742", "title": "1"}}, {"user_name": "meronika princy", "user_image": "usr.image", "review_text": "There is nothing to like about this property. It&#39;s not worth the money.Evrything. The rooms are extremely untidy. Not even a dustbin kept in the room. Curtains, walls n floor are dirty and the room stinks as well. Above all there is no proper network in this place. Staffs are very bad and there is no mannerism. nCheck in and checkout process with the staffs at front desk is pathetic. Staffs shud be knowing atleast basic English or local languages to communicate with customers. Overall it&#39;s not worth the money.", "date": "11 Dec 2022", "rating": {"bg_color": "#ff4742", "title": "1"}}, {"user_name": "Rajveer Singh", "user_image": "usr.image", "review_text": "Bad room fake images", "date": "03 Dec 2022", "rating": {"bg_color": "#ff4742", "title": "1"}}, {"user_name": "Saikishor Balla", "user_image": "usr.image", "review_text": "In oyo app price shown 800 and in hotel they take 1200. Price is very high", "date": "25 Nov 2022", "rating": {"bg_color": "#ff4742", "title": "1"}}, {"user_name": "AJIN B", "user_image": "usr.image", "review_text": "Bad experience", "date": "22 Nov 2022", "rating": {"bg_color": "#ff4742", "title": "1"}}, {"user_name": "Madhu", "user_image": "usr.image", "review_text": "Very bad", "date": "15 Nov 2022", "rating": {"bg_color": "#ff4742", "title": "1"}}, {"user_name": "Madhu", "user_image": "usr.image", "review_text": "Charging extra money even though we paid whats on the oyo app. And promoting there own and attracting customers by saying we will give you better deals than oyo app.", "date": "15 Nov 2022", "rating": {"bg_color": "#ff4742", "title": "1"}}, {"user_name": "Sivaprakash S", "user_image": "usr.image", "review_text": "The room was not clean at all and I was also cheated with money", "date": "14 Nov 2022", "rating": {"bg_color": "#ff4742", "title": "1"}, "user_image_feedback_list": [{"image_name": "69F6A0E6-6B33-4212-9656-D549FFDCCC6Ef7ce52f5-8cbc-434e-b3e7-1d590dbbe7a1.jpeg", "image_url": "https://images.oyoroomscdn.com/ugc-feedback-uploads/69F6A0E6-6B33-4212-9656-D549FFDCCC6Ef7ce52f5-8cbc-434e-b3e7-1d590dbbe7a1.jpeg", "type": "jpeg", "uploaded_at": "2022-11-14", "image_id": "143770"}, {"image_name": "4D87CA6D-2264-4D60-9EDC-A0D7A42535C516578227-1f37-47c7-84e7-ca89a3773d6d.jpeg", "image_url": "https://images.oyoroomscdn.com/ugc-feedback-uploads/4D87CA6D-2264-4D60-9EDC-A0D7A42535C516578227-1f37-47c7-84e7-ca89a3773d6d.jpeg", "type": "jpeg", "uploaded_at": "2022-11-14", "image_id": "143772"}, {"image_name": "708325E6-7A7E-42D9-B9AD-FEEA4FBF24EA09a865bb-30e6-4b52-ab6d-74794b520701.jpeg", "image_url": "https://images.oyoroomscdn.com/ugc-feedback-uploads/708325E6-7A7E-42D9-B9AD-FEEA4FBF24EA09a865bb-30e6-4b52-ab6d-74794b520701.jpeg", "type": "jpeg", "uploaded_at": "2022-11-14", "image_id": "143771"}, {"image_name": "363F6911-58FA-42CA-8B2D-2DFA1B9666DEf0f9c5e8-d8c6-4f9c-8288-ae934b0cfffd.jpeg", "image_url": "https://images.oyoroomscdn.com/ugc-feedback-uploads/363F6911-58FA-42CA-8B2D-2DFA1B9666DEf0f9c5e8-d8c6-4f9c-8288-ae934b0cfffd.jpeg", "type": "jpeg", "uploaded_at": "2022-11-14", "image_id": "143773"}, {"image_name": "FE4F3FA8-575B-44BC-9B54-D6A25B9E58B9af8a5a06-aead-42fb-893d-48e30e17d146.jpeg", "image_url": "https://images.oyoroomscdn.com/ugc-feedback-uploads/FE4F3FA8-575B-44BC-9B54-D6A25B9E58B9af8a5a06-aead-42fb-893d-48e30e17d146.jpeg", "type": "jpeg", "uploaded_at": "2022-11-14", "image_id": "143768"}, {"image_name": "3F9B7063-8CBB-4753-841E-0D21EA6432CA18c37887-c371-4236-b80e-cd085f6254d9.jpeg", "image_url": "https://images.oyoroomscdn.com/ugc-feedback-uploads/3F9B7063-8CBB-4753-841E-0D21EA6432CA18c37887-c371-4236-b80e-cd085f6254d9.jpeg", "type": "jpeg", "uploaded_at": "2022-11-14", "image_id": "143769"}]}, {"user_name": "Sachin sureddy", "user_image": "usr.image", "review_text": "1stly I booked through  app and paid also .\nAfter I go there they are saying  rooms are not available  .\n\nAfterwards  I said take extra amount  and give, that time they give to me room after some time .\n\nThis is going  on all oyo rooms AS I SAW YESTERDAY.  Please  take action  ASAP", "date": "13 Nov 2022", "rating": {"bg_color": "#ff4742", "title": "1"}}, {"user_name": "Franklin Timmy", "user_image": "usr.image", "review_text": "It was located in no where. The entire building was smelling. The room door got locked and didn't even open from inside.", "date": "13 Nov 2022", "rating": {"bg_color": "#ff4742", "title": "1"}}, {"user_name": "Javed Akhtar", "user_image": "usr.image", "review_text": "Worst hotel and , they are taking their own charge even after paying online.", "date": "09 Nov 2022", "rating": {"bg_color": "#ff4742", "title": "1"}}, {"user_name": "Dhilip", "user_image": "usr.image", "review_text": "No water or proper response.... No AC .... Changed room after several complaints and this room also had same AC problem... Internet doesn't work properly in both buildings... Found little cockroaches roaming around the bathroom coming inside the room during sleep getting on to bed and luggage", "date": "09 Nov 2022", "rating": {"bg_color": "#ff4742", "title": "1"}}, {"user_name": "MURTHY Singampalli", "user_image": "usr.image", "review_text": "They charged 500 extra than what they have showed in app and room is nit clean.", "date": "08 Nov 2022", "rating": {"bg_color": "#ff4742", "title": "1"}}, {"user_name": "Chanakya", "user_image": "usr.image", "review_text": "I dint visit the hotel\u2026 oyo people told they will refund the amount still they dint", "date": "07 Nov 2022", "rating": {"bg_color": "#ff4742", "title": "1"}}, {"user_name": "Hemanth", "user_image": "usr.image", "review_text": "Price difference, no hot water ,room clean ness.", "date": "05 Nov 2022", "rating": {"bg_color": "#ff4742", "title": "1"}, "user_image_feedback_list": [{"image_name": "JPEG_20221105_105446_7124144335265431911a1f18454-100b-4aca-bda6-a893b83a2e43.jpg", "image_url": "https://images.oyoroomscdn.com/ugc-feedback-uploads/JPEG_20221105_105446_7124144335265431911a1f18454-100b-4aca-bda6-a893b83a2e43.jpg", "type": "jpg", "uploaded_at": "2022-11-05", "image_id": "140378"}, {"image_name": "JPEG_20221105_105504_6846906714136042377db185399-da1b-4ace-b5f0-f890bbcca5ec.jpg", "image_url": "https://images.oyoroomscdn.com/ugc-feedback-uploads/JPEG_20221105_105504_6846906714136042377db185399-da1b-4ace-b5f0-f890bbcca5ec.jpg", "type": "jpg", "uploaded_at": "2022-11-05", "image_id": "140379"}]}, {"user_name": "Sangappa B", "user_image": "usr.image", "review_text": "Demanded more rent", "date": "04 Nov 2022", "rating": {"bg_color": "#ff4742", "title": "1"}}, {"user_name": "Harinarayana Elukuri", "user_image": "usr.image", "review_text": "Waste of money.They r taking extra money from customers. Personally I paid 450rs extra charge.", "date": "02 Nov 2022", "rating": {"bg_color": "#ff4742", "title": "1"}}, {"user_name": "Anand K", "user_image": "usr.image", "review_text": "Nothing i had liked there, cheating and taking 250 extra amount, not giving proper response and respect for reception people, and room totally un clean, Room full of cockroaches, and roches waste in corboard, no hot water......", "date": "25 Oct 2022", "rating": {"bg_color": "#ff4742", "title": "1"}}, {"user_name": "Ajith", "user_image": "usr.image", "review_text": "See already I stayed,one day that is very bad  on that day I given bad review also that time u told your next stay we will give much batter .....you told and now stayed two days very very bad ........... they are asking  to pay extra money \ud83d\ude21\ud83d\ude21\ud83d\ude21\ud83d\ude21\ud83d\ude21", "date": "22 Oct 2022", "rating": {"bg_color": "#ff4742", "title": "1"}}, {"user_name": "Rupesh A", "user_image": "usr.image", "review_text": "The owner denied offer price which was listed on  your site. Highly disappointed with your service..The owner denied offer price which was listed on  your site. Highly disappointed with your service. Properties are listed here with difference prices and once reach the hotel they don&#39;t accept price at which booking was made and ask for extra money. HIGHLY DISAPPOINTED!!!", "date": "20 Oct 2022", "rating": {"bg_color": "#ff4742", "title": "1"}}, {"user_name": "MOHITKUMAR MAKWANA", "user_image": "usr.image", "review_text": "Charged extra money. Called Oyo .they have not supported", "date": "19 Oct 2022", "rating": {"bg_color": "#ff4742", "title": "1"}}, {"user_name": "Sheelvanth Kumar", "user_image": "usr.image", "review_text": "Bad.", "date": "15 Oct 2022", "rating": {"bg_color": "#ff4742", "title": "1"}}, {"user_name": "Vijaya Sekhar", "user_image": "usr.image", "review_text": "They charged extra money aganist the online money paidWaste of money.", "date": "15 Oct 2022", "rating": {"bg_color": "#ff4742", "title": "1"}}, {"user_name": "Ajith", "user_image": "usr.image", "review_text": "Room was not clean and was having intense cigarette smell.\nHad to ask them couple of times to make it cleaned.\nAlso the sheets and the blankets werr not upto the mark", "date": "10 Oct 2022", "rating": {"bg_color": "#ff4742", "title": "1"}}, {"user_name": "Midhun Singaravelu", "user_image": "usr.image", "review_text": "Very bad experienceThe staffs were very lethargic in full filing any request you make. Bed spread and quilts were not clean. Tv wasnu2019t working for one day, WiFi was not working for 2 days. Totally waste of money.", "date": "07 Oct 2022", "rating": {"bg_color": "#ff4742", "title": "1"}}, {"user_name": "Akshatha", "user_image": "usr.image", "review_text": "Please refund the amount which was charged by the property manager during check in. They charged 500 bucks extra for no reason", "date": "06 Oct 2022", "rating": {"bg_color": "#ff4742", "title": "1"}}, {"user_name": "Akshay", "user_image": "usr.image", "review_text": "Very bad and inclined hotel, aslo Oyo system is very badly froud , so plz Oyo don't use Oyo", "date": "04 Oct 2022", "rating": {"bg_color": "#ff4742", "title": "1"}, "user_image_feedback_list": [{"image_name": "IMG-20221005-WA000562b6aedf-cff3-4534-b10d-c05c5e718701.jpg", "image_url": "https://images.oyoroomscdn.com/ugc-feedback-uploads/IMG-20221005-WA000562b6aedf-cff3-4534-b10d-c05c5e718701.jpg", "type": "jpg", "uploaded_at": "2022-10-04", "image_id": "128969"}, {"image_name": "IMG-20221004-WA0057ab72bc54-05ab-4832-aa8f-23974e40320b.jpeg", "image_url": "https://images.oyoroomscdn.com/ugc-feedback-uploads/IMG-20221004-WA0057ab72bc54-05ab-4832-aa8f-23974e40320b.jpeg", "type": "jpeg", "uploaded_at": "2022-10-04", "image_id": "128968"}, {"image_name": "IMG-20221005-WA00002dfb218b-0152-4429-ab05-cefa9da4e1b2.jpg", "image_url": "https://images.oyoroomscdn.com/ugc-feedback-uploads/IMG-20221005-WA00002dfb218b-0152-4429-ab05-cefa9da4e1b2.jpg", "type": "jpg", "uploaded_at": "2022-10-04", "image_id": "128963"}, {"image_name": "IMG-20221005-WA000258e603c3-9905-470d-a8ca-adc43d68be0f.jpg", "image_url": "https://images.oyoroomscdn.com/ugc-feedback-uploads/IMG-20221005-WA000258e603c3-9905-470d-a8ca-adc43d68be0f.jpg", "type": "jpg", "uploaded_at": "2022-10-04", "image_id": "128967"}, {"image_name": "IMG-20221005-WA00071ddd8bdc-e443-47fc-bd64-e46511a24377.jpg", "image_url": "https://images.oyoroomscdn.com/ugc-feedback-uploads/IMG-20221005-WA00071ddd8bdc-e443-47fc-bd64-e46511a24377.jpg", "type": "jpg", "uploaded_at": "2022-10-04", "image_id": "128964"}]}, {"user_name": "keshav", "user_image": "usr.image", "review_text": "The guy at the front office took 800 extra for two rooms and he said if we don't pay that he will not give the room also asked to cancel the booking.\nVery worst hotel i have ever seen .", "date": "04 Oct 2022", "rating": {"bg_color": "#ff4742", "title": "1"}}, {"user_name": "Anandaraj S", "user_image": "usr.image", "review_text": "They Asked extra payment and I called oyo customer care the executive made my call hold didn't respond.. We were waiting around 1 hour then paid the extra amount to checkin because its 12am.\n\nVery unpleasant experience.. I will never choose oyo", "date": "03 Oct 2022", "rating": {"bg_color": "#ff4742", "title": "1"}}, {"user_name": "Ravikiran GK", "user_image": "usr.image", "review_text": "Property owner demanded extra money and denied my checkin. I paid extra money before checkin. Cheat!", "date": "30 Sep 2022", "rating": {"bg_color": "#ff4742", "title": "1"}}, {"user_name": "Rohit Kumar", "user_image": "usr.image", "review_text": "When I was to check in the receptionist told me here Oyo closed so you want to pay extra I booked bye Oyo 2700 for 3 nights but when I reched hotel they will asked me for 4000 rupees as long discussion after I was paid 3500 rupees  this is not acceptable from Oyo if you not managed property then why are you showing in you app very disappoint from Oyo and hotel staff", "date": "29 Sep 2022", "rating": {"bg_color": "#ff4742", "title": "1"}}, {"user_name": "Basu Bujji", "user_image": "usr.image", "review_text": "Booking 800 but 1200 pay", "date": "28 Sep 2022", "rating": {"bg_color": "#ff4742", "title": "1"}}, {"user_name": "Praveen Sekar", "user_image": "usr.image", "review_text": "Bad", "date": "28 Sep 2022", "rating": {"bg_color": "#ff4742", "title": "1"}}, {"user_name": "sridhar tammnardi", "user_image": "usr.image", "review_text": "worst internet &amp; dust.I dont like anytings", "date": "26 Sep 2022", "rating": {"bg_color": "#ff4742", "title": "1"}}, {"user_name": "Chethan Gowda", "user_image": "usr.image", "review_text": "Hotel people demanded additional money for rooms and also they told us to make all the payment initial or else they will cancel the booking inspite we payed initial booking chargers and room also got confirmed.", "date": "25 Sep 2022", "rating": {"bg_color": "#ff4742", "title": "1"}}, {"user_name": "ANKIT TIWARI", "user_image": "usr.image", "review_text": "Hotel charged me extra 323 rs for my stay, citing the reason of their minimum charge policy of 999 rs.\nIf possible please take the legal actions for such demands of hotels at the time of check in.", "date": "25 Sep 2022", "rating": {"bg_color": "#ff4742", "title": "1"}}, {"user_name": "Nikhil", "user_image": "usr.image", "review_text": "They are charging more amount then the online amount.....and too much of delay in check-in and poor room maintenance and service", "date": "22 Sep 2022", "rating": {"bg_color": "#ff4742", "title": "1"}}, {"user_name": "Anand", "user_image": "usr.image", "review_text": "No water in bathroom, bedsheet r not good,ac not working,nd staff workers' are talking to rdl,\nPmr hotel not good for sty \ud83d\ude21", "date": "21 Sep 2022", "rating": {"bg_color": "#ff4742", "title": "1"}}, {"user_name": "Anand Tom", "user_image": "usr.image", "review_text": "Asked for extra money even after paid full amount online as shown in Oyo app. \nAc was not working properly and water was leaking through AC. Tv has no connection. Poor hospitality and Worst experience.", "date": "19 Sep 2022", "rating": {"bg_color": "#ff4742", "title": "1"}}, {"user_name": "Kiran Raj", "user_image": "usr.image", "review_text": "Nothing.That receptionist behavior is worst,he is rude on us, using abuse words", "date": "09 Sep 2022", "rating": {"bg_color": "#ff4742", "title": "1"}}, {"user_name": "Sandeep Pillai", "user_image": "usr.image", "review_text": "Worst stay possible", "date": "08 Sep 2022", "rating": {"bg_color": "#ff4742", "title": "1"}}, {"user_name": "ARCHITA BHATTACHARJEE", "user_image": "usr.image", "review_text": "1. Extra amount demanded even after paying the complete amount online. n2. Was written while booking that one large sized bed would be provided for three people but was not provided. n3. Rooms were not cleaned daily. n4. Poor network facilities. Wifi also did not work properly.", "date": "28 Aug 2022", "rating": {"bg_color": "#ff4742", "title": "1"}}, {"user_name": "Sampath", "user_image": "usr.image", "review_text": "What ever they promised I don't get things like even hot water...", "date": "26 Aug 2022", "rating": {"bg_color": "#ff4742", "title": "1"}}, {"user_name": "Vivek", "user_image": "usr.image", "review_text": "Very poor service and charged extra money that was really disappointing", "date": "22 Aug 2022", "rating": {"bg_color": "#ff4742", "title": "1"}}, {"user_name": "shree", "user_image": "usr.image", "review_text": "While booking amount was 790 ....but they changerd 1300... Y they changed More amount really very bad rooms or nt good they changed amount for water bottle also ....stop fooling people .....i need this to solved soon", "date": "21 Aug 2022", "rating": {"bg_color": "#ff4742", "title": "1"}, "user_image_feedback_list": [{"image_name": "IMG202208141530382f6d9ece-2214-4cee-8d6f-a4cfafabb672.jpg", "image_url": "https://images.oyoroomscdn.com/ugc-feedback-uploads/IMG202208141530382f6d9ece-2214-4cee-8d6f-a4cfafabb672.jpg", "type": "jpg", "uploaded_at": "2022-08-21", "image_id": "111024"}, {"image_name": "IMG20220814155323c4d36862-1d13-4283-9aa4-a708d2de7d18.jpg", "image_url": "https://images.oyoroomscdn.com/ugc-feedback-uploads/IMG20220814155323c4d36862-1d13-4283-9aa4-a708d2de7d18.jpg", "type": "jpg", "uploaded_at": "2022-08-21", "image_id": "111021"}, {"image_name": "IMG20220814155350935ea76b-356b-4581-8f87-f6700ac6e6d2.jpg", "image_url": "https://images.oyoroomscdn.com/ugc-feedback-uploads/IMG20220814155350935ea76b-356b-4581-8f87-f6700ac6e6d2.jpg", "type": "jpg", "uploaded_at": "2022-08-21", "image_id": "111023"}]}, {"user_name": "Manoj Kumar", "user_image": "usr.image", "review_text": "They demanded extra money than the amount showed in OYO and no hot water and washroom isn\u2019t good and rudely behaved with my family", "date": "21 Aug 2022", "rating": {"bg_color": "#ff4742", "title": "1"}}, {"user_name": "Nikhilesh Naik", "user_image": "usr.image", "review_text": "Inspite of booking was don.they charge extra 700 with out bill and any recipient. Staff was very rude.", "date": "20 Aug 2022", "rating": {"bg_color": "#ff4742", "title": "1"}}, {"user_name": "EBRAHIMAK A", "user_image": "usr.image", "review_text": "Really bad experience of this stay..they charge extra cost than online price I payed for normal check in and check out..customer service behave like street boys..no clean and not pipes working...really wasted my day..poor experience..", "date": "17 Aug 2022", "rating": {"bg_color": "#ff4742", "title": "1"}, "user_image_feedback_list": [{"image_name": "20220815_1225451302b125-6d4c-4638-9f4c-6b443095aa80.jpg", "image_url": "https://images.oyoroomscdn.com/ugc-feedback-uploads/20220815_1225451302b125-6d4c-4638-9f4c-6b443095aa80.jpg", "type": "jpg", "uploaded_at": "2022-08-17", "image_id": "109155"}]}, {"user_name": "Silan KrishnaRanjansethi", "user_image": "usr.image", "review_text": "Very poor service.. they mentioned many services but all are fake .. they are charging extra amount while check in .", "date": "16 Aug 2022", "rating": {"bg_color": "#ff4742", "title": "1"}}, {"user_name": "neha kumari", "user_image": "usr.image", "review_text": "Recommended don&#39;t go with pictures hotel is very badNothing.Service was very slow when and hotel is not hygienic bedsheet were not cleaned they were using same bedsheet pillow covers for every one. Washroom was also not cleaned.", "date": "16 Aug 2022", "rating": {"bg_color": "#ff4742", "title": "1"}}, {"user_name": "Venkatesh", "user_image": "usr.image", "review_text": "They asking to pay 500 extra. Room is ok but restaurant is need to be more clean.", "date": "12 Aug 2022", "rating": {"bg_color": "#ff4742", "title": "1"}}, {"user_name": "Paresh", "user_image": "usr.image", "review_text": "1. They asked for more money 1200/- rupees per day.\n2. No geyser facility.\n3. No TV facility.\n4. Very bad behaviour of the staff.", "date": "11 Aug 2022", "rating": {"bg_color": "#ff4742", "title": "1"}}, {"user_name": "Chinmay Kumar", "user_image": "usr.image", "review_text": "I booked hotel but when I reached hotel they are informing that we don't have any room and cancelled my booking. ita very dis appointing", "date": "09 Aug 2022", "rating": {"bg_color": "#ff4742", "title": "1"}}, {"user_name": "Rakesh Mallya", "user_image": "usr.image", "review_text": "This hotel is asking extra money, after booking in OYO", "date": "07 Aug 2022", "rating": {"bg_color": "#ff4742", "title": "1"}}, {"user_name": "vijay", "user_image": "usr.image", "review_text": "No network and wifi signal, even door mats also not there. Rooms are also not clean.", "date": "06 Aug 2022", "rating": {"bg_color": "#ff4742", "title": "1"}}, {"user_name": "Abhishek CHOWDHURY", "user_image": "usr.image", "review_text": "HorribleLocation was correct.Staff BehaviournCleanliness", "date": "06 Aug 2022", "rating": {"bg_color": "#ff4742", "title": "1"}}, {"user_name": "Vikram Prabhakar", "user_image": "usr.image", "review_text": "I booked room but hotel manager denied and asked me to come directly without Oyo booking", "date": "05 Aug 2022", "rating": {"bg_color": "#ff4742", "title": "1"}}, {"user_name": "Suyash Shinde", "user_image": "usr.image", "review_text": "Little to no customer servicenRooms were not cleanednIn every room some or other thing was faulty", "date": "05 Aug 2022", "rating": {"bg_color": "#ff4742", "title": "1"}}, {"user_name": "Anup", "user_image": "usr.image", "review_text": "Horrible night.. After travelling from different place around 11 pm they are asking to pay extra amount else they don't provide room.. Also customer care people are not taking any  calls, it's used to disconnect automatically after 15 mins... No help from customer care... After paying extra amount they provided room where the floor is very slippy and no towels nothing.. Please don't visit this place by booking from oyo app..", "date": "03 Aug 2022", "rating": {"bg_color": "#ff4742", "title": "1"}}, {"user_name": "Annu H", "user_image": "usr.image", "review_text": "Worst service who ever was there in reception.", "date": "02 Aug 2022", "rating": {"bg_color": "#ff4742", "title": "1"}}, {"user_name": "Venkat", "user_image": "usr.image", "review_text": "No power hot water", "date": "01 Aug 2022", "rating": {"bg_color": "#ff4742", "title": "1"}}, {"user_name": "Somasekhar Bhaskarapanthula", "user_image": "usr.image", "review_text": "Very worst", "date": "30 Jul 2022", "rating": {"bg_color": "#ff4742", "title": "1"}}, {"user_name": "Naveen M", "user_image": "usr.image", "review_text": "It was the worstest hotel and the treat by reception was 3rd class.i think this is the worst hotel I never seen in banglore never book this hotel.in oyo app it shows 700rs for booking and if u go for reception reception they will ask for 1500.and the room or not value for 200rs also waste of using this hotel worst.", "date": "28 Jul 2022", "rating": {"bg_color": "#ff4742", "title": "1"}}, {"user_name": "Yash Rishivanshi", "user_image": "usr.image", "review_text": "Hello Everyone, If you had booked this hotel through OYO and got the deal at discounted rates. Then they will ask you more money while checkin at the hotel. If you pay the amount then only they will allow you or else you have to search for another options. So be aware of this issue and then only book this hotel. Network issue you will face and calling is difficult from rooms. Internet is very slow and they even switch off the WiFi  Router . Although rooms were neat and clean. Cleaning staff was good.", "date": "26 Jul 2022", "rating": {"bg_color": "#ff4742", "title": "1"}}, {"user_name": "Dhanya", "user_image": "usr.image", "review_text": "PMR hotel whitefield.. They bring extra cash for stay", "date": "25 Jul 2022", "rating": {"bg_color": "#ff4742", "title": "1"}}, {"user_name": "Ashok Kumar", "user_image": "usr.image", "review_text": "This hotel is very poor like behavior, room clean. Tv connection, water supply, wifi", "date": "23 Jul 2022", "rating": {"bg_color": "#ff4742", "title": "1"}}, {"user_name": "Thirumalai Samy", "user_image": "usr.image", "review_text": "They charged additionally to my family than internet payment i made. I came to know this later..", "date": "23 Jul 2022", "rating": {"bg_color": "#ff4742", "title": "1"}}, {"user_name": "Arun Gopal", "user_image": "usr.image", "review_text": "Not good for family stay very bad experience..It has car parking. Near main road.OYO is cheating customer. The rates in the website are only to attract customers when you reach location they charge more. Rooms were not clean bed spreads are not changed. No Hot water in cold city. Not good for family stay.", "date": "23 Jul 2022", "rating": {"bg_color": "#ff4742", "title": "1"}}, {"user_name": "Poola Ramesh", "user_image": "usr.image", "review_text": "My booking amount is 660 but they asking 1200", "date": "22 Jul 2022", "rating": {"bg_color": "#ff4742", "title": "1"}}, {"user_name": "Ravi Kishore", "user_image": "usr.image", "review_text": "Room and washroom are very stinky, there is no water supply  ac was not working. Poor hygiene and sanitisation. Would not recommend", "date": "21 Jul 2022", "rating": {"bg_color": "#ff4742", "title": "1"}}, {"user_name": "Srinivas", "user_image": "usr.image", "review_text": "Not good", "date": "20 Jul 2022", "rating": {"bg_color": "#ff4742", "title": "1"}}, {"user_name": "Nijumon Balan", "user_image": "usr.image", "review_text": "worst experienceworst experience.worst experience", "date": "19 Jul 2022", "rating": {"bg_color": "#ff4742", "title": "1"}}, {"user_name": "Vivek", "user_image": "usr.image", "review_text": "Everything was bad", "date": "18 Jul 2022", "rating": {"bg_color": "#ff4742", "title": "1"}}, {"user_name": "Sreeraj K.S", "user_image": "usr.image", "review_text": "I have never taken a room in such a bad hotel in my life...Reception staffs are very rude to customers. Oyo app showed 916 rupees for the room, when I came here it was 1500 rupees, when I asked what it was, then they said \" Oyo said many things, go and call customer care.\"", "date": "18 Jul 2022", "rating": {"bg_color": "#ff4742", "title": "1"}}, {"user_name": "Mithilesh Gatty", "user_image": "usr.image", "review_text": "worst experience ever. charged extra for room. no water in washroom. no room services. poor quality receptionist. Big No for Oyo. Have been calling customer support but no response", "date": "17 Jul 2022", "rating": {"bg_color": "#ff4742", "title": "1"}}, {"user_name": "Joseph", "user_image": "usr.image", "review_text": "staff are rude", "date": "16 Jul 2022", "rating": {"bg_color": "#ff4742", "title": "1"}}, {"user_name": "Reddy", "user_image": "usr.image", "date": "16 Jul 2022", "rating": {"bg_color": "#ff4742", "title": "1"}, "user_image_feedback_list": [{"image_name": "hotel_image_9770f030-e742-414f-9fa4-4f11c45615344591422483566210731.jpeg", "image_url": "https://images.oyoroomscdn.com/ugc-feedback-uploads/hotel_image_9770f030-e742-414f-9fa4-4f11c45615344591422483566210731.jpeg", "type": "jpeg", "uploaded_at": "2022-07-16", "image_id": "96754"}]}, {"user_name": "Santhosh Zacharia", "user_image": "usr.image", "review_text": "Oyo offer not given", "date": "16 Jul 2022", "rating": {"bg_color": "#ff4742", "title": "1"}}, {"user_name": "Jayakrishnan", "user_image": "usr.image", "review_text": "tv won't work no clean phone also it work no remote waste very very poor no response also from plssssssssssssssssss don't book any rooms from this hotel in Oyo it will show 949 but they will charge 1000\nand they will say minimum charge 1200 rs", "date": "11 Jul 2022", "rating": {"bg_color": "#ff4742", "title": "1"}, "user_image_feedback_list": [{"image_name": "hotel_image_77036d2e-546e-45d7-a6af-7a808ad29cc64779501702720832728.jpeg", "image_url": "https://images.oyoroomscdn.com/ugc-feedback-uploads/hotel_image_77036d2e-546e-45d7-a6af-7a808ad29cc64779501702720832728.jpeg", "type": "jpeg", "uploaded_at": "2022-07-11", "image_id": "94748"}]}, {"user_name": "Giri Kalyan", "user_image": "usr.image", "review_text": "charged more amount even after paying full payment in app", "date": "10 Jul 2022", "rating": {"bg_color": "#ff4742", "title": "1"}}, {"user_name": "HARISH KUMAR", "user_image": "usr.image", "review_text": "Very worst Oyo experience. The hotel ruined the stayNothing to like.The facility runs like dormitory with very worst management and they don&#39;t have any courtesy towards guests", "date": "10 Jul 2022", "rating": {"bg_color": "#ff4742", "title": "1"}}, {"user_name": "Anilkumar MN", "user_image": "usr.image", "review_text": "taken extra money", "date": "09 Jul 2022", "rating": {"bg_color": "#ff4742", "title": "1"}}, {"user_name": "Chaithanya", "user_image": "usr.image", "review_text": "Reception was a bit arrogant, charges extra for the stay apart from the oyo booking amount", "date": "09 Jul 2022", "rating": {"bg_color": "#ff4742", "title": "1"}}, {"user_name": "Mani", "user_image": "usr.image", "review_text": "veri worst hotel no maintanance and extra money they asked if we already paid online \nno hot water came and tv and wifi not working", "date": "09 Jul 2022", "rating": {"bg_color": "#ff4742", "title": "1"}}, {"user_name": "Kanhaiya", "user_image": "usr.image", "review_text": "very poor", "date": "09 Jul 2022", "rating": {"bg_color": "#ff4742", "title": "1"}}]}}, {"data": {"title": "226 Verified Reviews", "rating_data": {"title": "3.3", "bg_color": "#8fc402", "tag": "Fair", "subtitle": "900 ratings on verified stays by guests"}, "sort_options": [{"type": "date-high", "title": "Recent reviews"}, {"type": "rating-high", "title": "High to low ratings"}, {"type": "rating-low", "title": "Low to high ratings"}], "is_last": true, "reviews": [{"user_name": "Nair Sarath", "user_image": "usr.image", "review_text": "NA.No network for multiple providers.. Location issue. nIntermittent power failure, wifi issuesnRoom cleaning not done daily.", "date": "09 Jul 2022", "rating": {"bg_color": "#ff4742", "title": "1"}}, {"user_name": "Santosh Patil", "user_image": "usr.image", "review_text": "thay have charged me extra money..", "date": "08 Jul 2022", "rating": {"bg_color": "#ff4742", "title": "1"}}, {"user_name": "MANIKANDAN U", "user_image": "usr.image", "review_text": "Worst experience I ever had..Nothing to like in this hotel. We checked out the room before the scheduled time.Worst and rude staff behaviour and hospitality. Charged more than Booking.com price. TV was not working. No towels provided from their side. Bathroom doors not having lock. Engaged child labor for service. Rooms are fully nasty, smelly and dusty. All please don&#39;t prefer this hotel at any cost.", "date": "06 Jul 2022", "rating": {"bg_color": "#ff4742", "title": "1"}}, {"user_name": "Sakil Hazari", "user_image": "usr.image", "review_text": "ac so not working ,linen is so much stain washroom is not clean properly", "date": "04 Jul 2022", "rating": {"bg_color": "#ff4742", "title": "1"}}, {"user_name": "KT Goutham", "user_image": "usr.image", "review_text": "While booking different rate was mentioned and also paid online but during the time at checking in extra 900Rs was taken.\nWhen tried to ask them they were adament in saying you can call oyo customer care and they will assign you with new hotel your can leave if you are not intrested.\nWhich is unfair but were forced to pay the amount.", "date": "03 Jul 2022", "rating": {"bg_color": "#ff4742", "title": "1"}}, {"user_name": "Vasantha Kumar", "user_image": "usr.image", "review_text": "worst behaviour, there is floor mat also", "date": "01 Jul 2022", "rating": {"bg_color": "#ff4742", "title": "1"}}, {"user_name": "Rohit Burman", "user_image": "usr.image", "review_text": "Bad service", "date": "30 Jun 2022", "rating": {"bg_color": "#ff4742", "title": "1"}}, {"user_name": "Hindu Nath", "user_image": "usr.image", "review_text": "Nothing liked.They charge extra and we&#39;re very rude. No proper hot water. No proper breakfast. No proper response from hotel people", "date": "30 Jun 2022", "rating": {"bg_color": "#ff4742", "title": "1"}}, {"user_name": "Vinod Prabhu", "user_image": "usr.image", "review_text": "very poor customer service", "date": "29 Jun 2022", "rating": {"bg_color": "#ff4742", "title": "1"}}, {"user_name": "Prathap s", "user_image": "usr.image", "review_text": "they charged extra 350 rupees as they can't provide for Oyo price", "date": "29 Jun 2022", "rating": {"bg_color": "#ff4742", "title": "1"}}, {"user_name": "Nikhil Viswanathan", "user_image": "usr.image", "review_text": "Pathetic serviceLocation.The staff will price you at least 50% extra up on the original booking amount that is presented in Booking.com. Unless you pay the extra money they will kick you out.", "date": "28 Jun 2022", "rating": {"bg_color": "#ff4742", "title": "1"}}, {"user_name": "Kiran Boban", "user_image": "usr.image", "review_text": "this hotel is a complete scam. booked hotel for 2000 rs from oyo app and when came for checking in the fraud staff said could give room only for 3000 rs. same issue with every other customers as the staff demanded extra money from their booking price which was clearly a fraud thing and when we asked about it the staff said to go deal with this with oyo customer care but in the app it shows as we have paid the booking price only.\nnow talking about the room bedsheets were very ugly looking with stains there were water issue frequently lift was not working and our room was on the top 5th floor so we were fed up with this shitty service and most importantly it took 2 hours for me to check in.\n\noverall i was scammed as well as some other people shitty service ugly bedsheets and very bad services. Would not recommend this hotel to any human being.", "date": "23 Jun 2022", "rating": {"bg_color": "#ff4742", "title": "1"}}, {"user_name": "SaiKumar N", "user_image": "usr.image", "review_text": "Bad response and facilities .", "date": "23 Jun 2022", "rating": {"bg_color": "#ff4742", "title": "1"}}, {"user_name": "Pradyumna Rao", "user_image": "usr.image", "review_text": "Nothing was good.The room was very poorly maintained with torn bedsheets unclean rooms and toilets. Bathrooms with leaking water in almost all fittings. Furniture was badly maintained", "date": "20 Jun 2022", "rating": {"bg_color": "#ff4742", "title": "1"}}, {"user_name": "Priyanka Pavithran", "user_image": "usr.image", "review_text": "Check in experience is very poor. Didn\u2019t expect such pity things from OYO. Will never book from OYO.. very poor quality.", "date": "14 Jun 2022", "rating": {"bg_color": "#ff4742", "title": "1"}}, {"user_name": "Yeshvanth S", "user_image": "usr.image", "review_text": "word room cleaning", "date": "13 Jun 2022", "rating": {"bg_color": "#ff4742", "title": "1"}}, {"user_name": "Manjesh", "user_image": "usr.image", "review_text": "Tis is my worst experience no cleanses and bathroom also not clean much totally I don\u2019t like and I book in online but they took extra money to check in my and they if ur interested means check in or or less u ppl can go like they behave with a coustmer", "date": "10 Jun 2022", "rating": {"bg_color": "#ff4742", "title": "1"}}, {"user_name": "Jinson Francis", "user_image": "usr.image", "review_text": "Nothing.We have Booked through online for 958 rs and once we reach there,the reception guy ask us to pay 1250.so what is the point for online booking.worst experience.", "date": "09 Jun 2022", "rating": {"bg_color": "#ff4742", "title": "1"}}, {"user_name": "Navin", "user_image": "usr.image", "review_text": "photo of the room looks completely different from what it is. water is not available all the time. faced lot is issue related to water availability.", "date": "08 Jun 2022", "rating": {"bg_color": "#ff4742", "title": "1"}, "user_image_feedback_list": [{"image_name": "hotel_image_baa85104-3c6d-491f-8910-2e0fae92eaff3731026321922987614.jpeg", "image_url": "https://images.oyoroomscdn.com/ugc-feedback-uploads/hotel_image_baa85104-3c6d-491f-8910-2e0fae92eaff3731026321922987614.jpeg", "type": "jpeg", "uploaded_at": "2022-06-08", "image_id": "78532"}, {"image_name": "hotel_image_baa85104-3c6d-491f-8910-2e0fae92eaff3751190803053526626.jpeg", "image_url": "https://images.oyoroomscdn.com/ugc-feedback-uploads/hotel_image_baa85104-3c6d-491f-8910-2e0fae92eaff3751190803053526626.jpeg", "type": "jpeg", "uploaded_at": "2022-06-08", "image_id": "78531"}, {"image_name": "hotel_image_baa85104-3c6d-491f-8910-2e0fae92eaff1066847083931355590.jpeg", "image_url": "https://images.oyoroomscdn.com/ugc-feedback-uploads/hotel_image_baa85104-3c6d-491f-8910-2e0fae92eaff1066847083931355590.jpeg", "type": "jpeg", "uploaded_at": "2022-06-08", "image_id": "78530"}, {"image_name": "hotel_image_baa85104-3c6d-491f-8910-2e0fae92eaff9155724861695839636.jpeg", "image_url": "https://images.oyoroomscdn.com/ugc-feedback-uploads/hotel_image_baa85104-3c6d-491f-8910-2e0fae92eaff9155724861695839636.jpeg", "type": "jpeg", "uploaded_at": "2022-06-08", "image_id": "78533"}]}, {"user_name": "Venkatesh", "user_image": "usr.image", "review_text": "Charged extra amount", "date": "08 Jun 2022", "rating": {"bg_color": "#ff4742", "title": "1"}}, {"user_name": "Shiva Kumar", "user_image": "usr.image", "review_text": "when we paid full amount in oyo app . while check in time they asking again amount", "date": "08 Jun 2022", "rating": {"bg_color": "#ff4742", "title": "1"}}, {"user_name": "KennyGurjao", "user_image": "usr.image", "review_text": "worse hotel I've ever stayed in. Despite paying the amount online, they asked me 750 Rs saying it's less.\n\nI got the room only at 3 pm as the hotel was over booked.\n\nlady at the reception was very rude, she would tell guests to go to other hotels, shout and tell\n\nThere is absolutely no network for airtel and jio, i don't think Vodafone will even have. One needs to get out of the hotel to call someone\n\nWifi doesn't work, if u ask them they say hotel is overbooked so all are using wifi\n\nHad requeste wed for a mug, it had a handful of dust particles, the house keeping guy did see it during handover and still don't bother to clean", "date": "07 Jun 2022", "rating": {"bg_color": "#ff4742", "title": "1"}}, {"user_name": "Prasanna", "user_image": "usr.image", "review_text": "Even after online payment at hotel they charged me extra money to allot a room", "date": "06 Jun 2022", "rating": {"bg_color": "#ff4742", "title": "1"}}, {"user_name": "Jeffy John", "user_image": "usr.image", "review_text": "Bathroom was not clean floor was not cleaned. I was given a bad room  since I was an oyo customer. Done with oyo now", "date": "06 Jun 2022", "rating": {"bg_color": "#ff4742", "title": "1"}}]}}]