[{"data": {"title": "123 Verified Reviews", "rating_data": {"title": "4.4", "bg_color": "#58ac00", "tag": "Very Good", "subtitle": "623 ratings on verified stays by guests"}, "sort_options": [{"type": "date-high", "title": "Recent reviews"}, {"type": "rating-high", "title": "High to low ratings"}, {"type": "rating-low", "title": "Low to high ratings"}], "is_last": false, "next_offset": 101, "reviews": [{"user_name": "Liza Das", "user_image": "usr.image", "review_text": "Good stay, affordable.", "date": "30 Apr 2023", "rating": {"bg_color": "#346000", "title": "5"}}, {"user_name": "Saheb Kotal", "user_image": "usr.image", "review_text": "Very good room and behaviour", "date": "04 Apr 2023", "rating": {"bg_color": "#346000", "title": "5"}}, {"user_name": "Vanshika Joshi", "user_image": "usr.image", "review_text": "Good experience.", "date": "19 Feb 2023", "rating": {"bg_color": "#346000", "title": "5"}}, {"user_name": "praveen", "user_image": "usr.image", "review_text": "Nice", "date": "16 Jan 2023", "rating": {"bg_color": "#346000", "title": "5"}}, {"user_name": "Shadow", "user_image": "usr.image", "review_text": "It very good place every thing was available", "date": "09 Jan 2023", "rating": {"bg_color": "#346000", "title": "5"}}, {"user_name": "sandeep", "user_image": "usr.image", "review_text": "Very nice property, \nNo any issue \nGood management,\nStaffs r good talk \nAll sets r room facilities,\nBad, ac, tv, balcony, chairs, tables, towels, all sets  and specially happy for big size of bathroom,\nReally nice hotel", "date": "09 Jan 2023", "rating": {"bg_color": "#346000", "title": "5"}}, {"user_name": "Praghil M", "user_image": "usr.image", "review_text": "Am so happy. Good place to stay small money", "date": "20 Dec 2022", "rating": {"bg_color": "#346000", "title": "5"}}, {"user_name": "Utsav", "user_image": "usr.image", "review_text": "The property stay is brilliant. The property manager make ensures that the guest get right facilities on time", "date": "14 Dec 2022", "rating": {"bg_color": "#346000", "title": "5"}}, {"user_name": "Prahllad deep", "user_image": "usr.image", "review_text": "It was nice", "date": "13 Dec 2022", "rating": {"bg_color": "#346000", "title": "5"}}, {"user_name": "Navajshareef", "user_image": "usr.image", "review_text": "Good good good", "date": "30 Nov 2022", "rating": {"bg_color": "#346000", "title": "5"}}, {"user_name": "Utsav", "user_image": "usr.image", "review_text": "It was great experience good check in check out process. Hotel is also good. And service is upto mark", "date": "26 Nov 2022", "rating": {"bg_color": "#346000", "title": "5"}}, {"user_name": "Madan", "user_image": "usr.image", "review_text": "Safe and secure good staff good budget hotel very good", "date": "25 Nov 2022", "rating": {"bg_color": "#346000", "title": "5"}}, {"user_name": "Shereef", "user_image": "usr.image", "review_text": "Good room", "date": "22 Nov 2022", "rating": {"bg_color": "#346000", "title": "5"}}, {"user_name": "Ganesh", "user_image": "usr.image", "review_text": "Family stay and as bachelor stay i experienced both separately,Nice hospitality, polite persons...always helping faces ..happy experience ..keep it up Bros..", "date": "21 Nov 2022", "rating": {"bg_color": "#346000", "title": "5"}}, {"user_name": "Manu KR", "user_image": "usr.image", "review_text": "All good", "date": "18 Nov 2022", "rating": {"bg_color": "#346000", "title": "5"}}, {"user_name": "Gunasekhar Reddy", "user_image": "usr.image", "review_text": "Good budget hotel very well maintained good very", "date": "16 Nov 2022", "rating": {"bg_color": "#346000", "title": "5"}}, {"user_name": "hanumanth h", "user_image": "usr.image", "review_text": "staff are too good very care taker and very good behaviourvalue of money so many families are staying here i am happy to see the family guest.galli road beside bar only reason", "date": "03 Nov 2022", "rating": {"bg_color": "#346000", "title": "5"}}, {"user_name": "Abdul Nasir", "user_image": "usr.image", "review_text": "good budget hotel and comfortable rooms and wash room its good for families and couples yesterday i saw so many family in this property \n\ngood maintenance good staffs", "date": "02 Nov 2022", "rating": {"bg_color": "#346000", "title": "5"}}, {"user_name": "abhishek pandey", "user_image": "usr.image", "review_text": "good experience staff also friendly good service overall goodstaff and good rooms service.near bar only one thing", "date": "29 Oct 2022", "rating": {"bg_color": "#346000", "title": "5"}}, {"user_name": "AKHIL K", "user_image": "usr.image", "review_text": "Good and clean", "date": "26 Oct 2022", "rating": {"bg_color": "#346000", "title": "5"}}, {"user_name": "Siva Avinash Kumar nimmala", "user_image": "usr.image", "review_text": "Nice accommodation and ambitious", "date": "26 Oct 2022", "rating": {"bg_color": "#346000", "title": "5"}}, {"user_name": "Vishtan Lopis", "user_image": "usr.image", "review_text": "Clean rooms and bathroom it&#39;s good budget hotel nGood location in Koramangala 8th blocknIt&#39;s a primeRooms and clean ness staff also goodnVery good hotel TQ u.Location bit far from hotel otherwise good nNear bar area", "date": "25 Oct 2022", "rating": {"bg_color": "#346000", "title": "5"}}, {"user_name": "Venkatesh", "user_image": "usr.image", "review_text": "Clean and Good k everything couple", "date": "24 Oct 2022", "rating": {"bg_color": "#346000", "title": "5"}}, {"user_name": "anusha rai", "user_image": "usr.image", "review_text": "Good overall nice experience", "date": "23 Oct 2022", "rating": {"bg_color": "#346000", "title": "5"}}, {"user_name": "anusha rai", "user_image": "usr.image", "review_text": "Good hotel amazing experience nice", "date": "23 Oct 2022", "rating": {"bg_color": "#346000", "title": "5"}}, {"user_name": "Abhilash", "user_image": "usr.image", "review_text": "Good budget hotel everything is good \nThis hotel low price giving a c also", "date": "23 Oct 2022", "rating": {"bg_color": "#346000", "title": "5"}}, {"user_name": "Abdul Aleem", "user_image": "usr.image", "review_text": "The room was good and the staff was very supportive.", "date": "22 Oct 2022", "rating": {"bg_color": "#346000", "title": "5"}}, {"user_name": "anusha rai", "user_image": "usr.image", "review_text": "Best Oyo hotel at reasonable price. I recommend everyone to stay here if you visit Bangalore. Really loved the hospitality and we'll mannered staffs. Clean and hygienic rooms you guys won't regret living.", "date": "22 Oct 2022", "rating": {"bg_color": "#346000", "title": "5"}}, {"user_name": "Swathi", "user_image": "usr.image", "review_text": "Good staff, hygienic rooms and reasonable price ws the main plus points. Also the location was good and helpful for sightseeing", "date": "21 Oct 2022", "rating": {"bg_color": "#346000", "title": "5"}}, {"user_name": "Naveen Kumar", "user_image": "usr.image", "review_text": "good hotel neat and clean Abdul ca", "date": "21 Oct 2022", "rating": {"bg_color": "#346000", "title": "5"}}, {"user_name": "919035847672", "user_image": "usr.image", "review_text": "Good hotel nice staff everything is good special Abdul he is very good guy", "date": "20 Oct 2022", "rating": {"bg_color": "#346000", "title": "5"}}, {"user_name": "murali", "user_image": "usr.image", "review_text": "I booked here so many time not any problems in this hotel it's good budget hotel hotel guys support welland take care very much", "date": "18 Oct 2022", "rating": {"bg_color": "#346000", "title": "5"}}, {"user_name": "Abdul Nasir", "user_image": "usr.image", "review_text": "rooms and neatness and staff also", "date": "16 Oct 2022", "rating": {"bg_color": "#346000", "title": "5"}}, {"user_name": "Mahi", "user_image": "usr.image", "review_text": "Good experience \u263a\ufe0f", "date": "15 Oct 2022", "rating": {"bg_color": "#346000", "title": "5"}}, {"user_name": "Ajay", "user_image": "usr.image", "review_text": "The Management are good, helpful. The room is silent, wifi is not quite bad i can do my office works. The bed, bathroom & balcony are getting in affordable prices.", "date": "14 Oct 2022", "rating": {"bg_color": "#346000", "title": "5"}}, {"user_name": "Sachin Pm", "user_image": "usr.image", "review_text": "Excellent service and the rooms are too clean and well maintained", "date": "13 Oct 2022", "rating": {"bg_color": "#346000", "title": "5"}}, {"user_name": "B Ashok", "user_image": "usr.image", "review_text": "Good room over all good", "date": "13 Oct 2022", "rating": {"bg_color": "#346000", "title": "5"}}, {"user_name": "Josin George", "user_image": "usr.image", "review_text": "Good space room wash are clean good budget hotel very well staff", "date": "13 Oct 2022", "rating": {"bg_color": "#346000", "title": "5"}}, {"user_name": "Kamal", "user_image": "usr.image", "review_text": "It was good", "date": "12 Oct 2022", "rating": {"bg_color": "#346000", "title": "5"}}, {"user_name": "deepak kumar", "user_image": "usr.image", "review_text": "Good hotel and facilities are too good I stayed here for 2 good", "date": "12 Oct 2022", "rating": {"bg_color": "#346000", "title": "5"}}, {"user_name": "murali", "user_image": "usr.image", "review_text": "I see some review in oyo, but it's fake review I think the hotel guys are very good I booked here 2times i didn't get any problems  in this hotel rooms are good", "date": "12 Oct 2022", "rating": {"bg_color": "#346000", "title": "5"}}, {"user_name": "Ajay", "user_image": "usr.image", "review_text": "I stay here since 7 days ago and i also extended for 2 days because the facilities, maintenance, the rooms are very good and i also would like to refer my friends & family for stay in this hotel.", "date": "12 Oct 2022", "rating": {"bg_color": "#346000", "title": "5"}}, {"user_name": "Sathya", "user_image": "usr.image", "review_text": "Good rooms near and clean very good", "date": "11 Oct 2022", "rating": {"bg_color": "#346000", "title": "5"}, "user_image_feedback_list": [{"image_name": "JPEG_20221011_110846_30484846042447825497e57033d-f139-4457-8913-16ae421cd745.jpg", "image_url": "https://images.oyoroomscdn.com/ugc-feedback-uploads/JPEG_20221011_110846_30484846042447825497e57033d-f139-4457-8913-16ae421cd745.jpg", "type": "jpg", "uploaded_at": "2022-10-11", "image_id": "131889"}]}, {"user_name": "Ajay", "user_image": "usr.image", "review_text": "Well everything is good as of now", "date": "10 Oct 2022", "rating": {"bg_color": "#346000", "title": "5"}}, {"user_name": "Md Sami", "user_image": "usr.image", "review_text": "Greate time , nice staf , good service \ud83e\udd70\ud83e\udd70", "date": "09 Oct 2022", "rating": {"bg_color": "#346000", "title": "5"}}, {"user_name": "Anfas", "user_image": "usr.image", "review_text": "Good price and service in Bangalore India", "date": "07 Oct 2022", "rating": {"bg_color": "#346000", "title": "5"}}, {"user_name": "prashika  thapa", "user_image": "usr.image", "review_text": "Room is absolutely good..\ud83d\udc4c And hotel owner and other staff too..", "date": "05 Oct 2022", "rating": {"bg_color": "#346000", "title": "5"}}, {"user_name": "Ranjit Koshy", "user_image": "usr.image", "review_text": "Amazing staff and according to my requirement they helped me in all the possible way.", "date": "23 Sep 2022", "rating": {"bg_color": "#346000", "title": "5"}}, {"user_name": "Olive Givson", "user_image": "usr.image", "review_text": "Good", "date": "17 Sep 2022", "rating": {"bg_color": "#346000", "title": "5"}}, {"user_name": "Anandan", "user_image": "usr.image", "review_text": "Nice", "date": "12 Sep 2022", "rating": {"bg_color": "#346000", "title": "5"}}, {"user_name": "Abdul nasir", "user_image": "usr.image", "review_text": "Good staff neat room very well good helpful staff", "date": "09 Sep 2022", "rating": {"bg_color": "#346000", "title": "5"}, "user_image_feedback_list": [{"image_name": "20220909_231146f85900dc-1357-4035-92cc-f9f0a416a79c.jpg", "image_url": "https://images.oyoroomscdn.com/ugc-feedback-uploads/20220909_231146f85900dc-1357-4035-92cc-f9f0a416a79c.jpg", "type": "jpg", "uploaded_at": "2022-09-09", "image_id": "117584"}, {"image_name": "20220909_23121940290b2f-04fb-4acf-a4c1-c286e63830cd.jpg", "image_url": "https://images.oyoroomscdn.com/ugc-feedback-uploads/20220909_23121940290b2f-04fb-4acf-a4c1-c286e63830cd.jpg", "type": "jpg", "uploaded_at": "2022-09-09", "image_id": "117583"}]}, {"user_name": "SUDIP", "user_image": "usr.image", "review_text": "Hotel MOOKAM BIKAN beat Regional passport office at K C MALLAPPA layout is located in good place.But the hotel does not have manpower to cater to the service of customer like providing drinking water, cleaning the room which we had to do ourselves.", "date": "08 Sep 2022", "rating": {"bg_color": "#346000", "title": "5"}}, {"user_name": "ankush", "user_image": "usr.image", "review_text": "Good bhevaiour good facilities all room aminities are nice and good .       Environmental good good", "date": "06 Sep 2022", "rating": {"bg_color": "#346000", "title": "5"}}, {"user_name": "Vijay Shanker", "user_image": "usr.image", "review_text": "Overall all good, very nice hotel in cheap prices.", "date": "04 Sep 2022", "rating": {"bg_color": "#346000", "title": "5"}}, {"user_name": "Abdul Nasir", "user_image": "usr.image", "review_text": "rooms are good and good staff i think its good budget hotel", "date": "03 Sep 2022", "rating": {"bg_color": "#346000", "title": "5"}}, {"user_name": "Ayush Gupta", "user_image": "usr.image", "review_text": "Staffs are very good.", "date": "03 Sep 2022", "rating": {"bg_color": "#346000", "title": "5"}}, {"user_name": "jamal", "user_image": "usr.image", "review_text": "Good and neat rooms it's a budget hotel nice experience and good staffs hotel manager also very well take care person nice..", "date": "02 Sep 2022", "rating": {"bg_color": "#346000", "title": "5"}, "user_image_feedback_list": [{"image_name": "JPEG_20220902_215611_801579679276621787549fe8630-fcf1-4ad1-bbc8-ab8807303448.jpg", "image_url": "https://images.oyoroomscdn.com/ugc-feedback-uploads/JPEG_20220902_215611_801579679276621787549fe8630-fcf1-4ad1-bbc8-ab8807303448.jpg", "type": "jpg", "uploaded_at": "2022-09-02", "image_id": "114755"}, {"image_name": "20220902_215540919b8502-75b0-475f-b818-58d58bea63c5.jpg", "image_url": "https://images.oyoroomscdn.com/ugc-feedback-uploads/20220902_215540919b8502-75b0-475f-b818-58d58bea63c5.jpg", "type": "jpg", "uploaded_at": "2022-09-02", "image_id": "114754"}]}, {"user_name": "Abdul nasir", "user_image": "usr.image", "review_text": "Good staff and clean room good experience", "date": "01 Sep 2022", "rating": {"bg_color": "#346000", "title": "5"}, "user_image_feedback_list": [{"image_name": "JPEG_20220901_090247_1114927715524008171232d1c13-bb4f-48cd-84d4-e6b4575b1c9f.jpg", "image_url": "https://images.oyoroomscdn.com/ugc-feedback-uploads/JPEG_20220901_090247_1114927715524008171232d1c13-bb4f-48cd-84d4-e6b4575b1c9f.jpg", "type": "jpg", "uploaded_at": "2022-09-01", "image_id": "114150"}]}, {"user_name": "jamal", "user_image": "usr.image", "date": "30 Aug 2022", "rating": {"bg_color": "#346000", "title": "5"}, "user_image_feedback_list": [{"image_name": "JPEG_20220830_211008_626714907024443645325de84a0-2d1f-4524-bb0e-c281b2b983bd.jpg", "image_url": "https://images.oyoroomscdn.com/ugc-feedback-uploads/JPEG_20220830_211008_626714907024443645325de84a0-2d1f-4524-bb0e-c281b2b983bd.jpg", "type": "jpg", "uploaded_at": "2022-08-30", "image_id": "113677"}, {"image_name": "JPEG_20220830_210824_7437366251210006913aff259db-2ff4-40f0-8215-ebb5a748ce91.jpg", "image_url": "https://images.oyoroomscdn.com/ugc-feedback-uploads/JPEG_20220830_210824_7437366251210006913aff259db-2ff4-40f0-8215-ebb5a748ce91.jpg", "type": "jpg", "uploaded_at": "2022-08-30", "image_id": "113676"}]}, {"user_name": "Mohammad Asif", "user_image": "usr.image", "review_text": "Room is very nice and very cleanrooms are every facility are available", "date": "28 Aug 2022", "rating": {"bg_color": "#346000", "title": "5"}}, {"user_name": "neenu mohan", "user_image": "usr.image", "review_text": "The stay was super cool. Good behaviour by the staffs. Especially Abdul. He taken care the accommodation and food...tasty food in low budget.\nAs a girl , i was secured and comfortable in the stay provided by them. Thanks and referring to others.", "date": "23 Aug 2022", "rating": {"bg_color": "#346000", "title": "5"}}, {"user_name": "Abdul nasir", "user_image": "usr.image", "review_text": "Good room and good staff i like very much", "date": "22 Aug 2022", "rating": {"bg_color": "#346000", "title": "5"}}, {"user_name": "ajay kumar", "user_image": "usr.image", "review_text": "Manager is a decent perdon, I have forgotten my jacket, which he returned me. Nice budget hotel. Little improvement in lobby, entry and in reception is required.", "date": "22 Aug 2022", "rating": {"bg_color": "#346000", "title": "5"}}, {"user_name": "Ramakrishna Reddy", "user_image": "usr.image", "review_text": "Friendly staff, clean rooms, less cost", "date": "21 Aug 2022", "rating": {"bg_color": "#346000", "title": "5"}}, {"user_name": "ajay kumar", "user_image": "usr.image", "review_text": "Nice place for low budget. No cockroach, ac working, beds and toilet are clean", "date": "20 Aug 2022", "rating": {"bg_color": "#346000", "title": "5"}, "user_image_feedback_list": [{"image_name": "JPEG_20220820_202233_33955673704863826040473c35b-2084-4db5-88c1-f9c8c53c2ff4.jpg", "image_url": "https://images.oyoroomscdn.com/ugc-feedback-uploads/JPEG_20220820_202233_33955673704863826040473c35b-2084-4db5-88c1-f9c8c53c2ff4.jpg", "type": "jpg", "uploaded_at": "2022-08-20", "image_id": "110506"}, {"image_name": "JPEG_20220820_202219_6645477065398290076e375cef-17f8-4a93-bab4-310013d785c6.jpg", "image_url": "https://images.oyoroomscdn.com/ugc-feedback-uploads/JPEG_20220820_202219_6645477065398290076e375cef-17f8-4a93-bab4-310013d785c6.jpg", "type": "jpg", "uploaded_at": "2022-08-20", "image_id": "110505"}, {"image_name": "JPEG_20220820_202152_6797862217365212636fde88345-6f7f-43cb-a14a-6752dd7d2938.jpg", "image_url": "https://images.oyoroomscdn.com/ugc-feedback-uploads/JPEG_20220820_202152_6797862217365212636fde88345-6f7f-43cb-a14a-6752dd7d2938.jpg", "type": "jpg", "uploaded_at": "2022-08-20", "image_id": "110504"}]}, {"user_name": "ajay kumar", "user_image": "usr.image", "review_text": "Excellent hotel, only issue is tv is not charged and reception should be beautiful.", "date": "19 Aug 2022", "rating": {"bg_color": "#346000", "title": "5"}}, {"user_name": "Srikanth Hogade", "user_image": "usr.image", "review_text": "It was good stay, hussle free check-in. Families don't prefer this property due to attached Bar and Restaurant.\nLocated near to Passport office and there are many nearby hotels and Restaurants.", "date": "17 Aug 2022", "rating": {"bg_color": "#346000", "title": "5"}, "user_image_feedback_list": [{"image_name": "JPEG_20220817_095936_74604768534780094244bc61d32-bdd9-4d31-b756-f1d4860c2582.jpg", "image_url": "https://images.oyoroomscdn.com/ugc-feedback-uploads/JPEG_20220817_095936_74604768534780094244bc61d32-bdd9-4d31-b756-f1d4860c2582.jpg", "type": "jpg", "uploaded_at": "2022-08-17", "image_id": "109062"}, {"image_name": "JPEG_20220817_100028_2599614667618757621c4dd29d5-cbc3-44d0-8522-ed537cdc4c60.jpg", "image_url": "https://images.oyoroomscdn.com/ugc-feedback-uploads/JPEG_20220817_100028_2599614667618757621c4dd29d5-cbc3-44d0-8522-ed537cdc4c60.jpg", "type": "jpg", "uploaded_at": "2022-08-17", "image_id": "109063"}, {"image_name": "JPEG_20220817_100102_309135357044831159ee99c869-f420-4d74-9e7a-d3ad3bc34567.jpg", "image_url": "https://images.oyoroomscdn.com/ugc-feedback-uploads/JPEG_20220817_100102_309135357044831159ee99c869-f420-4d74-9e7a-d3ad3bc34567.jpg", "type": "jpg", "uploaded_at": "2022-08-17", "image_id": "109064"}]}, {"user_name": "Amarr", "user_image": "usr.image", "review_text": "Ncy room", "date": "15 Aug 2022", "rating": {"bg_color": "#346000", "title": "5"}}, {"user_name": "jerin zachriah", "user_image": "usr.image", "review_text": "Very nice", "date": "14 Aug 2022", "rating": {"bg_color": "#346000", "title": "5"}}, {"user_name": "Almeen Siddique", "user_image": "usr.image", "review_text": "Good", "date": "13 Aug 2022", "rating": {"bg_color": "#346000", "title": "5"}}, {"user_name": "Abdul Nasir", "user_image": "usr.image", "review_text": "good and neat clean", "date": "06 Aug 2022", "rating": {"bg_color": "#346000", "title": "5"}}, {"user_name": "Amarr", "user_image": "usr.image", "review_text": "Oyo hotel is nice with copporitive staff", "date": "03 Aug 2022", "rating": {"bg_color": "#346000", "title": "5"}}, {"user_name": "Arpit Pandey", "user_image": "usr.image", "review_text": "Room was pocket friendly and staff was too good", "date": "01 Aug 2022", "rating": {"bg_color": "#346000", "title": "5"}}, {"user_name": "anil", "user_image": "usr.image", "review_text": "All are good very neat", "date": "30 Jul 2022", "rating": {"bg_color": "#346000", "title": "5"}}, {"user_name": "Muku", "user_image": "usr.image", "review_text": "It was a nice experience. Thank you", "date": "25 Jul 2022", "rating": {"bg_color": "#346000", "title": "5"}}, {"user_name": "Reza Khan", "user_image": "usr.image", "review_text": "Excellent clean hygienic kind staffs", "date": "23 Jul 2022", "rating": {"bg_color": "#346000", "title": "5"}}, {"user_name": "Abdul Nasir", "user_image": "usr.image", "review_text": "THANKS OYO GIVE A GOOD AND DECENT ROOM STAFF BHEAVIOUR ALSO GOOD", "date": "22 Jul 2022", "rating": {"bg_color": "#346000", "title": "5"}}, {"user_name": "Prajapati Chandrashekhar", "user_image": "usr.image", "review_text": "Its was really good experience to stay. Location was also favourable. All staff members were very polite and if helping nature.", "date": "09 Mar 2023", "rating": {"bg_color": "#58ac00", "title": "4"}}, {"user_name": "Manjunatha D", "user_image": "usr.image", "review_text": "Rooms are good but washroom were smelling lot other than its good", "date": "13 Dec 2022", "rating": {"bg_color": "#58ac00", "title": "4"}}, {"user_name": "Reeshav Singh", "user_image": "usr.image", "review_text": "Room was neat n clean , service was good ... Just area was not upto the mark", "date": "28 Nov 2022", "rating": {"bg_color": "#58ac00", "title": "4"}}, {"user_name": "Muku", "user_image": "usr.image", "review_text": "It was a nice experience and good environment.. Thank you for the arrangements.", "date": "23 Nov 2022", "rating": {"bg_color": "#58ac00", "title": "4"}}, {"user_name": "Mrigendra Singh", "user_image": "usr.image", "date": "29 Oct 2022", "rating": {"bg_color": "#58ac00", "title": "4"}, "user_image_feedback_list": [{"image_name": "IMG-20221024-WA001639d89b67-cc62-4a84-ae68-8e1f15d166b9.jpeg", "image_url": "https://images.oyoroomscdn.com/ugc-feedback-uploads/IMG-20221024-WA001639d89b67-cc62-4a84-ae68-8e1f15d166b9.jpeg", "type": "jpeg", "uploaded_at": "2022-10-29", "image_id": "138722"}]}, {"user_name": "Gowtham P", "user_image": "usr.image", "review_text": "Room was clean.", "date": "17 Oct 2022", "rating": {"bg_color": "#58ac00", "title": "4"}}, {"user_name": "Vishal Sindhani", "user_image": "usr.image", "review_text": "Owner is cooperative. But they don't provide dental kit and they don't have Geyser in bathroom.", "date": "20 Sep 2022", "rating": {"bg_color": "#58ac00", "title": "4"}}, {"user_name": "Lokesh", "user_image": "usr.image", "review_text": "Good to stay", "date": "03 Sep 2022", "rating": {"bg_color": "#58ac00", "title": "4"}}, {"user_name": "AmitMishra", "user_image": "usr.image", "review_text": "Average place, nice atmosphere. The property owner asked me 300extra, he wasn\u2019t ready to allocate on Oyo\u2019s rate.", "date": "29 Aug 2022", "rating": {"bg_color": "#58ac00", "title": "4"}}, {"user_name": "Sambit KumarMallik", "user_image": "usr.image", "review_text": "Little more cleaning is required and also water bottle to be kept. Rest all good", "date": "29 Jul 2022", "rating": {"bg_color": "#58ac00", "title": "4"}}, {"user_name": "Zaid", "user_image": "usr.image", "date": "26 Jul 2022", "rating": {"bg_color": "#58ac00", "title": "4"}, "user_image_feedback_list": [{"image_name": "hotel_image_7a686db1-f6ae-4ff9-96a9-ff9935b444a16030068491202507530.jpeg", "image_url": "https://images.oyoroomscdn.com/ugc-feedback-uploads/hotel_image_7a686db1-f6ae-4ff9-96a9-ff9935b444a16030068491202507530.jpeg", "type": "jpeg", "uploaded_at": "2022-07-26", "image_id": "100988"}, {"image_name": "hotel_image_7a686db1-f6ae-4ff9-96a9-ff9935b444a11550291322536636197.jpeg", "image_url": "https://images.oyoroomscdn.com/ugc-feedback-uploads/hotel_image_7a686db1-f6ae-4ff9-96a9-ff9935b444a11550291322536636197.jpeg", "type": "jpeg", "uploaded_at": "2022-07-26", "image_id": "100987"}]}, {"user_name": "SURENDRA SINGH", "user_image": "usr.image", "review_text": "Full crowded place .  Inside the room full sound coming from outside . Also no one asking for assist .", "date": "15 Mar 2023", "rating": {"bg_color": "#8fc402", "title": "3"}}, {"user_name": "nimisha", "user_image": "usr.image", "review_text": "First they said ..they have no room available..then they ask more money... after we paid the extra amount to get rooms", "date": "08 Jan 2023", "rating": {"bg_color": "#8fc402", "title": "3"}}, {"user_name": "Swapnil Jain", "user_image": "usr.image", "review_text": "Average room facilities. TV not provided also local area not so good far", "date": "07 Jan 2023", "rating": {"bg_color": "#8fc402", "title": "3"}}, {"user_name": "Vishwajeet Jaiswal", "user_image": "usr.image", "review_text": "Nice staff behaviour.\nBroken bed provided.\nNo chair available.\nWashroom is average\nAttached balcony.", "date": "02 Jan 2023", "rating": {"bg_color": "#8fc402", "title": "3"}}, {"user_name": "Virendra Sharma", "user_image": "usr.image", "review_text": "Bed sheets were dirty. They changed it afterwards.\nOverall, good return for money.", "date": "27 Nov 2022", "rating": {"bg_color": "#8fc402", "title": "3"}}, {"user_name": "Bhanu", "user_image": "usr.image", "review_text": "Area is very shady", "date": "01 Nov 2022", "rating": {"bg_color": "#8fc402", "title": "3"}}, {"user_name": "Kshitij Kumar Sinha", "user_image": "usr.image", "review_text": "At reception the guest house authorities didn't accept oyo booking price they took \u20b9 250 extra.", "date": "30 Sep 2022", "rating": {"bg_color": "#8fc402", "title": "3"}}, {"user_name": "Muthu Kumar", "user_image": "usr.image", "review_text": "No lights in toilet, not provide towels, toilet tap not working", "date": "16 Sep 2022", "rating": {"bg_color": "#8fc402", "title": "3"}}, {"user_name": "Jayaram", "user_image": "usr.image", "review_text": "Ac wifi hot water available.", "date": "16 Sep 2022", "rating": {"bg_color": "#8fc402", "title": "3"}}, {"user_name": "Manish Kumar", "user_image": "usr.image", "review_text": "Staff behavior is good..", "date": "01 Sep 2022", "rating": {"bg_color": "#8fc402", "title": "3"}}, {"user_name": "Ayush Varsney", "user_image": "usr.image", "review_text": "There was no lift other things were good.", "date": "27 Aug 2022", "rating": {"bg_color": "#8fc402", "title": "3"}}, {"user_name": "Yeshwanath", "user_image": "usr.image", "review_text": "No heater, no power back up, not clean properly", "date": "24 Apr 2023", "rating": {"bg_color": "#feba00", "title": "2"}}]}}, {"data": {"title": "123 Verified Reviews", "rating_data": {"title": "4.4", "bg_color": "#58ac00", "tag": "Very Good", "subtitle": "623 ratings on verified stays by guests"}, "sort_options": [{"type": "date-high", "title": "Recent reviews"}, {"type": "rating-high", "title": "High to low ratings"}, {"type": "rating-low", "title": "Low to high ratings"}], "is_last": true, "reviews": [{"user_name": "anish varma", "user_image": "usr.image", "review_text": "Room was not clean and bed sheet and pillows were dirty . intercom not provided in the hotel anything if need to communicate we use stairs. Very poor room services. This property is not maintained properly. Photo provided in OYO and original room condition is not matching. We are not satisfied with the service.", "date": "14 Apr 2023", "rating": {"bg_color": "#feba00", "title": "2"}, "user_image_feedback_list": [{"image_name": "IMG-20230414-WA0018e0f56549-14c7-4791-9b21-d54e9e2064d0.jpg", "image_url": "https://images.oyoroomscdn.com/ugc-feedback-uploads/IMG-20230414-WA0018e0f56549-14c7-4791-9b21-d54e9e2064d0.jpg", "type": "jpg", "uploaded_at": "2023-04-14", "image_id": "194418"}, {"image_name": "IMG-20230414-WA0020f4ae83b9-d2f0-430c-b196-77ebb5610d41.jpg", "image_url": "https://images.oyoroomscdn.com/ugc-feedback-uploads/IMG-20230414-WA0020f4ae83b9-d2f0-430c-b196-77ebb5610d41.jpg", "type": "jpg", "uploaded_at": "2023-04-14", "image_id": "194417"}, {"image_name": "IMG-20230414-WA00195a52a303-8473-4df0-b563-ddf647f15162.jpg", "image_url": "https://images.oyoroomscdn.com/ugc-feedback-uploads/IMG-20230414-WA00195a52a303-8473-4df0-b563-ddf647f15162.jpg", "type": "jpg", "uploaded_at": "2023-04-14", "image_id": "194416"}]}, {"user_name": "Rumysha M", "user_image": "usr.image", "review_text": "Staffs were good but rooms are unhygenic", "date": "10 Mar 2023", "rating": {"bg_color": "#feba00", "title": "2"}}, {"user_name": "Rai GautamKumar", "user_image": "usr.image", "review_text": "very bad", "date": "28 Dec 2022", "rating": {"bg_color": "#feba00", "title": "2"}}, {"user_name": "Harikrishnan R", "user_image": "usr.image", "review_text": "The place was average. No visitors allowed.\nThey will close the door at night and open it at morning.\nNo flexibility.\nNot very neat and clean", "date": "01 Dec 2022", "rating": {"bg_color": "#feba00", "title": "2"}}, {"user_name": "XXX XXX", "user_image": "usr.image", "review_text": "sheets were not changed\nbathroom looks dirty\ntoiletries were not provided", "date": "27 Nov 2022", "rating": {"bg_color": "#feba00", "title": "2"}}, {"user_name": "santosh Patil", "user_image": "usr.image", "review_text": "Hotel locality and condition not good", "date": "21 Nov 2022", "rating": {"bg_color": "#feba00", "title": "2"}}, {"user_name": "Mohammed A", "user_image": "usr.image", "review_text": "Ok at this price, but could have been betterBreakfast was not provided.Fan was not working in one of the 3 rooms i booked. And no cleaning or changing of bedsheets was done for the 4 days i stayed.", "date": "04 Nov 2022", "rating": {"bg_color": "#feba00", "title": "2"}}, {"user_name": "suriya kumar", "user_image": "usr.image", "review_text": "Location apt for couples who just stay for a minimum hours. Its very near to wine shope. Hotel staff was talking against the oyo room policies. Not very hygienic floors and bed. \n\nGood thing was the price we have got Ac and hot water.", "date": "02 Oct 2022", "rating": {"bg_color": "#feba00", "title": "2"}}, {"user_name": "Dhiya Davis", "user_image": "usr.image", "date": "26 May 2023", "rating": {"bg_color": "#ff4742", "title": "1"}, "user_image_feedback_list": [{"image_name": "IMG-20230519-WA0002c97cc390-c098-401a-91ac-2ce20be8b209.jpg", "image_url": "https://images.oyoroomscdn.com/ugc-feedback-uploads/IMG-20230519-WA0002c97cc390-c098-401a-91ac-2ce20be8b209.jpg", "type": "jpg", "uploaded_at": "2023-05-26", "image_id": "205989"}, {"image_name": "IMG-20230519-WA00014bf88236-53e7-4ea8-b310-eac361169298.jpg", "image_url": "https://images.oyoroomscdn.com/ugc-feedback-uploads/IMG-20230519-WA00014bf88236-53e7-4ea8-b310-eac361169298.jpg", "type": "jpg", "uploaded_at": "2023-05-26", "image_id": "205988"}, {"image_name": "IMG-20230519-WA000323133a66-273c-4810-9e87-838940057b5d.jpg", "image_url": "https://images.oyoroomscdn.com/ugc-feedback-uploads/IMG-20230519-WA000323133a66-273c-4810-9e87-838940057b5d.jpg", "type": "jpg", "uploaded_at": "2023-05-26", "image_id": "205987"}]}, {"user_name": "Lokesh", "user_image": "usr.image", "review_text": "The worst I never seen . unprofessional behaviour there people", "date": "19 Apr 2023", "rating": {"bg_color": "#ff4742", "title": "1"}}, {"user_name": "agilan s", "user_image": "usr.image", "review_text": "Very worst experience", "date": "08 Mar 2023", "rating": {"bg_color": "#ff4742", "title": "1"}}, {"user_name": "K N", "user_image": "usr.image", "review_text": "Very poor .the owner behaved very rude not letting us to check out have to take serious action .no one was there when we were want to check out.not even eligible to give one star very arrogant behavior from owner", "date": "23 Dec 2022", "rating": {"bg_color": "#ff4742", "title": "1"}}, {"user_name": "Vaibhav Rai", "user_image": "usr.image", "review_text": "Nothing to like about this place. Mouldy rooms and bathroom, dusty floor, no curtains, bad neighborhood, pathetic state of sheets and blankets", "date": "23 Dec 2022", "rating": {"bg_color": "#ff4742", "title": "1"}}, {"user_name": "SADGURUNATH", "user_image": "usr.image", "review_text": "Worst experience I had with 1st Stay with oyo\nRoom and bed was not clean \nBead sheet was not washed and it was itchy \nEven after the discussion with oyo support room was not cleaned and no change in the bed sheet.\n\nDon't think I can book again with oyo.", "date": "08 Dec 2022", "rating": {"bg_color": "#ff4742", "title": "1"}}, {"user_name": "PG", "user_image": "usr.image", "review_text": "Bad location, no parking and unfriendly staff", "date": "28 Nov 2022", "rating": {"bg_color": "#ff4742", "title": "1"}}, {"user_name": "Bhattacharjee Rajbir", "user_image": "usr.image", "review_text": "Cleanliness and amenities are not at all provided", "date": "22 Nov 2022", "rating": {"bg_color": "#ff4742", "title": "1"}}, {"user_name": "Ravikiran", "user_image": "usr.image", "review_text": "Worst facilities and bad behaviour with management. Not at all safe.", "date": "12 Nov 2022", "rating": {"bg_color": "#ff4742", "title": "1"}}, {"user_name": "Alen Ottaplackan", "user_image": "usr.image", "review_text": "Very bad utterly failure guest house", "date": "21 Oct 2022", "rating": {"bg_color": "#ff4742", "title": "1"}}, {"user_name": "Rohan", "user_image": "usr.image", "review_text": "Quite threatening and scary experience!", "date": "27 Sep 2022", "rating": {"bg_color": "#ff4742", "title": "1"}}, {"user_name": "Ruhan Khandakar", "user_image": "usr.image", "review_text": "Worst Hotel. Don\u2019t stay", "date": "17 Sep 2022", "rating": {"bg_color": "#ff4742", "title": "1"}}, {"user_name": "Prashant", "user_image": "usr.image", "review_text": "Not good with safe", "date": "04 Sep 2022", "rating": {"bg_color": "#ff4742", "title": "1"}}, {"user_name": "monith", "user_image": "usr.image", "review_text": "Lactation is near to a local bar which is very uncomfortable otherwise room is  good.", "date": "02 Aug 2022", "rating": {"bg_color": "#ff4742", "title": "1"}}]}}]