[{"data": {"title": "83 Verified Reviews", "rating_data": {"title": "3.4", "bg_color": "#8fc402", "tag": "Fair", "subtitle": "404 ratings on verified stays by guests"}, "sort_options": [{"type": "date-high", "title": "Recent reviews"}, {"type": "rating-high", "title": "High to low ratings"}, {"type": "rating-low", "title": "Low to high ratings"}], "is_last": true, "reviews": [{"user_name": "arun arun", "user_image": "usr.image", "review_text": "Nice hotel", "date": "20 Mar 2023", "rating": {"bg_color": "#346000", "title": "5"}}, {"user_name": "arun arun", "user_image": "usr.image", "review_text": "Nice hotel nra recidency very good location", "date": "17 Mar 2023", "rating": {"bg_color": "#346000", "title": "5"}}, {"user_name": "arun arun", "user_image": "usr.image", "review_text": "Nice palsee location very good hotel menajment super", "date": "17 Mar 2023", "rating": {"bg_color": "#346000", "title": "5"}, "user_image_feedback_list": [{"image_name": "JPEG_20230317_115337_14816122682325501767b9dd90b-ff98-4a6d-8cce-a1cab1dec9bc.jpg", "image_url": "https://images.oyoroomscdn.com/ugc-feedback-uploads/JPEG_20230317_115337_14816122682325501767b9dd90b-ff98-4a6d-8cce-a1cab1dec9bc.jpg", "type": "jpg", "uploaded_at": "2023-03-17", "image_id": "185965"}]}, {"user_name": "vanitha", "user_image": "usr.image", "review_text": "Nice room , well treated", "date": "14 Mar 2023", "rating": {"bg_color": "#346000", "title": "5"}}, {"user_name": "Harsha", "user_image": "usr.image", "review_text": "Good rooms\nGood service", "date": "09 Mar 2023", "rating": {"bg_color": "#346000", "title": "5"}}, {"user_name": "arun arun", "user_image": "usr.image", "review_text": "Nice palsee good service service good response", "date": "05 Mar 2023", "rating": {"bg_color": "#346000", "title": "5"}}, {"user_name": "arun arun", "user_image": "usr.image", "review_text": "Room Is good", "date": "17 Feb 2023", "rating": {"bg_color": "#346000", "title": "5"}}, {"user_name": "Ved Prakash", "user_image": "usr.image", "review_text": "The kind of service some of the oyo provides are really awesome. All the employees are cooperative but sometimes it also provide some bad experience too.", "date": "30 Jan 2023", "rating": {"bg_color": "#346000", "title": "5"}}, {"user_name": "Manu Gowda", "user_image": "usr.image", "review_text": "Good rooms worth for money", "date": "02 Jan 2023", "rating": {"bg_color": "#346000", "title": "5"}}, {"user_name": "Puneeth Raj", "user_image": "usr.image", "review_text": "Nice rooms", "date": "05 Dec 2022", "rating": {"bg_color": "#346000", "title": "5"}}, {"user_name": "Shivam Jaswal", "user_image": "usr.image", "review_text": "Oyo hotels are magnificent,cleaned , royal and all hotels are in budget so middle class man can also afford tge hotels", "date": "18 Nov 2022", "rating": {"bg_color": "#346000", "title": "5"}}, {"user_name": "Disha gowda", "user_image": "usr.image", "review_text": "Good", "date": "13 Oct 2022", "rating": {"bg_color": "#346000", "title": "5"}}, {"user_name": "Kunal g", "user_image": "usr.image", "review_text": "Hotel was very good stay was good couples were welcomed. service guys were on time to ask whether I needed something. But I had an issue with payment.", "date": "28 Sep 2022", "rating": {"bg_color": "#346000", "title": "5"}}, {"user_name": "Dev", "user_image": "usr.image", "review_text": "Everything is good but coordination and cooperation is very poor and customer will book online now a days in online is showing some amount but when we reach to stay thair hotel will not accept the booking price some how customers will get panicked online and offline should be same similar.", "date": "26 Sep 2022", "rating": {"bg_color": "#346000", "title": "5"}}, {"user_name": "Basavaraj", "user_image": "usr.image", "review_text": "Good", "date": "20 Sep 2022", "rating": {"bg_color": "#346000", "title": "5"}}, {"user_name": "Arun", "user_image": "usr.image", "review_text": "Nice room excellent service I am next time coming in Bangalore I want to visit here first day I am better stay", "date": "21 Aug 2022", "rating": {"bg_color": "#346000", "title": "5"}}, {"user_name": "pooja", "user_image": "usr.image", "review_text": "Good location please and nice room excellent service and Wi-Fi TV is good working every service also good", "date": "21 Aug 2022", "rating": {"bg_color": "#346000", "title": "5"}}, {"user_name": "Sunil", "user_image": "usr.image", "review_text": "Good service nice rooms \ud83d\udc4d", "date": "21 Aug 2022", "rating": {"bg_color": "#346000", "title": "5"}}, {"user_name": "Praveenks", "user_image": "usr.image", "review_text": "Gud", "date": "16 Aug 2022", "rating": {"bg_color": "#346000", "title": "5"}}, {"user_name": "Sandeep", "user_image": "usr.image", "review_text": "I have visited a lot of hotels and I can say without a doubt that this was the best one. I am very picky about my hotel and it was not difficult for me to find some good things about this place. They have good service, clean rooms, and a great response time for any request you may have.", "date": "03 Aug 2022", "rating": {"bg_color": "#346000", "title": "5"}}, {"user_name": "Ratnodip Mukherjee", "user_image": "usr.image", "review_text": "Good", "date": "12 Jul 2022", "rating": {"bg_color": "#346000", "title": "5"}}, {"user_name": "Akash", "user_image": "usr.image", "review_text": "It was very well maintained and sanitized", "date": "07 Jul 2022", "rating": {"bg_color": "#346000", "title": "5"}}, {"user_name": "Adam", "user_image": "usr.image", "review_text": "I booked a room at the hotel and I was very happy with my experience there. Their service was top-notch, the room was beautiful, and everything I needed was provided.", "date": "06 Jul 2022", "rating": {"bg_color": "#346000", "title": "5"}}, {"user_name": "Manoj", "user_image": "usr.image", "review_text": "I stayed at the hotel and it was a good experience. The location of the hotel is also good. Room electrical problems. The washroom was clean and hygienic. the behavior of the staff was good. Everything went well with my stay and I would recommend this hotel to anyone who is looking for a place to stay in this area", "date": "11 Jun 2022", "rating": {"bg_color": "#346000", "title": "5"}}, {"user_name": "Venkey", "user_image": "usr.image", "review_text": "Best experience good stay, friend staff, well maintained rooms, over all that was a good experience", "date": "29 Dec 2022", "rating": {"bg_color": "#58ac00", "title": "4"}}, {"user_name": "Venkatesh", "user_image": "usr.image", "review_text": "but they took extra amount", "date": "17 Jul 2022", "rating": {"bg_color": "#58ac00", "title": "4"}}, {"user_name": "Pavan kumar", "user_image": "usr.image", "review_text": "I booked a room at a hotel for a special occasion. The booking process was easy and the customer service was excellent. The room was exquisite; it had all the amenities I needed and was of high quality. I book with them again, but, after I checked out, I was charged Rs300 extra. The staff service was awesome.", "date": "07 Jul 2022", "rating": {"bg_color": "#58ac00", "title": "4"}}, {"user_name": "Umesh Hegde", "user_image": "usr.image", "review_text": "The hotel environment was pleasant. The room was clean and the bed was comfortable. The washroom was also very hygienic and the staff was very helpful. I would recommend this hotel to anyone looking for a place to stay in the area.", "date": "04 Jul 2022", "rating": {"bg_color": "#58ac00", "title": "4"}}, {"user_name": "Shashank", "user_image": "usr.image", "review_text": "I have stayed at the hotel before. The room was clean and the staff was helpful, but I would not recommend the hotel for health reasons. The bed sheet was not clean and the washroom wasn't too clean either.", "date": "03 Jul 2022", "rating": {"bg_color": "#58ac00", "title": "4"}}, {"user_name": "Jay", "user_image": "usr.image", "review_text": "Extra money always asked at check-in. The hotel is good to stay, but the bedsheets are very bad with stains all over them.", "date": "19 Apr 2023", "rating": {"bg_color": "#8fc402", "title": "3"}}, {"user_name": "NIRMAL", "user_image": "usr.image", "review_text": "Rate issues", "date": "18 Jan 2023", "rating": {"bg_color": "#8fc402", "title": "3"}}, {"user_name": "Sajid asifbhaijivani", "user_image": "usr.image", "review_text": "Not good service", "date": "04 Sep 2022", "rating": {"bg_color": "#8fc402", "title": "3"}}, {"user_name": "Vijay Kumar", "user_image": "usr.image", "review_text": "No tv wash room was issued", "date": "26 Jan 2023", "rating": {"bg_color": "#feba00", "title": "2"}}, {"user_name": "Manjunatha G Y", "user_image": "usr.image", "review_text": "In hotel they collected more than booking amount your company made me fool.   Your company is worst and making us fool", "date": "23 Jan 2023", "rating": {"bg_color": "#feba00", "title": "2"}}, {"user_name": "Sunil", "user_image": "usr.image", "review_text": "Asked extra 500 even i tried to enter at 12:30", "date": "16 Nov 2022", "rating": {"bg_color": "#feba00", "title": "2"}}, {"user_name": "K.v.sunil Kumar", "user_image": "usr.image", "review_text": "Hotel was not accepting oyo payment and they r charging more than oyo app amount, really poor customer service from oyo", "date": "10 Nov 2022", "rating": {"bg_color": "#feba00", "title": "2"}}, {"user_name": "srikanth", "user_image": "usr.image", "review_text": "Amount extra 400 hotel pye . Not sovar not ac", "date": "01 Nov 2022", "rating": {"bg_color": "#feba00", "title": "2"}}, {"user_name": "Gurudath Pai", "user_image": "usr.image", "review_text": "Charhed me extra fee than what is mentioned in Oyo", "date": "19 Aug 2022", "rating": {"bg_color": "#feba00", "title": "2"}}, {"user_name": "Bopanna T", "user_image": "usr.image", "review_text": "After reaching site hotel Denayed to provide room and also don't get support from oyo to find other hotels", "date": "10 Aug 2022", "rating": {"bg_color": "#feba00", "title": "2"}}, {"user_name": "chetu", "user_image": "usr.image", "review_text": "Nt good", "date": "31 Jul 2022", "rating": {"bg_color": "#feba00", "title": "2"}}, {"user_name": "Biswajit Jamatia", "user_image": "usr.image", "review_text": "They charge double, I booked online only 550 but they charge 1000. Poor management", "date": "06 Jul 2022", "rating": {"bg_color": "#feba00", "title": "2"}}, {"user_name": "Vasudevan", "user_image": "usr.image", "review_text": "Had pre-booked the hotel room and paid the full amount in advance through OYO app. But the Hotel did not consider my booking which was done through OYO, instead hotel persons demanded me to pay cash at reception. It was a very bad experience. Did not stay there. Went back and arranged my stay at a different place.", "date": "28 Apr 2023", "rating": {"bg_color": "#ff4742", "title": "1"}}, {"user_name": "Sheshidher Reddy", "user_image": "usr.image", "review_text": "I have booked and made payment in Oyo. After reaching hotel, they have demanded 300 extra. I have called Oyo support buy they have put my call on hold for 15 mins and never came back.", "date": "20 Apr 2023", "rating": {"bg_color": "#ff4742", "title": "1"}}, {"user_name": "Raghavendra", "user_image": "usr.image", "review_text": "Oyo Booking is not allowed here and the staff is also very rude and irresponsive.", "date": "08 Apr 2023", "rating": {"bg_color": "#ff4742", "title": "1"}}, {"user_name": "Santosh Upadhya", "user_image": "usr.image", "review_text": "Receptionist behaviour and location", "date": "29 Mar 2023", "rating": {"bg_color": "#ff4742", "title": "1"}}, {"user_name": "Sinu Krishnan", "user_image": "usr.image", "review_text": "They are asking more money as per oyo booking rate. I they are charging double amount as compare to OYO Amount.", "date": "14 Mar 2023", "rating": {"bg_color": "#ff4742", "title": "1"}}, {"user_name": "Sachin Niranjan", "user_image": "usr.image", "review_text": "The hotel runs a scam. On OYO they are listed for rupees 400 approx. But after booking .. and even paying online .. when you reach the hotel, they will tell you that the hotel charges are 1500..2000 etc. They will allow you their rate card. \nWhen asked, they will tell you that such a hotel is not possible in 400 rupees. \nPathetic experience. \nThe staff behaviour is very poor. \nCleanliness is pathetic. \nWe asked for food plates, they gave us used plates, uncleaned. \n\nOnly the hotel photos are good, the building looks good. But it is a trap. \n\nI would highly suggest people to book another hotel. Not this one.", "date": "14 Mar 2023", "rating": {"bg_color": "#ff4742", "title": "1"}}, {"user_name": "Sandeshkumar Rajaput", "user_image": "usr.image", "review_text": "they took extra money than actual 950", "date": "12 Mar 2023", "rating": {"bg_color": "#ff4742", "title": "1"}}, {"user_name": "Vinto", "user_image": "usr.image", "review_text": "They charged extra money for the room and they gave to me very dirty room , very bad experience", "date": "17 Feb 2023", "rating": {"bg_color": "#ff4742", "title": "1"}}, {"user_name": "Raghu R", "user_image": "usr.image", "review_text": "It was worst experience they asked me pay earlier and they said no check in amount also not refunded", "date": "13 Feb 2023", "rating": {"bg_color": "#ff4742", "title": "1"}}, {"user_name": "Maruthi", "user_image": "usr.image", "review_text": "Booked online but still they collected extra 300 at hotel", "date": "08 Feb 2023", "rating": {"bg_color": "#ff4742", "title": "1"}}, {"user_name": "Nagarjuna Bhooma", "user_image": "usr.image", "review_text": "Na.The hotel staff didn&#39;t honor my booking the customer service didn&#39;t care to call back", "date": "14 Jan 2023", "rating": {"bg_color": "#ff4742", "title": "1"}}, {"user_name": "Keerthi", "user_image": "usr.image", "review_text": "He denied giving room. He said its full.", "date": "30 Dec 2022", "rating": {"bg_color": "#ff4742", "title": "1"}}, {"user_name": "Ravi", "user_image": "usr.image", "review_text": "Worst hotel and worst service, i booked the hotel through Oyo app for 504 rupees then i visit the hotel they asked 700 rupees extra amount I paid 1200 total amount, very bad experience", "date": "27 Dec 2022", "rating": {"bg_color": "#ff4742", "title": "1"}}, {"user_name": "vicky kumar", "user_image": "usr.image", "review_text": "He took extra charges", "date": "23 Dec 2022", "rating": {"bg_color": "#ff4742", "title": "1"}}, {"user_name": "Siva Teja", "user_image": "usr.image", "review_text": "Charged extra money during check-in", "date": "15 Dec 2022", "rating": {"bg_color": "#ff4742", "title": "1"}}, {"user_name": "Zeeshan Ahmad", "user_image": "usr.image", "review_text": "I got booking at a lower price and i called hotel to confirm it which they confirmed. But later when i went to the hotel they asked for extra money over the official price. Almost twice. And i hat to take it coz i had work nearby. Rooms were \nfine to be in visibly, but having that smoking smell.\nGo only if you've no other options", "date": "18 Nov 2022", "rating": {"bg_color": "#ff4742", "title": "1"}}, {"user_name": "Sharath", "user_image": "usr.image", "review_text": "Service is not Good and.. I wil pay extra amount. For the room hotel servise", "date": "17 Nov 2022", "rating": {"bg_color": "#ff4742", "title": "1"}}, {"user_name": "Narayana Satya", "user_image": "usr.image", "review_text": "Not suitable for familiesPrice differs from OYO to hotel.Extra bed they are not supplieing", "date": "07 Nov 2022", "rating": {"bg_color": "#ff4742", "title": "1"}}, {"user_name": "Venu M", "user_image": "usr.image", "review_text": "The hotel people has charged me extra money than what I booked in app.\nAnd amenities are not provided as shown in the application \nHighly dissatisfied", "date": "04 Nov 2022", "rating": {"bg_color": "#ff4742", "title": "1"}}, {"user_name": "JEYAKKUMAR RAJAMANICKAM", "user_image": "usr.image", "review_text": "AVOID,AVOID AVOID........NOTHING.WORST EVER STAY FOR ME.ASKED TO PAY MORE WHEN ARRIVED.TV IS THERE BUT NOT PAID FOR PROGRAMS .WHEN ASKED THEY WILL TELL THAT THEY WILL DO IT IN 5 MINS BUT NEVER DO IT.WORST ROOM SERVICE EVER....IF YOU ORDER COFFEE IN THE MORNING THEY WILL GIVE IT IN THE AFTERNOON....NO TOWELS,SOAPS..YOU HAVE TO BEG FOR THEM...", "date": "16 Oct 2022", "rating": {"bg_color": "#ff4742", "title": "1"}}, {"user_name": "Arunkumar", "user_image": "usr.image", "review_text": "they charged higher price than the  actual shown on oyo website", "date": "10 Oct 2022", "rating": {"bg_color": "#ff4742", "title": "1"}}, {"user_name": "Dayanand Sagar", "user_image": "usr.image", "review_text": "Dishonored our booking and asked us to pay double the booking priceI don&#39;t think there is anything that I other than the flexible check in and check out timings.They have over charged us on the booking price ( double the booking amount) and we never received any thing, like towels or soap etc. Also they denied AC for our room", "date": "04 Oct 2022", "rating": {"bg_color": "#ff4742", "title": "1"}}, {"user_name": "ShabnamArm", "user_image": "usr.image", "review_text": "The worst experience I ever had in my life...the worst hotel...no proper toilet,no discipline staff,the receptionist is very rude", "date": "02 Oct 2022", "rating": {"bg_color": "#ff4742", "title": "1"}, "user_image_feedback_list": [{"image_name": "IMG20221002110503f1372d2e-f198-489a-a659-3d49f895b41c.jpg", "image_url": "https://images.oyoroomscdn.com/ugc-feedback-uploads/IMG20221002110503f1372d2e-f198-489a-a659-3d49f895b41c.jpg", "type": "jpg", "uploaded_at": "2022-10-02", "image_id": "127886"}]}, {"user_name": "nagendra nagendra", "user_image": "usr.image", "review_text": "no need book in oyo beacuse oyo app telling one rate and the hotel telling another rate 1300 i paid 800 extra", "date": "17 Sep 2022", "rating": {"bg_color": "#ff4742", "title": "1"}}, {"user_name": "senthil", "user_image": "usr.image", "review_text": "They are asking more money.\nI have booked the room Rs555", "date": "15 Sep 2022", "rating": {"bg_color": "#ff4742", "title": "1"}}, {"user_name": "Ganpati jha", "user_image": "usr.image", "review_text": "The room was good but I was charged excess Rs.1200 in place of 544 was showing while booking", "date": "10 Sep 2022", "rating": {"bg_color": "#ff4742", "title": "1"}}, {"user_name": "Manoj Kumar", "user_image": "usr.image", "review_text": "Please never even think of booking this hotel!. They have asked me extra double the money of booking which i made a online payment. Owner is rude and denied checkin and asked to pay extra. They have also marked the booking as checkin with out even giving a room", "date": "10 Sep 2022", "rating": {"bg_color": "#ff4742", "title": "1"}}, {"user_name": "Suresh", "user_image": "usr.image", "review_text": "Hotel is rejected Oyo booking", "date": "30 Aug 2022", "rating": {"bg_color": "#ff4742", "title": "1"}}, {"user_name": "Anuj", "user_image": "usr.image", "review_text": "Don't go in this hotel at the time of check in they ask me 3000 more to let me check in", "date": "19 Aug 2022", "rating": {"bg_color": "#ff4742", "title": "1"}}, {"user_name": "rakshith r", "user_image": "usr.image", "review_text": "Bathroom has been clogged", "date": "14 Aug 2022", "rating": {"bg_color": "#ff4742", "title": "1"}}, {"user_name": "SHREEKANTAIAH", "user_image": "usr.image", "review_text": "Receptionist was not cooperating properly \nHe told that his hotel room are more valuable than the value it shows on Oyo and further told that they have some issues with oyo partnership and that\u2019s why they show very less amount in oyo app just to have more bookings. \nThis s not acceptable behaviour of this hotel/ staycation.\nVery cheap mentality and every rupee maters", "date": "02 Aug 2022", "rating": {"bg_color": "#ff4742", "title": "1"}}, {"user_name": "Sunil L", "user_image": "usr.image", "review_text": "Very worst experience, he asked extra amount, i paid 2.5k", "date": "31 Jul 2022", "rating": {"bg_color": "#ff4742", "title": "1"}}, {"user_name": "King Gowda", "user_image": "usr.image", "review_text": "They are taking 1000 rupees amount but my actual bill was 560 rupees they are not accepting the price they argued with me and then taken 1000 rupees from me", "date": "19 Jul 2022", "rating": {"bg_color": "#ff4742", "title": "1"}}, {"user_name": "Vinod", "user_image": "usr.image", "review_text": "tv is not working and staff behavior very bad and collect cash extra 400rs", "date": "13 Jul 2022", "rating": {"bg_color": "#ff4742", "title": "1"}}, {"user_name": "Hemanta ku", "user_image": "usr.image", "review_text": "they are charging extra money.they are not taking Oyo money", "date": "06 Jul 2022", "rating": {"bg_color": "#ff4742", "title": "1"}}, {"user_name": "Bharath", "user_image": "usr.image", "review_text": "first they didn't accept the price, later didn't give proper bill. clear frauds, with charging additional amounts.", "date": "28 Jun 2022", "rating": {"bg_color": "#ff4742", "title": "1"}}, {"user_name": "Vinayak", "user_image": "usr.image", "review_text": "I didn\u2019t got the room and I didn\u2019t stayed there", "date": "12 Jun 2022", "rating": {"bg_color": "#ff4742", "title": "1"}}, {"user_name": "Savitha Kumari", "user_image": "usr.image", "review_text": "OYO donu2019t promote thisneat property.very bad staff.", "date": "05 Jun 2022", "rating": {"bg_color": "#ff4742", "title": "1"}}, {"user_name": "Sreekuttan MB", "user_image": "usr.image", "review_text": "They don't allow me to check in because i was booked by oyo and they take my phone and checked in and get me out of there and charged for two night and charged that two night by not allowed me to stay even for one night my all money was gone because i paid online , Contact me I WANT MY MONEY BACK", "date": "05 Jun 2022", "rating": {"bg_color": "#ff4742", "title": "1"}}, {"user_name": "Savitha Kumari", "user_image": "usr.image", "review_text": "request booking.com to step away from this property..well property per se is nice.disgusting staff &#47; front office.  extremely rude and uncouth.", "date": "05 Jun 2022", "rating": {"bg_color": "#ff4742", "title": "1"}}, {"user_name": "917019048159", "user_image": "usr.image", "review_text": "i have never seen this type of hotel.really worst hotel in bangalore my booking amount was 556 but receptionist was asked me 1000 extra and i finally gave 500 and 2 hours powercut tv signal is not there in hotel my first worst hotel and one more i have provide in oyo app ac room but ac room also not given for me", "date": "04 Jun 2022", "rating": {"bg_color": "#ff4742", "title": "1"}}, {"user_name": "Mani Shetty", "user_image": "usr.image", "review_text": "they charged extra money", "date": "03 Jun 2022", "rating": {"bg_color": "#ff4742", "title": "1"}}]}}]