[{"data": {"title": "149 Verified Reviews", "rating_data": {"title": "4.0", "bg_color": "#58ac00", "tag": "Very Good", "subtitle": "731 ratings on verified stays by guests"}, "sort_options": [{"type": "date-high", "title": "Recent reviews"}, {"type": "rating-high", "title": "High to low ratings"}, {"type": "rating-low", "title": "Low to high ratings"}], "is_last": false, "next_offset": 101, "reviews": [{"user_name": "penta lokesh", "user_image": "usr.image", "review_text": "maintance.", "date": "25 Apr 2023", "rating": {"bg_color": "#346000", "title": "5"}}, {"user_name": "Rajakumar", "user_image": "usr.image", "review_text": "The hotel location.. was kind of Ok \nBut the Rooms were really.. Good.\nEnjoyed the stay there.. will choose it again", "date": "04 Apr 2023", "rating": {"bg_color": "#346000", "title": "5"}}, {"user_name": "Srikari", "user_image": "usr.image", "review_text": "Very clean and hygienic. The prices shown here and actual price vary . They never give a queen bed accommodation", "date": "05 Feb 2023", "rating": {"bg_color": "#346000", "title": "5"}}, {"user_name": "Manjunath", "user_image": "usr.image", "review_text": "Nice hotel,location and food", "date": "24 Jan 2023", "rating": {"bg_color": "#346000", "title": "5"}}, {"user_name": "Akarsh", "user_image": "usr.image", "review_text": "It was a pleasant stay...good staff", "date": "23 Dec 2022", "rating": {"bg_color": "#346000", "title": "5"}}, {"user_name": "Sibiviswa", "user_image": "usr.image", "review_text": "Nice stay", "date": "10 Dec 2022", "rating": {"bg_color": "#346000", "title": "5"}}, {"user_name": "BRISTO", "user_image": "usr.image", "review_text": "Excellent room (5/5) , calm location, safe parking  great experience and polite workers but they charge extra 1000 Rs ( I don't know why )", "date": "08 Dec 2022", "rating": {"bg_color": "#346000", "title": "5"}}, {"user_name": "Kartik", "user_image": "usr.image", "review_text": "Good", "date": "07 Dec 2022", "rating": {"bg_color": "#346000", "title": "5"}}, {"user_name": "Abhimanyu", "user_image": "usr.image", "review_text": "room was pretty decent", "date": "06 Dec 2022", "rating": {"bg_color": "#346000", "title": "5"}}, {"user_name": "Ananya Thapli", "user_image": "usr.image", "review_text": "The rooms were clean and well ventilated.My Booking amount was rs.840 but owner told to pay rs.1200", "date": "05 Dec 2022", "rating": {"bg_color": "#346000", "title": "5"}}, {"user_name": "kennies", "user_image": "usr.image", "review_text": "This my 3 week i am staying here \ni saw it's super", "date": "15 Nov 2022", "rating": {"bg_color": "#346000", "title": "5"}}, {"user_name": "Akshay", "user_image": "usr.image", "review_text": "Osm", "date": "12 Nov 2022", "rating": {"bg_color": "#346000", "title": "5"}}, {"user_name": "Samuvel Chandran", "user_image": "usr.image", "review_text": "value for moneynew n affordable.the bedspreads Lenin pillow covers were dirty despite they were washed in laundry   need to be looked into", "date": "10 Nov 2022", "rating": {"bg_color": "#346000", "title": "5"}}, {"user_name": "Sourav Singh", "user_image": "usr.image", "review_text": "It's awesome room and also good cleaning\nWell staff beave", "date": "07 Nov 2022", "rating": {"bg_color": "#346000", "title": "5"}, "user_image_feedback_list": [{"image_name": "IMG_20221107_113512419b3084-161d-4ef3-8cc2-cc5f2f493447.jpg", "image_url": "https://images.oyoroomscdn.com/ugc-feedback-uploads/IMG_20221107_113512419b3084-161d-4ef3-8cc2-cc5f2f493447.jpg", "type": "jpg", "uploaded_at": "2022-11-07", "image_id": "141346"}, {"image_name": "IMG_20221107_113150777c28d1-cd7c-48ae-9b5f-502d9c181e29.jpg", "image_url": "https://images.oyoroomscdn.com/ugc-feedback-uploads/IMG_20221107_113150777c28d1-cd7c-48ae-9b5f-502d9c181e29.jpg", "type": "jpg", "uploaded_at": "2022-11-07", "image_id": "141347"}]}, {"user_name": "Samuvel Chandran", "user_image": "usr.image", "review_text": "id they can correct few things place will be too mostthe place situated n new place good facilities.tv was not working at all. plates n spoons are not available for usage", "date": "25 Oct 2022", "rating": {"bg_color": "#346000", "title": "5"}}, {"user_name": "K SaiBhargav", "user_image": "usr.image", "review_text": "It is one of the best hotels you would get on oyo.\nWas a very homely setup inside the rooms.\nAll the rooms are clean and has good interiors", "date": "19 Oct 2022", "rating": {"bg_color": "#346000", "title": "5"}}, {"user_name": "Mahesh", "user_image": "usr.image", "review_text": "Good rooms", "date": "17 Oct 2022", "rating": {"bg_color": "#346000", "title": "5"}}, {"user_name": "Rahul R", "user_image": "usr.image", "review_text": "Neat and cleat well maintained", "date": "17 Oct 2022", "rating": {"bg_color": "#346000", "title": "5"}}, {"user_name": "BALRAM Mourya", "user_image": "usr.image", "review_text": "Super", "date": "08 Oct 2022", "rating": {"bg_color": "#346000", "title": "5"}}, {"user_name": "Janardhan C", "user_image": "usr.image", "review_text": "awesome", "date": "08 Oct 2022", "rating": {"bg_color": "#346000", "title": "5"}}, {"user_name": "Srikari C", "user_image": "usr.image", "review_text": "all.bed choice", "date": "03 Oct 2022", "rating": {"bg_color": "#346000", "title": "5"}}, {"user_name": "Shriram Samant", "user_image": "usr.image", "review_text": "Excellent facilities and best experience", "date": "29 Sep 2022", "rating": {"bg_color": "#346000", "title": "5"}}, {"user_name": "Jay ShanthoshVS", "user_image": "usr.image", "review_text": "Wonderful and excellent stay", "date": "20 Sep 2022", "rating": {"bg_color": "#346000", "title": "5"}}, {"user_name": "S JAGADISH", "user_image": "usr.image", "review_text": "One fallow was asking extra money of 320 .. and vasu was very gud .. and gud rooms.. \ud83e\udd29", "date": "12 Sep 2022", "rating": {"bg_color": "#346000", "title": "5"}}, {"user_name": "Hari Krishna", "user_image": "usr.image", "review_text": "Good property", "date": "11 Sep 2022", "rating": {"bg_color": "#346000", "title": "5"}}, {"user_name": "Basavareddy", "user_image": "usr.image", "review_text": "Good felt better", "date": "08 Sep 2022", "rating": {"bg_color": "#346000", "title": "5"}}, {"user_name": "Bhagath", "user_image": "usr.image", "review_text": "Unexpectedly too good", "date": "06 Sep 2022", "rating": {"bg_color": "#346000", "title": "5"}}, {"user_name": "Abdul", "user_image": "usr.image", "review_text": "It's Good", "date": "06 Sep 2022", "rating": {"bg_color": "#346000", "title": "5"}}, {"user_name": "Anilkumar D", "user_image": "usr.image", "review_text": "Very good for stay", "date": "05 Sep 2022", "rating": {"bg_color": "#346000", "title": "5"}}, {"user_name": "Arvindkumar", "user_image": "usr.image", "review_text": "Nice to stay", "date": "03 Sep 2022", "rating": {"bg_color": "#346000", "title": "5"}}, {"user_name": "Kalyan Krishna", "user_image": "usr.image", "review_text": "Best rooms . Good atmosphere. Couples can also go .it's a good place", "date": "29 Aug 2022", "rating": {"bg_color": "#346000", "title": "5"}}, {"user_name": "Rupam Sinha", "user_image": "usr.image", "review_text": "Good and spacious room but soap and toiletries were not provided. Had to ask for it then got just one soap.", "date": "19 Aug 2022", "rating": {"bg_color": "#346000", "title": "5"}, "user_image_feedback_list": [{"image_name": "c085b824e49111ecaf950a58a9feac02b5fd8386-f5ee-412d-95d6-b35cda5bfab4.jpg", "image_url": "https://images.oyoroomscdn.com/ugc-feedback-uploads/c085b824e49111ecaf950a58a9feac02b5fd8386-f5ee-412d-95d6-b35cda5bfab4.jpg", "type": "jpg", "uploaded_at": "2022-08-19", "image_id": "110052"}]}, {"user_name": "md nasikakhatar", "user_image": "usr.image", "review_text": "Good", "date": "22 Jul 2022", "rating": {"bg_color": "#346000", "title": "5"}}, {"user_name": "Nikhil", "user_image": "usr.image", "review_text": "It was soo spacious and soo comfortable and really worthy of money..!!", "date": "22 Jul 2022", "rating": {"bg_color": "#346000", "title": "5"}}, {"user_name": "Rajeshkumar TR", "user_image": "usr.image", "review_text": "Supportive staff, neat rooms.", "date": "21 Jul 2022", "rating": {"bg_color": "#346000", "title": "5"}}, {"user_name": "Keerthan", "user_image": "usr.image", "review_text": "nice and clean rooms", "date": "18 Jul 2022", "rating": {"bg_color": "#346000", "title": "5"}}, {"user_name": "Anil G", "user_image": "usr.image", "review_text": "Its higher than the expectation", "date": "16 Jul 2022", "rating": {"bg_color": "#346000", "title": "5"}}, {"user_name": "Mukesh Biswakarma", "user_image": "usr.image", "review_text": "Rooms and service are very good.There should be tea or coffee facilities", "date": "08 Jul 2022", "rating": {"bg_color": "#346000", "title": "5"}}, {"user_name": "VenkateswaraRaochepuru", "user_image": "usr.image", "review_text": "service", "date": "05 Jul 2022", "rating": {"bg_color": "#346000", "title": "5"}}, {"user_name": "SwapnilHedaoo", "user_image": "usr.image", "review_text": "Rooms are clean", "date": "05 Jul 2022", "rating": {"bg_color": "#346000", "title": "5"}}, {"user_name": "Ashish Kumar", "user_image": "usr.image", "review_text": "Value for money, totally worth. You should specify checkout time at time of booking, rest all is pretty decent.", "date": "04 Jul 2022", "rating": {"bg_color": "#346000", "title": "5"}}, {"user_name": "Archana", "user_image": "usr.image", "review_text": "one of the best hotel... that i never seen....", "date": "01 Jul 2022", "rating": {"bg_color": "#346000", "title": "5"}}, {"user_name": "Tazain Khan", "user_image": "usr.image", "review_text": "Staff behavior was soo good and the room was comfortable .\neven we were couples so i would recommend if u are also planning a stay to spent some good time with eachother then this is a best place to stay . Go for it guys \ud83d\ude0d\u2764", "date": "01 Jul 2022", "rating": {"bg_color": "#346000", "title": "5"}}, {"user_name": "Rakesh", "user_image": "usr.image", "review_text": "It was good !!", "date": "25 Jun 2022", "rating": {"bg_color": "#346000", "title": "5"}}, {"user_name": "Vishnu Nair", "user_image": "usr.image", "review_text": "Good Oyo...", "date": "24 Jun 2022", "rating": {"bg_color": "#346000", "title": "5"}}, {"user_name": "Supritha", "user_image": "usr.image", "review_text": "just loved the place. maintained cleanliness, nice area. room was spacious.", "date": "23 Jun 2022", "rating": {"bg_color": "#346000", "title": "5"}}, {"user_name": "Raviteja", "user_image": "usr.image", "review_text": "Good place to stay", "date": "22 Jun 2022", "rating": {"bg_color": "#346000", "title": "5"}}, {"user_name": "Prashant Gaikwad", "user_image": "usr.image", "review_text": "Good stay", "date": "19 Jun 2022", "rating": {"bg_color": "#346000", "title": "5"}}, {"user_name": "BHASKAR", "user_image": "usr.image", "review_text": "Highly impressed  by Vasan frindly nature", "date": "12 Jun 2022", "rating": {"bg_color": "#346000", "title": "5"}}, {"user_name": "Akhileshwar", "user_image": "usr.image", "date": "09 Jun 2022", "rating": {"bg_color": "#346000", "title": "5"}, "user_image_feedback_list": [{"image_name": "hotel_image_b6891ef7-92dc-4112-898c-44169c6c659d6503956793572035728.jpeg", "image_url": "https://images.oyoroomscdn.com/ugc-feedback-uploads/hotel_image_b6891ef7-92dc-4112-898c-44169c6c659d6503956793572035728.jpeg", "type": "jpeg", "uploaded_at": "2022-06-09", "image_id": "79095"}, {"image_name": "hotel_image_b6891ef7-92dc-4112-898c-44169c6c659d5466091496092785661.jpeg", "image_url": "https://images.oyoroomscdn.com/ugc-feedback-uploads/hotel_image_b6891ef7-92dc-4112-898c-44169c6c659d5466091496092785661.jpeg", "type": "jpeg", "uploaded_at": "2022-06-09", "image_id": "79097"}, {"image_name": "hotel_image_b6891ef7-92dc-4112-898c-44169c6c659d9132782050222771036.jpeg", "image_url": "https://images.oyoroomscdn.com/ugc-feedback-uploads/hotel_image_b6891ef7-92dc-4112-898c-44169c6c659d9132782050222771036.jpeg", "type": "jpeg", "uploaded_at": "2022-06-09", "image_id": "79096"}]}, {"user_name": "JOHNSON", "user_image": "usr.image", "review_text": "I was very happy with my experience at this hotel. The staff was courteous and well-behaved, the location was perfect for my needs, the room had all of the amenities I needed and it was clean and well-maintained.", "date": "04 Jun 2022", "rating": {"bg_color": "#346000", "title": "5"}}, {"user_name": "Nimesh Dewangan", "user_image": "usr.image", "review_text": "My stay at the hotel was great. The room was very clean, with all the amenities. Wi-Fi and parking were available, as well as service at check-in and check-out. I had no problem at all with anything during my stay here.", "date": "04 Jun 2022", "rating": {"bg_color": "#346000", "title": "5"}}, {"user_name": "ashwin ravi", "user_image": "usr.image", "review_text": "Great rooms", "date": "03 Jun 2022", "rating": {"bg_color": "#346000", "title": "5"}}, {"user_name": "Manish", "user_image": "usr.image", "review_text": "I was very happy with the service, the room was clean and spacious, wi-fi and parking were available.  I didn't have any issues during check-in. The location was in a good spot, close to the bus stop and it was a reasonable price.", "date": "03 Jun 2022", "rating": {"bg_color": "#346000", "title": "5"}}, {"user_name": "Prashant", "user_image": "usr.image", "review_text": "I was pleasantly surprised by the accommodations. The room was spacious and comfortable, with all the amenities I needed for my stay. The service during check-in was quick and the price was much more reasonable", "date": "03 Jun 2022", "rating": {"bg_color": "#346000", "title": "5"}}, {"user_name": "Srinivas", "user_image": "usr.image", "review_text": "As good as it looks in the pictures \ud83d\udc4c Clean and tidy rooms, good amenities and polite staff. I will definitely recommend it for couples and families.", "date": "02 Jun 2022", "rating": {"bg_color": "#346000", "title": "5"}}, {"user_name": "Suhas", "user_image": "usr.image", "review_text": "Nice place to stay", "date": "27 Apr 2023", "rating": {"bg_color": "#58ac00", "title": "4"}}, {"user_name": "Arun", "user_image": "usr.image", "review_text": "Room is very nice", "date": "12 Apr 2023", "rating": {"bg_color": "#58ac00", "title": "4"}}, {"user_name": "Akshay kumar", "user_image": "usr.image", "review_text": "They ask Extra money for booking", "date": "07 Apr 2023", "rating": {"bg_color": "#58ac00", "title": "4"}}, {"user_name": "S Prasanna", "user_image": "usr.image", "review_text": "Place was awesome,but reception people are demanding extra money.", "date": "18 Jan 2023", "rating": {"bg_color": "#58ac00", "title": "4"}}, {"user_name": "Jasper", "user_image": "usr.image", "review_text": "Room was quite good but ac wasn't working but fan was working so it wasn't a much of a problem my stay was just for 2 days so i didn't use the tv if your staying for more number of days then you have an issue that is the tv won't work", "date": "07 Jan 2023", "rating": {"bg_color": "#58ac00", "title": "4"}}, {"user_name": "Sibiviswa", "user_image": "usr.image", "review_text": "Nice room but too costly for the locality", "date": "03 Dec 2022", "rating": {"bg_color": "#58ac00", "title": "4"}}, {"user_name": "Yaswanth Ch", "user_image": "usr.image", "review_text": "The room was very good . Neat and clean.Daily activation of the key card", "date": "19 Nov 2022", "rating": {"bg_color": "#58ac00", "title": "4"}}, {"user_name": "Rishu Kumar Singh", "user_image": "usr.image", "review_text": "As commitment as good", "date": "08 Nov 2022", "rating": {"bg_color": "#58ac00", "title": "4"}}, {"user_name": "Abhishek Kumar", "user_image": "usr.image", "review_text": "Good room \nBut locality is so irritating", "date": "17 Oct 2022", "rating": {"bg_color": "#58ac00", "title": "4"}}, {"user_name": "Prathik HC", "user_image": "usr.image", "review_text": "Location", "date": "14 Oct 2022", "rating": {"bg_color": "#58ac00", "title": "4"}}, {"user_name": "IMRAN KHAN", "user_image": "usr.image", "review_text": "Room is nice,neet&clean", "date": "09 Oct 2022", "rating": {"bg_color": "#58ac00", "title": "4"}}, {"user_name": "Sumit Sharma", "user_image": "usr.image", "review_text": "Nyc room, well maintained, cleaned", "date": "10 Sep 2022", "rating": {"bg_color": "#58ac00", "title": "4"}}, {"user_name": "shaikh yasar", "user_image": "usr.image", "review_text": "They ask for extra money, fix amount is 1240 , if you pay less then this , thenyou have to pay while check in", "date": "21 Aug 2022", "rating": {"bg_color": "#58ac00", "title": "4"}}, {"user_name": "Prabal Gupta", "user_image": "usr.image", "review_text": "Place is ok, but staff is rude and there are no food facilities like restaurants in hotel and nearby.Staff is not good, there are no place to visit nearby and staff is not corporative at all, I booked the room through booking.com but they didn&#39;t accept the online booking and ask extra charges.", "date": "15 Aug 2022", "rating": {"bg_color": "#58ac00", "title": "4"}}, {"user_name": "Sourabh Sp", "user_image": "usr.image", "review_text": "Great hotel loved it !!", "date": "03 Aug 2022", "rating": {"bg_color": "#58ac00", "title": "4"}}, {"user_name": "Ramesh Babu", "user_image": "usr.image", "review_text": "near by to manyata tech park nRoom was clean and neat .nno room service but for the price its good.nwater purifier in room.TV was not working and its also kept in different room than the bed.nCheck-in time and Check-out time are not convenient for business travellers.nThey charged Rs500&#47;- extra for early check-in.", "date": "29 Jul 2022", "rating": {"bg_color": "#58ac00", "title": "4"}}, {"user_name": "Sourabh Sp", "user_image": "usr.image", "review_text": "It was excellent stay at royal manyata, rooms are big and clean and well maintained , highly recommended .\nOnly drawbavk is they took extra money than it was booled for at oyo", "date": "20 Jul 2022", "rating": {"bg_color": "#58ac00", "title": "4"}}, {"user_name": "Vishwas", "user_image": "usr.image", "review_text": "Rooms were clean", "date": "19 Jul 2022", "rating": {"bg_color": "#58ac00", "title": "4"}}, {"user_name": "Sairam", "user_image": "usr.image", "review_text": "All rooms studio and well maintained property", "date": "19 Jul 2022", "rating": {"bg_color": "#58ac00", "title": "4"}}, {"user_name": "Indraprasad", "user_image": "usr.image", "review_text": "Rooms ate good. Calling the hotel directly is the best option", "date": "17 Jul 2022", "rating": {"bg_color": "#58ac00", "title": "4"}}, {"user_name": "Sudarshan Kapse", "user_image": "usr.image", "review_text": "GoodGood.", "date": "02 Jul 2022", "rating": {"bg_color": "#58ac00", "title": "4"}}, {"user_name": "VenkateswaraRaochepuru", "user_image": "usr.image", "review_text": "room", "date": "01 Jul 2022", "rating": {"bg_color": "#58ac00", "title": "4"}}, {"user_name": "Armaan Thakur", "user_image": "usr.image", "review_text": "good service and  good hotel", "date": "14 Jun 2022", "rating": {"bg_color": "#58ac00", "title": "4"}}, {"user_name": "CHANDAN VERMA", "user_image": "usr.image", "review_text": "I just came back from a stay at hotel and I can't say enough about it. The room was clean and the location was perfect for my needs. All of the amenities were working, checking in and out went smoothly, and there was plenty of parking to make me feel comfortable. I couldn't be more pleased with my stay.", "date": "04 Jun 2022", "rating": {"bg_color": "#58ac00", "title": "4"}}, {"user_name": "Kishan Mk", "user_image": "usr.image", "review_text": "Asked for additional money than what OYO had shown in their page. Their amount is 1200rs and on top of that for additional amount, no bill is provided", "date": "13 Mar 2023", "rating": {"bg_color": "#8fc402", "title": "3"}}, {"user_name": "S Prasanna", "user_image": "usr.image", "review_text": "Collecting extra money", "date": "30 Dec 2022", "rating": {"bg_color": "#8fc402", "title": "3"}}, {"user_name": "ASHISH BANSAL", "user_image": "usr.image", "review_text": "This is to oyo not to the hotel, before taking any booking oyo must confirm with the hotel for the rate, yesterday I booked this hotel at around 900, but after reaching hotel the manager said he is not ok with it so I had to pay extra 350, it was a nominal amount but i think this is not good practice.", "date": "27 Aug 2022", "rating": {"bg_color": "#8fc402", "title": "3"}}, {"user_name": "NITHIN E", "user_image": "usr.image", "review_text": "Very expensive", "date": "21 Jul 2022", "rating": {"bg_color": "#8fc402", "title": "3"}}, {"user_name": "Rounak Dey", "user_image": "usr.image", "review_text": "overcharged at hotel even though payment was done from app.\nroom was good and clean.\nthere was no electricity in the other room", "date": "14 Jul 2022", "rating": {"bg_color": "#8fc402", "title": "3"}}, {"user_name": "Reese Sam", "user_image": "usr.image", "review_text": "I stayed there for over a week. The room did not have any cloth hangers or hooks, no hand wash, no microwave. There was no floormats either when I stepped in. Had to raise it in person at multiple times to get the room cleaned.", "date": "07 Jul 2022", "rating": {"bg_color": "#8fc402", "title": "3"}}, {"user_name": "Ernest Matta", "user_image": "usr.image", "review_text": "No toiletries", "date": "10 Jun 2022", "rating": {"bg_color": "#8fc402", "title": "3"}}, {"user_name": "Nikhil Desai", "user_image": "usr.image", "review_text": "The people sitting in the reception acts as if they are the inventors of Hotel Industry. Zero customer service. I was forced to agree with their rate and not with the rates agreed by OYO. If you say that you have a special rate from OYO they will say we don't care. They have asked me to speak to OYO or take the room on our rate. Above all their are no room service or even a pantry available. If you ask for plate and spoon they will say \" we can give you plate no spoon\" and the plate if you see the condition, even my dog at home has a better bowl to have food. Not even bothered to clean the room. I had stayed their for 4 days and not even a single day the room was cleaned. My advance payment forced me to stay there. Least bothered for the guest. Please avoid the hotel seriously as I also ignored actually missed to read the previous review.", "date": "16 Mar 2023", "rating": {"bg_color": "#feba00", "title": "2"}}, {"user_name": "Mohammed Fahad", "user_image": "usr.image", "review_text": "Rude manager, didn\u2019t let to check in unless we paid extra money", "date": "15 Feb 2023", "rating": {"bg_color": "#feba00", "title": "2"}}, {"user_name": "Narasinga Rao", "user_image": "usr.image", "review_text": "Keep extra money to get check-I\u2019mdecently clean.price has been changed at checkin time. I had pay extra 400 per night than what booking.com offered", "date": "05 Feb 2023", "rating": {"bg_color": "#feba00", "title": "2"}}, {"user_name": "seena", "user_image": "usr.image", "review_text": "Receptionist talked very rudely.he asked extra 500 rs for giving room. In Oyo we already paid, but they told room rent is fixed as 1200. Gave very dirty towel for wash room. Floor is sticky there is no door mat.\nWhile check out time they asked extra 400 rs . One small dot blood fell in to bed sheet,that reason they paid extra400.\nVery rude behaviour got from reception.\nDefinitely Oyo should remove this hotel. We reached night, dnt have other option to go another room. So we paid and took this hotel. Pls dnt choose this.", "date": "25 Dec 2022", "rating": {"bg_color": "#feba00", "title": "2"}}, {"user_name": "aqib khan", "user_image": "usr.image", "review_text": "Charge extra 400", "date": "04 Dec 2022", "rating": {"bg_color": "#feba00", "title": "2"}}, {"user_name": "Mubarak", "user_image": "usr.image", "review_text": "Customer care number", "date": "21 Oct 2022", "rating": {"bg_color": "#feba00", "title": "2"}}, {"user_name": "Suhas", "user_image": "usr.image", "review_text": "In app it will show some amount and after paying in app again they are asking amount to pay and we have paid. This is very bad experience.\nWhy the hell they ll mis guide for all customer", "date": "06 Oct 2022", "rating": {"bg_color": "#feba00", "title": "2"}}, {"user_name": "Rockesh Sam", "user_image": "usr.image", "review_text": "The Room was comfortable.The mismatch in price (between booking.com and the hotel) and the receptionists behaviour while receiving", "date": "24 Sep 2022", "rating": {"bg_color": "#feba00", "title": "2"}}, {"user_name": "Santhosh", "user_image": "usr.image", "review_text": "They changed extra. In oyo I booked it for 800 when I reached hotel they said if you pay 1250 will give u room r u can cancel. And the staff was rude.", "date": "16 Sep 2022", "rating": {"bg_color": "#feba00", "title": "2"}}, {"user_name": "Sai Ram", "user_image": "usr.image", "review_text": "Maintenance.Staffing", "date": "02 Jul 2022", "rating": {"bg_color": "#feba00", "title": "2"}}, {"user_name": "Shruta Saralaya", "user_image": "usr.image", "review_text": "The staff were rude and they took more charges than what was given, they did not allow us to check in early even though we reach around the check in time mentioned in our bill . They took 800 more for just checking in 1 hour before", "date": "02 Jul 2022", "rating": {"bg_color": "#feba00", "title": "2"}}, {"user_name": "Davis Paul", "user_image": "usr.image", "review_text": "Very bad", "date": "29 Mar 2023", "rating": {"bg_color": "#ff4742", "title": "1"}}, {"user_name": "Dasaganipalle Srinivasulu", "user_image": "usr.image", "review_text": "don\u2019t go for this type of room stay irrespective of your work. this is comes utter &amp; local staff maintaining with no common sense. worst service.nothing to link", "date": "29 Mar 2023", "rating": {"bg_color": "#ff4742", "title": "1"}}]}}, {"data": {"title": "149 Verified Reviews", "rating_data": {"title": "4.0", "bg_color": "#58ac00", "tag": "Very Good", "subtitle": "731 ratings on verified stays by guests"}, "sort_options": [{"type": "date-high", "title": "Recent reviews"}, {"type": "rating-high", "title": "High to low ratings"}, {"type": "rating-low", "title": "Low to high ratings"}], "is_last": true, "reviews": [{"user_name": "XXX XXX", "user_image": "usr.image", "review_text": "Hi team, I\u2019ve booked the hotel for 759\u20b9 and paid it through Gpay, but during the time of check-in the hotel receptionist demanded and additional cost of 401\u20b9 stating that they tariff is of 1200\u20b9. \nIt seems to be unfair. if oyo is not capable to provide the room for the mentioned price its better not to publish the discounts.", "date": "11 Mar 2023", "rating": {"bg_color": "#ff4742", "title": "1"}}, {"user_name": "S JAGADISH", "user_image": "usr.image", "review_text": "Asked extra money", "date": "11 Mar 2023", "rating": {"bg_color": "#ff4742", "title": "1"}}, {"user_name": "Natraj", "user_image": "usr.image", "review_text": "Reception behaviour was bad... Face was like dicccck", "date": "14 Jan 2023", "rating": {"bg_color": "#ff4742", "title": "1"}}, {"user_name": "Muhammed unaiz", "user_image": "usr.image", "review_text": "I can't check in even i paid advance,", "date": "13 Jan 2023", "rating": {"bg_color": "#ff4742", "title": "1"}}, {"user_name": "Akash Selvakrishnan", "user_image": "usr.image", "review_text": "Charged extra from hotelThere is a room and a hall and a bathroom. The room has facilities like water filter and refrigerator etc..spacious rooms.We had to pay extra to the hotel. The price in booking.com was just 690 and the price hotel charged was 1200 .they dint give soap nd towel", "date": "11 Jan 2023", "rating": {"bg_color": "#ff4742", "title": "1"}}, {"user_name": "Anirudh Sood", "user_image": "usr.image", "review_text": "Manager charged over and above the payment done via oyo app", "date": "11 Jan 2023", "rating": {"bg_color": "#ff4742", "title": "1"}}, {"user_name": "Anirudh Sood", "user_image": "usr.image", "review_text": "Manager will demand extra amount apart from the one mentioned on OYO app at the time of booking.", "date": "08 Jan 2023", "rating": {"bg_color": "#ff4742", "title": "1"}}, {"user_name": "Anand", "user_image": "usr.image", "review_text": "Booked a room for 3N cost around 2334 in the app and I planned to pay the same when i check in. At the time of check-in the receptionist asked me to pay 3300 for the same. As I travelled a long distance, I was dehydrated and was not in a position to look for other options. So, I agreed to pay him the same he mentioned. Later, in the app it is mentioned that I paid only the amount which was mentioned earlier. The following day I came to know that there was no complementary breakfast as mentioned", "date": "07 Jan 2023", "rating": {"bg_color": "#ff4742", "title": "1"}}, {"user_name": "Ranjith", "user_image": "usr.image", "review_text": "He aske extra 1000 rs, he behave badly.", "date": "01 Jan 2023", "rating": {"bg_color": "#ff4742", "title": "1"}}, {"user_name": "Ganesh Sura", "user_image": "usr.image", "review_text": "Owner asked 2000 per day. I had to stay for my work.", "date": "28 Dec 2022", "rating": {"bg_color": "#ff4742", "title": "1"}}, {"user_name": "ahmed", "user_image": "usr.image", "review_text": "Horrible experience. There were no amenities provided. The sheets were not clean. TV doesn't work and when asked for it was told have to wait for the manager to get it logged in. No hot water for the bath. Breakfast was not given which is clearly told will be provided on the app. Horrible experience so far. Had to check out early as I was not able to stay any longer.", "date": "15 Dec 2022", "rating": {"bg_color": "#ff4742", "title": "1"}}, {"user_name": "Ramamoorthy", "user_image": "usr.image", "review_text": "Hotel charged extra 600 rulees", "date": "13 Dec 2022", "rating": {"bg_color": "#ff4742", "title": "1"}}, {"user_name": "lingaraju", "user_image": "usr.image", "review_text": "I booked as per in oyo app showing amount through online after I went to check in staff collected again Rs 600 \nSo i would request to guys don't choose this property", "date": "12 Dec 2022", "rating": {"bg_color": "#ff4742", "title": "1"}}, {"user_name": "Gowtham M", "user_image": "usr.image", "review_text": "Oyo shows different money and hotel is charging different money. OYO - 713 , Hotel - 1200. Also, \nOYO mentioned breakfast compliment and no break fast in hotel. We paid 1000 extra from online booking. \n\nPlease refund the extra if possible.", "date": "10 Dec 2022", "rating": {"bg_color": "#ff4742", "title": "1"}}, {"user_name": "Athar Jaweed", "user_image": "usr.image", "review_text": "Room Rates are not real !! Very disappointed \nIt was showing 799 online to pay but receptionisy denied that amount and forced to pay 1200 saying it is oyo's mistake .Bever faced this kind of embarassment .Poor coordination by oyo", "date": "10 Dec 2022", "rating": {"bg_color": "#ff4742", "title": "1"}}, {"user_name": "Nawaz", "user_image": "usr.image", "review_text": "I booked oyo for the first time... As i was the first time user i got huge discounts from OYO...  I was suppose to pay 649 after all discounts... However, while checking in the hotel incharge demanded me to pay INR 1200/- if not go to some other hotel... As it was an embarrassing situation with my wife... I paid him INR 1200/- via phonepe and when i asked him bill he denied bill as well... I have transaction phonepe transaction details and bank statement as a proof. This  kind of hotels will spoil OYO reputation.", "date": "06 Dec 2022", "rating": {"bg_color": "#ff4742", "title": "1"}}, {"user_name": "Ismail Zabiulla", "user_image": "usr.image", "review_text": "Hotel charged extra amount tha the booking amount.", "date": "05 Dec 2022", "rating": {"bg_color": "#ff4742", "title": "1"}}, {"user_name": "Gurunaresh Molaganuru", "user_image": "usr.image", "review_text": "Nothing I liked , staff was pathetic.I don&#39;t understand why thy collecting extra money from everyone, I have seen thy collected double the amount from atleast 4 ppl during my checkout", "date": "03 Dec 2022", "rating": {"bg_color": "#ff4742", "title": "1"}}, {"user_name": "Sahil", "user_image": "usr.image", "review_text": "They asked for extra money the overall amount which i paid is 1200", "date": "03 Dec 2022", "rating": {"bg_color": "#ff4742", "title": "1"}}, {"user_name": "Anushree chaudhari", "user_image": "usr.image", "review_text": "The staff was rude and non cooperative\nRooms were not clean\nWifi access was denied\nHad to pay extra charges after reaching the hotel", "date": "03 Dec 2022", "rating": {"bg_color": "#ff4742", "title": "1"}}, {"user_name": "Devaraju B", "user_image": "usr.image", "review_text": "booked for 560rs by Booking.com but charged 1200rs.", "date": "03 Dec 2022", "rating": {"bg_color": "#ff4742", "title": "1"}}, {"user_name": "Sujoy Kumar", "user_image": "usr.image", "review_text": "Already explained. Not a good reflection for Booking.comExtra charges than what was quoted by Booking.com &amp; paid - this is unprofessional &amp; taking advantage of situation, against all ethics.", "date": "17 Nov 2022", "rating": {"bg_color": "#ff4742", "title": "1"}}, {"user_name": "Kiran Bhargav", "user_image": "usr.image", "review_text": "Worst experienceNothing.Rube behaviour from staff. No cleanliness and demanded extra amount.", "date": "16 Nov 2022", "rating": {"bg_color": "#ff4742", "title": "1"}}, {"user_name": "Jhancy Mary", "user_image": "usr.image", "review_text": "after we reached the property they were saying its not available all rooms are booked that too at night which was really bad experience \nwe had to again travel to another property at that time", "date": "09 Nov 2022", "rating": {"bg_color": "#ff4742", "title": "1"}}, {"user_name": "Abhimanyu RJ", "user_image": "usr.image", "review_text": "Reception staff was not at all cooprative, was rude. service was pathetic, dirty linens , rude staff, every tike tgey charge more whenever i booked .", "date": "21 Oct 2022", "rating": {"bg_color": "#ff4742", "title": "1"}}, {"user_name": "Agni Advani", "user_image": "usr.image", "review_text": "Very very very dirty place. I didn\u2019t even stay there for a minute. Food stain on blankets, other stains on bed sheet, blood stain on pillow, omg. Worst experience ever. Literally traumatising. Never using oyo ever again. First and the last experience.", "date": "18 Oct 2022", "rating": {"bg_color": "#ff4742", "title": "1"}}, {"user_name": "Sk Shanti", "user_image": "usr.image", "review_text": "Room was good but the room manager took 520 rupees extra. When I booked room that time it shows 726 rupees it's enough for one day room rent but when I reached there and show them my booking status then manager said it's very less amount for room. So he took 520 rupees extra from me. Total he took 1246 rupees whereas I book room as 726 rupees. That's why I would like to tell to all customers that please don't book room through Oyo ap go to the hotel directly and book your room atleast you'll confirm that how much rupees you've to give for room. I'm very unsatisfied for this extra money.", "date": "17 Oct 2022", "rating": {"bg_color": "#ff4742", "title": "1"}}, {"user_name": "Anujith", "user_image": "usr.image", "review_text": "No wifi, asked to pay extra", "date": "17 Oct 2022", "rating": {"bg_color": "#ff4742", "title": "1"}}, {"user_name": "Sunil", "user_image": "usr.image", "review_text": "Scam Scam Scam..!!!! Worst Experience ever..! Don't waste your time for booking this hotel. I have booked this hotel through Oyo Rooms and paid the total amount through online only. But during check-in time the receptionist started behaving aggressively and demanded for extra money which was more than the double the amount I paid priorly through Oyo. We tried contacting Oyo customer care which turned out to be useless. Later even after paying double the amount the service was very bad. They were not even providing towel, soap etc after calling the receptionist 3 times. It took him half an hour to respond. Even the bed sheets, pillow covers were just so dirty. The room was not even worth the amount we paid through Oyo and I ended up paying double for it since it was late night. With this attitude no customers will have good experience. I request the hotel owner to sought this out and remove the receptionist from the job.", "date": "11 Oct 2022", "rating": {"bg_color": "#ff4742", "title": "1"}}, {"user_name": "Deepal Bhatnagar", "user_image": "usr.image", "review_text": "Didn\u2019t let me checked it for paying on oyo app. Asked exra amount. Despite me being a six months pregnant lady who already booked and paid this stay the property manager didn\u2019t even let me checkedin and told me if o dont pay 1k-2k extra he wont allow. Horrible person", "date": "02 Oct 2022", "rating": {"bg_color": "#ff4742", "title": "1"}}, {"user_name": "Anwar Khan", "user_image": "usr.image", "review_text": "Worst .they asked extra money at the time of check in", "date": "17 Sep 2022", "rating": {"bg_color": "#ff4742", "title": "1"}}, {"user_name": "JAGANATHA N V", "user_image": "usr.image", "review_text": "The price was showing on thag day when i have taken room that hotel manager charged me double like 1250 rupees actually price was 615 rupees only ...dnt book this hotel ..its very pathatic..... Zero rating", "date": "04 Sep 2022", "rating": {"bg_color": "#ff4742", "title": "1"}}, {"user_name": "Sadiq", "user_image": "usr.image", "review_text": "Doesn't let the food delivery people take the food to the room nor the receptionist is good, very rude behaviour.\nThey charged 400rs extra.", "date": "03 Sep 2022", "rating": {"bg_color": "#ff4742", "title": "1"}}, {"user_name": "Vishnu", "user_image": "usr.image", "review_text": "As I have booked through App for 1640/- rupees , and when I have check in they have taken 2480/- where 800 extra money. They are not allowed to check in without paying the total 2480/- money. I have paid the total amount with extra money 2480/- and checked in. Wrost experience.", "date": "30 Aug 2022", "rating": {"bg_color": "#ff4742", "title": "1"}}, {"user_name": "Akhil", "user_image": "usr.image", "review_text": "Staff is really very very arrogant, don't have manners to talk, they dont come for cleaning the rooms if one stays more then a day, starting of one day they provided tea later not even that, they don't accept online pay and ask for more payment when it is done offline, near by place is really very bad one would be afraid to go out and lastly place is very suffocating.", "date": "19 Aug 2022", "rating": {"bg_color": "#ff4742", "title": "1"}}, {"user_name": "Aditya Sahu", "user_image": "usr.image", "review_text": "Staff behaviour is very rude. The hotel does offer tea/ coffee facility for morning even paid service is not available.The towel was also not available. They charged us even after oyo bookings for which no bill was provide.\nOverall worst experience.", "date": "16 Aug 2022", "rating": {"bg_color": "#ff4742", "title": "1"}}, {"user_name": "Kumar Varatharaju", "user_image": "usr.image", "review_text": "they charged more than prove at OYO  not accepting OYO pricevery clam place.they charged more than prove at OYO nnot accepting OYO price", "date": "10 Aug 2022", "rating": {"bg_color": "#ff4742", "title": "1"}}, {"user_name": "Singh Harpreet", "user_image": "usr.image", "review_text": "badnothing worst hotel.rude management, abusive he cussed a lot. charged lot of extra amount.  Behaviour is inappropriate. AC not working", "date": "09 Aug 2022", "rating": {"bg_color": "#ff4742", "title": "1"}}, {"user_name": "Joseph George", "user_image": "usr.image", "review_text": "I pre booked the hotel through Oyo website and the final amount was paid. When I reached hotel they asked me to pay another 900 rupees extra and forced me to pay else room will be cancelled. I paid. They even told to call and tell Oyo customer care about this and informed that this how the booking actually does.\nAbout the room\nWe didn't get hot water. Even after several reminders they didn't fix the issue.\nThe next day we were asked to go to another room for taking bath. It was like dormetry feeling.\nThe staff was very unsupportive also.\nThink twice before taking this room", "date": "30 Jul 2022", "rating": {"bg_color": "#ff4742", "title": "1"}}, {"user_name": "Diksha Jagadale", "user_image": "usr.image", "review_text": "The Oyo customer service haven't refunded the refund for this booking. The worst customer service experience.", "date": "30 Jul 2022", "rating": {"bg_color": "#ff4742", "title": "1"}}, {"user_name": "Saurabh Gupta", "user_image": "usr.image", "review_text": "Worst ever experience till now in Oyo, it's a nightmare. Manger is very arrogant and indiscipline, he charged me extra money also after paying to Oyo online, I have waited for 1 hrs there in Oyo. Worst check in experience at that time I was helpless and clueless but these guys are making money by putting customer in trouble, he also insulted me in front of my friend. I called so many times to customer care of Oyo but didn't get proper response and resolution. My recommendation to Oyo is please delist this property, they are not eligible for customer service.", "date": "25 Jul 2022", "rating": {"bg_color": "#ff4742", "title": "1"}, "user_image_feedback_list": [{"image_name": "IMG_20220724_173015233577f5c48-b882-43f9-a68c-a5c710028f28.jpg", "image_url": "https://images.oyoroomscdn.com/ugc-feedback-uploads/IMG_20220724_173015233577f5c48-b882-43f9-a68c-a5c710028f28.jpg", "type": "jpg", "uploaded_at": "2022-07-25", "image_id": "100511"}, {"image_name": "IMG_20220724_1730181655ed78685-9866-459e-89cf-2740d30c07c0.jpg", "image_url": "https://images.oyoroomscdn.com/ugc-feedback-uploads/IMG_20220724_1730181655ed78685-9866-459e-89cf-2740d30c07c0.jpg", "type": "jpg", "uploaded_at": "2022-07-25", "image_id": "100512"}, {"image_name": "IMG_20220724_173027026c7c900c5-5810-45f8-b530-fb6f993826ee.jpg", "image_url": "https://images.oyoroomscdn.com/ugc-feedback-uploads/IMG_20220724_173027026c7c900c5-5810-45f8-b530-fb6f993826ee.jpg", "type": "jpg", "uploaded_at": "2022-07-25", "image_id": "100510"}]}, {"user_name": "Sourav Maity", "user_image": "usr.image", "review_text": "Pathetic Service on the part of hotel as well as Oyo. First of all if the hotels don't agree with the offers of Oyos why do they give coupouns ads related to that hotel. After travelling for 2 days it's not easy to jump from hotel to hotel after the hotel deny access to rooms. Pathetic behaviour by the manager denying us and returning the money stating they don't book rooms at that rate. If they don't then why have they advertised on other sites as well. It's simple harrasment on the part of the hotel. Charged 400 fir early checkin and 1000 extra for room. Being super tired from train journey I had no choice but y\nTo give the money. Thus I would ask both Oyo and the hotel management not to give offer coupouns for those hotels who can't fulfill it. \nAs far as room was concerned room was good and spacious with water supply. No hot water was available though. Other amenities were good. Ac current was switched off at times. Wifi stopped working after 10 pm.", "date": "25 Jul 2022", "rating": {"bg_color": "#ff4742", "title": "1"}}, {"user_name": "vijay", "user_image": "usr.image", "review_text": "good", "date": "16 Jul 2022", "rating": {"bg_color": "#ff4742", "title": "1"}}, {"user_name": "Aaina", "user_image": "usr.image", "review_text": "very disgustng service they guy in reception pathetic behaviour plz dnt go to their hotel", "date": "12 Jul 2022", "rating": {"bg_color": "#ff4742", "title": "1"}}, {"user_name": "Nirmal", "user_image": "usr.image", "review_text": "The reception by the manager was very bad and he demanded we pay extra just to stay in the place. The rudeness was appalling and not something which is good for OYO. Kindly look into this matter if OYO is providing discounts then that should be honoured by the properties as well.", "date": "04 Jul 2022", "rating": {"bg_color": "#ff4742", "title": "1"}}, {"user_name": "Akki", "user_image": "usr.image", "review_text": "they asked us to pay extra.", "date": "01 Jul 2022", "rating": {"bg_color": "#ff4742", "title": "1"}}, {"user_name": "Usha", "user_image": "usr.image", "review_text": "The geyser and tv didnt work at all the and the staff didn\u2019t even bother to help/repair. Pathetic service", "date": "26 Jun 2022", "rating": {"bg_color": "#ff4742", "title": "1"}}, {"user_name": "Ram", "user_image": "usr.image", "review_text": "worst management", "date": "20 Jun 2022", "rating": {"bg_color": "#ff4742", "title": "1"}}]}}]