[{"data": {"title": "61 Verified Reviews", "rating_data": {"title": "4.5", "bg_color": "#3d8000", "tag": "Excellent", "subtitle": "169 ratings on verified stays by guests"}, "sort_options": [{"type": "date-high", "title": "Recent reviews"}, {"type": "rating-high", "title": "High to low ratings"}, {"type": "rating-low", "title": "Low to high ratings"}], "is_last": true, "reviews": [{"user_name": "Saurabh Ahlawat", "user_image": "usr.image", "date": "17 May 2023", "rating": {"bg_color": "#346000", "title": "5"}, "user_image_feedback_list": [{"image_name": "Screenshot_20230517-231230a7773955-cec3-423d-8c8a-459a87209a27.png", "image_url": "https://images.oyoroomscdn.com/ugc-feedback-uploads/Screenshot_20230517-231230a7773955-cec3-423d-8c8a-459a87209a27.png", "type": "png", "uploaded_at": "2023-05-17", "image_id": "203605"}, {"image_name": "Screenshot_20230517-231133180685af-f6cf-4005-a865-9e7a3b27616d.png", "image_url": "https://images.oyoroomscdn.com/ugc-feedback-uploads/Screenshot_20230517-231133180685af-f6cf-4005-a865-9e7a3b27616d.png", "type": "png", "uploaded_at": "2023-05-17", "image_id": "203604"}]}, {"user_name": "Sanjay Raj", "user_image": "usr.image", "review_text": "Good", "date": "15 Mar 2023", "rating": {"bg_color": "#346000", "title": "5"}}, {"user_name": "Deepak Garg", "user_image": "usr.image", "review_text": "Good", "date": "01 Mar 2023", "rating": {"bg_color": "#346000", "title": "5"}}, {"user_name": "Madhukar Pandey", "user_image": "usr.image", "review_text": "Good", "date": "27 Feb 2023", "rating": {"bg_color": "#346000", "title": "5"}}, {"user_name": "Chandan", "user_image": "usr.image", "review_text": "Good", "date": "27 Feb 2023", "rating": {"bg_color": "#346000", "title": "5"}}, {"user_name": "mahantesh", "user_image": "usr.image", "review_text": "Good", "date": "20 Feb 2023", "rating": {"bg_color": "#346000", "title": "5"}}, {"user_name": "nandhu", "user_image": "usr.image", "review_text": "nice", "date": "25 Jan 2023", "rating": {"bg_color": "#346000", "title": "5"}}, {"user_name": "Adhi", "user_image": "usr.image", "review_text": "Good", "date": "15 Jan 2023", "rating": {"bg_color": "#346000", "title": "5"}}, {"user_name": "nandhu", "user_image": "usr.image", "review_text": "nice", "date": "14 Jan 2023", "rating": {"bg_color": "#346000", "title": "5"}}, {"user_name": "Vindhyesh", "user_image": "usr.image", "review_text": "Good", "date": "07 Jan 2023", "rating": {"bg_color": "#346000", "title": "5"}}, {"user_name": "Vinayaka", "user_image": "usr.image", "review_text": "Good", "date": "07 Jan 2023", "rating": {"bg_color": "#346000", "title": "5"}}, {"user_name": "Swarnadeep", "user_image": "usr.image", "review_text": "Nice", "date": "05 Jan 2023", "rating": {"bg_color": "#346000", "title": "5"}}, {"user_name": "Raghavendra", "user_image": "usr.image", "review_text": "Good", "date": "03 Jan 2023", "rating": {"bg_color": "#346000", "title": "5"}}, {"user_name": "Abul kalam", "user_image": "usr.image", "review_text": "Good", "date": "03 Jan 2023", "rating": {"bg_color": "#346000", "title": "5"}}, {"user_name": "Ramamurthy K", "user_image": "usr.image", "review_text": "Good", "date": "02 Jan 2023", "rating": {"bg_color": "#346000", "title": "5"}}, {"user_name": "THEJAS VK", "user_image": "usr.image", "review_text": "Good", "date": "02 Jan 2023", "rating": {"bg_color": "#346000", "title": "5"}}, {"user_name": "Manju N", "user_image": "usr.image", "review_text": "Nice", "date": "02 Jan 2023", "rating": {"bg_color": "#346000", "title": "5"}}, {"user_name": "Umesh", "user_image": "usr.image", "review_text": "Good", "date": "02 Jan 2023", "rating": {"bg_color": "#346000", "title": "5"}}, {"user_name": "Sufi", "user_image": "usr.image", "review_text": "Nice hotel", "date": "02 Jan 2023", "rating": {"bg_color": "#346000", "title": "5"}}, {"user_name": "Girish K", "user_image": "usr.image", "review_text": "Good", "date": "02 Jan 2023", "rating": {"bg_color": "#346000", "title": "5"}}, {"user_name": "Om Prakash", "user_image": "usr.image", "review_text": "Good", "date": "25 Dec 2022", "rating": {"bg_color": "#346000", "title": "5"}}, {"user_name": "Charan", "user_image": "usr.image", "review_text": "Good Rooms and better service", "date": "25 Dec 2022", "rating": {"bg_color": "#346000", "title": "5"}}, {"user_name": "Kunal Majumder", "user_image": "usr.image", "review_text": "Good hotel to stay in a very cheap price through OYO.", "date": "23 Dec 2022", "rating": {"bg_color": "#346000", "title": "5"}}, {"user_name": "917899800255", "user_image": "usr.image", "review_text": "Good all", "date": "22 Dec 2022", "rating": {"bg_color": "#346000", "title": "5"}}, {"user_name": "puneeth", "user_image": "usr.image", "review_text": "Nice", "date": "21 Dec 2022", "rating": {"bg_color": "#346000", "title": "5"}}, {"user_name": "fazi", "user_image": "usr.image", "review_text": "Good", "date": "18 Dec 2022", "rating": {"bg_color": "#346000", "title": "5"}}, {"user_name": "Kalyan Reddy", "user_image": "usr.image", "review_text": "Good service", "date": "18 Dec 2022", "rating": {"bg_color": "#346000", "title": "5"}}, {"user_name": "Akshay.rao.m", "user_image": "usr.image", "review_text": "Clean and hygienic room \nHad fun:)", "date": "18 Dec 2022", "rating": {"bg_color": "#346000", "title": "5"}}, {"user_name": "Kumarck Kumar", "user_image": "usr.image", "review_text": "Good", "date": "17 Dec 2022", "rating": {"bg_color": "#346000", "title": "5"}}, {"user_name": "SATYA Bishetti", "user_image": "usr.image", "review_text": "Good", "date": "16 Dec 2022", "rating": {"bg_color": "#346000", "title": "5"}}, {"user_name": "nandhu", "user_image": "usr.image", "review_text": "good hotel", "date": "27 Jul 2022", "rating": {"bg_color": "#346000", "title": "5"}}, {"user_name": "Faisal", "user_image": "usr.image", "review_text": "Good", "date": "13 Jul 2022", "rating": {"bg_color": "#346000", "title": "5"}}, {"user_name": "Monishyadav", "user_image": "usr.image", "review_text": "Good", "date": "09 Jul 2022", "rating": {"bg_color": "#346000", "title": "5"}}, {"user_name": "Satyam Diwedi", "user_image": "usr.image", "review_text": "I was not expecting a hotel to be this bad. When I arrived, the room was not so good, but with the AC working but no fan at all. The TV was also not working properly. The room itself was 1100 more than what I expected to pay for & there were several other issues that I would like to raise with them.", "date": "09 Jul 2022", "rating": {"bg_color": "#346000", "title": "5"}}, {"user_name": "Sumit Kumar", "user_image": "usr.image", "review_text": "I had a terrible stay at this hotel. Upon check-in, I was charged an extra 1000 rupees. However, the room was good and come furnished with a tv, ac, and wifi.", "date": "07 Jul 2022", "rating": {"bg_color": "#346000", "title": "5"}}, {"user_name": "Arafa Rasheed", "user_image": "usr.image", "review_text": "Good management job mr .Nanditha", "date": "05 Jul 2022", "rating": {"bg_color": "#346000", "title": "5"}}, {"user_name": "Cvk", "user_image": "usr.image", "review_text": "excellent", "date": "15 Jun 2022", "rating": {"bg_color": "#346000", "title": "5"}}, {"user_name": "Soni", "user_image": "usr.image", "review_text": "I stayed at this hotel for a night and it was a great stay experience. But, I paid an extra amount of Rs400, check-in was not smooth, all facility was there, staff was friendly.", "date": "12 Jun 2022", "rating": {"bg_color": "#346000", "title": "5"}}, {"user_name": "shivu", "user_image": "usr.image", "review_text": "My stay was excellent at this hotel and the staff were really polite. The location was easy to find and well-maintained, and the room service was awesome. I had a great experience here.", "date": "12 Jun 2022", "rating": {"bg_color": "#346000", "title": "5"}}, {"user_name": "Abdul Sawad", "user_image": "usr.image", "review_text": "Good and neat rooms", "date": "12 Jan 2023", "rating": {"bg_color": "#58ac00", "title": "4"}}, {"user_name": "Ganesh", "user_image": "usr.image", "review_text": "Pleasant stay", "date": "23 Dec 2022", "rating": {"bg_color": "#58ac00", "title": "4"}}, {"user_name": "Harish", "user_image": "usr.image", "review_text": "Room cleaning", "date": "20 Jul 2022", "rating": {"bg_color": "#58ac00", "title": "4"}}, {"user_name": "Sudhagar Ram", "user_image": "usr.image", "review_text": "hotel is good.. one small thing is they do not provide iron box.", "date": "22 Jun 2022", "rating": {"bg_color": "#58ac00", "title": "4"}}, {"user_name": "Gowtham", "user_image": "usr.image", "review_text": "They charge extra amount when u pay full amount in app.", "date": "03 Apr 2023", "rating": {"bg_color": "#feba00", "title": "2"}}, {"user_name": "Ramees Bakker", "user_image": "usr.image", "review_text": "No eminities at all, and not enough towels, no fan, no a/c remote available.", "date": "22 Mar 2023", "rating": {"bg_color": "#feba00", "title": "2"}}, {"user_name": "Danish Akoijam", "user_image": "usr.image", "review_text": "Asked for extra  money when checking in", "date": "22 Jun 2022", "rating": {"bg_color": "#feba00", "title": "2"}}, {"user_name": "Hrishikesh Sajan", "user_image": "usr.image", "review_text": "They charged is extra than the already paid amount. They had also cut off the power due to late check out and didn't inform us of checkout time .", "date": "29 Apr 2023", "rating": {"bg_color": "#ff4742", "title": "1"}}, {"user_name": "KVamsee", "user_image": "usr.image", "review_text": "Worst service. Ac doesn't work TV doesn't work. Very bad room service", "date": "02 Apr 2023", "rating": {"bg_color": "#ff4742", "title": "1"}}, {"user_name": "Anju Sam", "user_image": "usr.image", "review_text": "We inform the hotel tht we will check in late unnecessarily they were arguing....after a long flight this behaviour was annoying", "date": "01 Apr 2023", "rating": {"bg_color": "#ff4742", "title": "1"}}, {"user_name": "siddharth majati", "user_image": "usr.image", "review_text": "Not Good.Rude and Ugly", "date": "18 Mar 2023", "rating": {"bg_color": "#ff4742", "title": "1"}}, {"user_name": "Anoob C", "user_image": "usr.image", "review_text": "No complimentary break fast,no tooth brush and paste, no tea / coffee bag.....", "date": "17 Mar 2023", "rating": {"bg_color": "#ff4742", "title": "1"}}, {"user_name": "Vishal Dhameliya", "user_image": "usr.image", "review_text": "Very bad experience , after booking not provide right room and ask for extra money . 5 hour wait for check in", "date": "09 Mar 2023", "rating": {"bg_color": "#ff4742", "title": "1"}}, {"user_name": "Nayak Shyamprasad", "user_image": "usr.image", "review_text": "The restaurant&#47;bar  food was okay, but people were smoking hukka, and cigarettes???. The restaurant staff  were nice and attentive. Rooms doest have cupboard and very small for price they charge. They don&#39;t have proper car parking.On check-in, the receptionist demanded Inr 1200 extra and threatened me if not paid ,my booking would be canceled in spite of paying full payment in advance. It is a breach of trust and fraud by the hotel and complaining this with booking.com they replied to me that my claim was false in spite of providing proof. So I feel both are hand in glove of cheating customer&#39;s. So I recommend avoiding dealing with booking.com and Oyo they are not reliable.They have no control over the malpractice of Hotels you book.", "date": "08 Mar 2023", "rating": {"bg_color": "#ff4742", "title": "1"}}, {"user_name": "prasanth", "user_image": "usr.image", "review_text": "This is the worst hotel I have ever seen. The manager there will deny your check in telling Oyo is offering room for very low price and they don't have rooms at that price and will ask for extra money. If you call oyo customer care also they won't help they will say that they have only 2 options \n1) to shift to other property (which will be worst than this ) \n2) to refund the money \nI had the worst experience staying here", "date": "23 Feb 2023", "rating": {"bg_color": "#ff4742", "title": "1"}}, {"user_name": "Swaraj Rout", "user_image": "usr.image", "review_text": "1. The stay was not satisfactory. They made me pay extra 900 for the same room which i booked", "date": "23 Feb 2023", "rating": {"bg_color": "#ff4742", "title": "1"}}, {"user_name": "Manveer Singh", "user_image": "usr.image", "review_text": "Very bad experience, i didn't get invoice of stayed yet.", "date": "07 Jan 2023", "rating": {"bg_color": "#ff4742", "title": "1"}}, {"user_name": "Rachna", "user_image": "usr.image", "review_text": "Asked for extra money during check-in. Even though full money was paid through app. \nStaff act was inappropriate.", "date": "12 Jul 2022", "rating": {"bg_color": "#ff4742", "title": "1"}}, {"user_name": "Void", "user_image": "usr.image", "review_text": "please don't book via Oyo prices shown are different and the service is no good no breakfast . and don't expect service after 10.30 .Oyo and property owners are linked i guess making fools out of us asking us to pay more. if zero stars were there i would have chosen that . please don't go here", "date": "10 Jul 2022", "rating": {"bg_color": "#ff4742", "title": "1"}}, {"user_name": "Samar Dutta", "user_image": "usr.image", "review_text": "Never will go next timeNothing to mention.Everything including that i was blackmailed to pay morelify not working and me having arthritis was made to climb 2 floorsnOne item high cost breakfast and dinner", "date": "21 Jun 2022", "rating": {"bg_color": "#ff4742", "title": "1"}}, {"user_name": "KASHYAP BEDIYA", "user_image": "usr.image", "review_text": "Hotel Staff denied For Both Room at time of Chack in And not Give 2nd Room Till Chack out.", "date": "07 Jun 2022", "rating": {"bg_color": "#ff4742", "title": "1"}}, {"user_name": "Sreejith PR", "user_image": "usr.image", "review_text": "Notgoodforfamily", "date": "07 Jun 2022", "rating": {"bg_color": "#ff4742", "title": "1"}}]}}]