[{"data": {"title": "45 Verified Reviews", "rating_data": {"title": "3.3", "bg_color": "#8fc402", "tag": "Fair", "subtitle": "359 ratings on verified stays by guests"}, "sort_options": [{"type": "date-high", "title": "Recent reviews"}, {"type": "rating-high", "title": "High to low ratings"}, {"type": "rating-low", "title": "Low to high ratings"}], "is_last": true, "reviews": [{"user_name": "RAKESH K", "user_image": "usr.image", "date": "27 Feb 2023", "rating": {"bg_color": "#346000", "title": "5"}, "user_image_feedback_list": [{"image_name": "B4779AAF-D49E-4784-A451-32E86FE5050B8d4b52bc-b398-443b-a47b-922b58c1e1f9.jpeg", "image_url": "https://images.oyoroomscdn.com/ugc-feedback-uploads/B4779AAF-D49E-4784-A451-32E86FE5050B8d4b52bc-b398-443b-a47b-922b58c1e1f9.jpeg", "type": "jpeg", "uploaded_at": "2023-02-27", "image_id": "180540"}]}, {"user_name": "abhishek santu", "user_image": "usr.image", "review_text": "Good hotel with claen room clean bed", "date": "25 Feb 2023", "rating": {"bg_color": "#346000", "title": "5"}}, {"user_name": "Ranjith", "user_image": "usr.image", "review_text": "Very good and comfortable", "date": "13 Feb 2023", "rating": {"bg_color": "#346000", "title": "5"}}, {"user_name": "Dhanush M D", "user_image": "usr.image", "review_text": "Ambient is decent, receptionist make an responsible job", "date": "12 Feb 2023", "rating": {"bg_color": "#346000", "title": "5"}}, {"user_name": "AxaY", "user_image": "usr.image", "review_text": "Good accommodation, reception panel was humble and all the facilities were best and room were kept in good condition", "date": "18 Dec 2022", "rating": {"bg_color": "#346000", "title": "5"}}, {"user_name": "M Lingaraju", "user_image": "usr.image", "review_text": "Full satisfied", "date": "05 Nov 2022", "rating": {"bg_color": "#346000", "title": "5"}}, {"user_name": "Abhijit Shetty", "user_image": "usr.image", "review_text": "Good stay", "date": "29 Oct 2022", "rating": {"bg_color": "#346000", "title": "5"}}, {"user_name": "Shabeeb K", "user_image": "usr.image", "review_text": "Its ok", "date": "24 Oct 2022", "rating": {"bg_color": "#346000", "title": "5"}}, {"user_name": "Sheik Younus", "user_image": "usr.image", "review_text": "such a beautiful hotel, excellent food service, best room facilities,next time see it soon, Bangalore hotels are to be safe.", "date": "09 Oct 2022", "rating": {"bg_color": "#346000", "title": "5"}}, {"user_name": "Mattupalli KalyanKumar", "user_image": "usr.image", "review_text": "Asked extra money which is 3 times more than payed in OYO", "date": "02 Oct 2022", "rating": {"bg_color": "#346000", "title": "5"}}, {"user_name": "Adarsh kv", "user_image": "usr.image", "review_text": "Good", "date": "18 Jul 2022", "rating": {"bg_color": "#346000", "title": "5"}}, {"user_name": "Manaswini Choudhury", "user_image": "usr.image", "review_text": "best", "date": "07 Jun 2022", "rating": {"bg_color": "#346000", "title": "5"}}, {"user_name": "Vishwas Puri", "user_image": "usr.image", "review_text": "Great place and very helpful staff", "date": "01 Jun 2022", "rating": {"bg_color": "#346000", "title": "5"}}, {"user_name": "P K", "user_image": "usr.image", "date": "18 Jan 2023", "rating": {"bg_color": "#58ac00", "title": "4"}, "user_image_feedback_list": [{"image_name": "JPEG_20230118_174639_2665862936400317850b2f963f9-0d52-4a32-94a1-197d8ca0416b.jpg", "image_url": "https://images.oyoroomscdn.com/ugc-feedback-uploads/JPEG_20230118_174639_2665862936400317850b2f963f9-0d52-4a32-94a1-197d8ca0416b.jpg", "type": "jpg", "uploaded_at": "2023-01-18", "image_id": "168959"}, {"image_name": "JPEG_20230118_174752_8040795622576415843ca3fd29f-66c1-42d2-ba2f-7d97a3316852.jpg", "image_url": "https://images.oyoroomscdn.com/ugc-feedback-uploads/JPEG_20230118_174752_8040795622576415843ca3fd29f-66c1-42d2-ba2f-7d97a3316852.jpg", "type": "jpg", "uploaded_at": "2023-01-18", "image_id": "168960"}, {"image_name": "JPEG_20230118_174250_75067823671945309987c7aebd7-b6d8-4d44-adca-3d70e5afd8ff.jpg", "image_url": "https://images.oyoroomscdn.com/ugc-feedback-uploads/JPEG_20230118_174250_75067823671945309987c7aebd7-b6d8-4d44-adca-3d70e5afd8ff.jpg", "type": "jpg", "uploaded_at": "2023-01-18", "image_id": "168958"}]}, {"user_name": "pooja jain", "user_image": "usr.image", "review_text": "Room was clean.", "date": "18 Oct 2022", "rating": {"bg_color": "#58ac00", "title": "4"}}, {"user_name": "Verified guest", "user_image": "usr.image", "review_text": "Excellent hospitality", "date": "19 Jul 2022", "rating": {"bg_color": "#58ac00", "title": "4"}}, {"user_name": "Kavana R", "user_image": "usr.image", "review_text": "Nice", "date": "28 Jun 2022", "rating": {"bg_color": "#58ac00", "title": "4"}}, {"user_name": "Trollan Vichuz", "user_image": "usr.image", "review_text": "rooms was nice . \n tv was not working\nbathroom was not that much maintained\n\notherwise it was  a good stay", "date": "14 Jun 2022", "rating": {"bg_color": "#58ac00", "title": "4"}}, {"user_name": "Sreehari", "user_image": "usr.image", "date": "21 Dec 2022", "rating": {"bg_color": "#8fc402", "title": "3"}, "user_image_feedback_list": [{"image_name": "IMG_20221220_103524cef024af-4c12-4fb5-8a6f-ea4416c39f9c.jpg", "image_url": "https://images.oyoroomscdn.com/ugc-feedback-uploads/IMG_20221220_103524cef024af-4c12-4fb5-8a6f-ea4416c39f9c.jpg", "type": "jpg", "uploaded_at": "2022-12-21", "image_id": "157898"}, {"image_name": "IMG_20221220_103143ff660044-af66-43dc-a82d-dc18c4b4bdc9.jpg", "image_url": "https://images.oyoroomscdn.com/ugc-feedback-uploads/IMG_20221220_103143ff660044-af66-43dc-a82d-dc18c4b4bdc9.jpg", "type": "jpg", "uploaded_at": "2022-12-21", "image_id": "157899"}]}, {"user_name": "Unnikrishnan", "user_image": "usr.image", "review_text": "Food is not available,room service is poor,charge is more than that displays in Oyo, parking is not available", "date": "16 Dec 2022", "rating": {"bg_color": "#8fc402", "title": "3"}}, {"user_name": "Akram Pasha", "user_image": "usr.image", "review_text": "no car parking parking issue", "date": "18 Jul 2022", "rating": {"bg_color": "#8fc402", "title": "3"}}, {"user_name": "Krishna Gadi", "user_image": "usr.image", "review_text": "they are took the extra money I was booked in online but they were collect money extra to compare to online price Apart from  rooms are good", "date": "03 Jul 2022", "rating": {"bg_color": "#8fc402", "title": "3"}}, {"user_name": "sukumar Amuburu", "user_image": "usr.image", "review_text": "mo tv no AC no sanitization", "date": "10 Jun 2022", "rating": {"bg_color": "#8fc402", "title": "3"}}, {"user_name": "Aswin P", "user_image": "usr.image", "review_text": "1)hotel charged me extra 300 against my discounted rates\n2) did not provide water, towel or soap. 3)poor room service. 4) lights not working", "date": "24 Feb 2023", "rating": {"bg_color": "#feba00", "title": "2"}}, {"user_name": "Situn Patra", "user_image": "usr.image", "review_text": "He want extra money for booking.\nOyo get 1400 ...\nHe take extra 600", "date": "18 Dec 2022", "rating": {"bg_color": "#feba00", "title": "2"}}, {"user_name": "Chinna", "user_image": "usr.image", "review_text": "Very bad", "date": "12 Aug 2022", "rating": {"bg_color": "#feba00", "title": "2"}}, {"user_name": "Suhas M", "user_image": "usr.image", "review_text": "Found a cockroach in the room, there was no AC remote, No towels provided, No telephone contact any kind of service", "date": "19 Jun 2022", "rating": {"bg_color": "#feba00", "title": "2"}}, {"user_name": "Sri Abishek", "user_image": "usr.image", "review_text": "Waste of money ..", "date": "07 Jun 2022", "rating": {"bg_color": "#feba00", "title": "2"}}, {"user_name": "SatyaSundar Prusty", "user_image": "usr.image", "review_text": "ac and tv not working", "date": "07 Jun 2022", "rating": {"bg_color": "#feba00", "title": "2"}}, {"user_name": "Koushik R", "user_image": "usr.image", "review_text": "They charge high then the amount prepaid. If we not ready to pay they ask us to call oyo coustomer care and say you have not booked . Even after we paid online \n\nRooms are not clean \nCharged extra and didn\u2019t return security deposit amount too", "date": "17 Feb 2023", "rating": {"bg_color": "#ff4742", "title": "1"}}, {"user_name": "Sachin", "user_image": "usr.image", "review_text": "No hygiene at all full of hairs in bed room full of cobwebs no drinking water reception guy is very rude.. Cleanliness 0.1 corner to corner floor cleaning is very dirty", "date": "14 Feb 2023", "rating": {"bg_color": "#ff4742", "title": "1"}}, {"user_name": "Navitha", "user_image": "usr.image", "review_text": "Very Bad Behaviour and Room, They denied chekin asked for money. Bedroom and bathroom were awful. Ac not working. Room is full of cockroaches. When i call oyo service support. They also didn't gave me support. I have waited in launch for a time. After that i paid to get that room because its midnight time. Guys please dont book this room and trust oyo support.", "date": "18 Dec 2022", "rating": {"bg_color": "#ff4742", "title": "1"}}, {"user_name": "Deepak BS", "user_image": "usr.image", "review_text": "Firstly went to that location and asked abt the room ratings and all then reception counter boy told that we are not taking oyo bookings and we are not going to give for 400rs per room kindly book in offline we'll give rooms for 700 rs then we don't have any option to review also then we occupied and now we are complaining you abt rooms booking kindly check and don't misguide abt rooms we are very suffered like 3-4 times in 2 days u can check on cancelled bookings", "date": "14 Dec 2022", "rating": {"bg_color": "#ff4742", "title": "1"}}, {"user_name": "Faran Qureshi", "user_image": "usr.image", "review_text": "Nothing was good!! No remote for TV or Ac no room was stinking nothing was good it was just my bad day that I had trust Oyo...", "date": "14 Oct 2022", "rating": {"bg_color": "#ff4742", "title": "1"}}, {"user_name": "Arun", "user_image": "usr.image", "review_text": "Worst hotel, no water heater, \nBad room smell, didn't have water heater, distrubance of room service guy, ,", "date": "10 Oct 2022", "rating": {"bg_color": "#ff4742", "title": "1"}}, {"user_name": "khan", "user_image": "usr.image", "review_text": "He is taking to over charges and  very bad communication and very bad service", "date": "06 Oct 2022", "rating": {"bg_color": "#ff4742", "title": "1"}}, {"user_name": "Bharath Krish", "user_image": "usr.image", "review_text": "Its a worst hotel i have never seen before... Most worst thing is the staff. They are not good and not talking properly with us. total money of spending this hotel is waste... Rooms are dirty... Wash rooms are dirty and bad smell with in 2 hrs we just left that hotel.. Pls don't go to this hotel its a good suggestion from my side frnds.. Thanq", "date": "02 Oct 2022", "rating": {"bg_color": "#ff4742", "title": "1"}, "user_image_feedback_list": [{"image_name": "IMG_20221002_1841132da47485-4eb2-49bb-8fe4-f913f0fed204.jpg", "image_url": "https://images.oyoroomscdn.com/ugc-feedback-uploads/IMG_20221002_1841132da47485-4eb2-49bb-8fe4-f913f0fed204.jpg", "type": "jpg", "uploaded_at": "2022-10-02", "image_id": "128114"}, {"image_name": "IMG_20221002_1841253faf46a8-f5c6-4e12-be03-23e1e73800ca.jpg", "image_url": "https://images.oyoroomscdn.com/ugc-feedback-uploads/IMG_20221002_1841253faf46a8-f5c6-4e12-be03-23e1e73800ca.jpg", "type": "jpg", "uploaded_at": "2022-10-02", "image_id": "128113"}, {"image_name": "IMG_20221002_1841252e07d64f-0e4d-4daf-9ab4-ab56e7289954.jpg", "image_url": "https://images.oyoroomscdn.com/ugc-feedback-uploads/IMG_20221002_1841252e07d64f-0e4d-4daf-9ab4-ab56e7289954.jpg", "type": "jpg", "uploaded_at": "2022-10-02", "image_id": "128115"}]}, {"user_name": "Brahmananda", "user_image": "usr.image", "review_text": "Dey had given very dirty bedsheet no hygienic bad not well maintained room i never seen such a bad room", "date": "21 Aug 2022", "rating": {"bg_color": "#ff4742", "title": "1"}}, {"user_name": "Prannoy", "user_image": "usr.image", "review_text": "Very bad experience, even after being paid advanced and the hotel guys at midnight didn't accept and they are telling that it's cancelled..and it wasn't even cancelled. I don't even understand what kind of rules and terms you guys negotiate with the hotel. I wanted to give zero star, but your app doesn't allow for that. And no hot water was given(after multiple requests and fights with them they provided), they didn't even provide drinking water. When we were in need of urgent also. Worst of worst experience. \nKindly remove this from ur Oyo.", "date": "04 Aug 2022", "rating": {"bg_color": "#ff4742", "title": "1"}}, {"user_name": "Mohith", "user_image": "usr.image", "review_text": "worst management asks for extra fare and wen you deny he will check in and don't refund your payment made online while booking", "date": "04 Aug 2022", "rating": {"bg_color": "#ff4742", "title": "1"}}, {"user_name": "Ashna P", "user_image": "usr.image", "review_text": "Fan was not working, poor experience", "date": "18 Jul 2022", "rating": {"bg_color": "#ff4742", "title": "1"}}, {"user_name": "nikhil", "user_image": "usr.image", "review_text": "Completely unhygienic", "date": "12 Jul 2022", "rating": {"bg_color": "#ff4742", "title": "1"}}, {"user_name": "SREEDHARAN EK", "user_image": "usr.image", "review_text": "very bad experience", "date": "09 Jul 2022", "rating": {"bg_color": "#ff4742", "title": "1"}}, {"user_name": "Vishwanath", "user_image": "usr.image", "review_text": "I didnt egen stay at the hotel, its not available at the location and its been closed in the maps", "date": "08 Jun 2022", "rating": {"bg_color": "#ff4742", "title": "1"}}, {"user_name": "Krishna BhargavBS", "user_image": "usr.image", "review_text": "charged extra", "date": "06 Jun 2022", "rating": {"bg_color": "#ff4742", "title": "1"}}]}}]