[{"data": {"title": "15 Verified Reviews", "rating_data": {"title": "3.3", "bg_color": "#8fc402", "tag": "Fair", "subtitle": "105 ratings on verified stays by guests"}, "sort_options": [{"type": "date-high", "title": "Recent reviews"}, {"type": "rating-high", "title": "High to low ratings"}, {"type": "rating-low", "title": "Low to high ratings"}], "is_last": true, "reviews": [{"user_name": "Manish Sahani", "user_image": "usr.image", "review_text": "I have stayed here fir 3 days all rhings aee good but not that much nice they should work on their room makntainance and must provide hot water facility looking at the bengaluru weather it a must needed thing", "date": "31 Dec 2022", "rating": {"bg_color": "#346000", "title": "5"}}, {"user_name": "Manish Sahani", "user_image": "usr.image", "review_text": "Food is good but not in budget hot water is not there tv does not contain hindi channels staff is nice and everythings well", "date": "30 Dec 2022", "rating": {"bg_color": "#346000", "title": "5"}}, {"user_name": "Manish Sahani", "user_image": "usr.image", "review_text": "I have stayed here for about 16 hours the rooms were very clean the staff was also very good. HAS a good room service and no electricity  problem is there. Contains lift to go up and down. The hotel contains a bar also so for the partying also there is lot of space in it.", "date": "27 Dec 2022", "rating": {"bg_color": "#346000", "title": "5"}}, {"user_name": "n jayakrishna", "user_image": "usr.image", "review_text": "Room is excellent\nService mediam\nCheck in very speed", "date": "19 Dec 2022", "rating": {"bg_color": "#346000", "title": "5"}}, {"user_name": "DHANUSH", "user_image": "usr.image", "review_text": "Good", "date": "14 Dec 2022", "rating": {"bg_color": "#346000", "title": "5"}}, {"user_name": "Surendra Goud", "user_image": "usr.image", "review_text": "Good for stay\nCouple friendly\nOyo recommend\nGood restaurant\nNice place\nHospitality ok\nLocation is good", "date": "13 Dec 2022", "rating": {"bg_color": "#346000", "title": "5"}}, {"user_name": "Farheen Sarkar", "user_image": "usr.image", "review_text": "Good service in reasonable price", "date": "08 Dec 2022", "rating": {"bg_color": "#346000", "title": "5"}}, {"user_name": "Shrijith shankar", "user_image": "usr.image", "review_text": "Good experience", "date": "07 Dec 2022", "rating": {"bg_color": "#346000", "title": "5"}}, {"user_name": "Shrijith shankar", "user_image": "usr.image", "review_text": "Hi ..food was good large balcony is there ..if family members came family restaurant is there receptionist is very friendly person tq", "date": "28 Nov 2022", "rating": {"bg_color": "#346000", "title": "5"}}, {"user_name": "Surendra Goud", "user_image": "usr.image", "review_text": "Good but no wifi and no hot water", "date": "08 Dec 2022", "rating": {"bg_color": "#58ac00", "title": "4"}}, {"user_name": "Mohit Kumar", "user_image": "usr.image", "review_text": "Room was not clean. \nNo hot water in bathroom.\nBathroom flush was not working.\nNo hindi channels in TV", "date": "24 Dec 2022", "rating": {"bg_color": "#feba00", "title": "2"}}, {"user_name": "Pranjul Khatri", "user_image": "usr.image", "review_text": "The place doesn\u2019t allow outside food and then the in hotel restaurant charges exorbitant prices with a late delivery in the old 90\u2019s room with poor bathroom", "date": "10 Dec 2022", "rating": {"bg_color": "#feba00", "title": "2"}}, {"user_name": "Ashwajith Murthy", "user_image": "usr.image", "review_text": "They charged extra amount on booking", "date": "04 Jan 2023", "rating": {"bg_color": "#ff4742", "title": "1"}}, {"user_name": "Arnav Chauhan", "user_image": "usr.image", "review_text": "I was denied check-in and had to book a new room with extra money!! Worst hotel to stay in. Zero staff efficiency.", "date": "01 Jan 2023", "rating": {"bg_color": "#ff4742", "title": "1"}}, {"user_name": "XXX XXX", "user_image": "usr.image", "review_text": "Nothing is good. The way of treating, the room is not good. And they are not allowing outside food also, they're doing business in their own hotel and too costly. I know OYO how it will work but I am thinking about how OYO associated with these kind of hotels. Very bad experience.", "date": "31 Dec 2022", "rating": {"bg_color": "#ff4742", "title": "1"}}]}}]