[{"data": {"title": "69 Verified Reviews", "rating_data": {"title": "4.0", "bg_color": "#58ac00", "tag": "Very Good", "subtitle": "414 ratings on verified stays by guests"}, "sort_options": [{"type": "date-high", "title": "Recent reviews"}, {"type": "rating-high", "title": "High to low ratings"}, {"type": "rating-low", "title": "Low to high ratings"}], "is_last": true, "reviews": [{"user_name": "Mohammed Murtuza", "user_image": "usr.image", "review_text": "Wonder ful and clean", "date": "22 Apr 2023", "rating": {"bg_color": "#346000", "title": "5"}}, {"user_name": "Vivek Kumar", "user_image": "usr.image", "review_text": "Great hotel at affordable price", "date": "19 Feb 2023", "rating": {"bg_color": "#346000", "title": "5"}}, {"user_name": "arbaz", "user_image": "usr.image", "review_text": "App is good", "date": "10 Feb 2023", "rating": {"bg_color": "#346000", "title": "5"}, "user_image_feedback_list": [{"image_name": "Snapchat-85757139463e9f8ef-87b0-4fed-a180-ab0c82dfe925.jpg", "image_url": "https://images.oyoroomscdn.com/ugc-feedback-uploads/Snapchat-85757139463e9f8ef-87b0-4fed-a180-ab0c82dfe925.jpg", "type": "jpg", "uploaded_at": "2023-02-10", "image_id": "174462"}]}, {"user_name": "Satish", "user_image": "usr.image", "review_text": "Such a very good atmosphere and staff was very well everything is very well", "date": "08 Feb 2023", "rating": {"bg_color": "#346000", "title": "5"}}, {"user_name": "Reegan", "user_image": "usr.image", "review_text": "Very good", "date": "03 Feb 2023", "rating": {"bg_color": "#346000", "title": "5"}}, {"user_name": "jaideep", "user_image": "usr.image", "review_text": "Nice to stay at hotel. The staff was very cooperative. Easy to approach from railway station. Nearly 3km only", "date": "31 Jan 2023", "rating": {"bg_color": "#346000", "title": "5"}}, {"user_name": "Muhammad bilal", "user_image": "usr.image", "review_text": "Good service", "date": "09 Jan 2023", "rating": {"bg_color": "#346000", "title": "5"}}, {"user_name": "Anil Kumar", "user_image": "usr.image", "review_text": "Super", "date": "08 Jan 2023", "rating": {"bg_color": "#346000", "title": "5"}}, {"user_name": "Sayadsameer", "user_image": "usr.image", "review_text": "AWESOME", "date": "01 Jan 2023", "rating": {"bg_color": "#346000", "title": "5"}}, {"user_name": "SHRIDHAR", "user_image": "usr.image", "date": "19 Oct 2022", "rating": {"bg_color": "#346000", "title": "5"}, "user_image_feedback_list": [{"image_name": "JPEG_20221019_114827_2425455657898179923bfa5b616-1f62-4c78-bc89-2eaaef67f9b6.jpg", "image_url": "https://images.oyoroomscdn.com/ugc-feedback-uploads/JPEG_20221019_114827_2425455657898179923bfa5b616-1f62-4c78-bc89-2eaaef67f9b6.jpg", "type": "jpg", "uploaded_at": "2022-10-19", "image_id": "135628"}]}, {"user_name": "Kiran KumarN", "user_image": "usr.image", "review_text": "Good place to stay and welcoming staff", "date": "22 Sep 2022", "rating": {"bg_color": "#346000", "title": "5"}}, {"user_name": "Kiran KumarN", "user_image": "usr.image", "review_text": "Good Hospitality", "date": "05 Sep 2022", "rating": {"bg_color": "#346000", "title": "5"}}, {"user_name": "Vishal Dixit", "user_image": "usr.image", "review_text": "\"The hotel room was clean, nice and spacious. The staff were friendly and helpful. The location is just perfect for a walk.", "date": "05 Sep 2022", "rating": {"bg_color": "#346000", "title": "5"}}, {"user_name": "Vishal Dixit", "user_image": "usr.image", "review_text": "\"Great central location\nI stayed at Hotel Happy stay for a night, really enjoyed its location in the city centre where everything is within walking distance. The staff was very helpful, and the room was nice. I appreciated the luggage room option as well.\"", "date": "05 Sep 2022", "rating": {"bg_color": "#346000", "title": "5"}}, {"user_name": "Vishal Dixit", "user_image": "usr.image", "review_text": "It was a nice stay \ud83d\ude00", "date": "03 Sep 2022", "rating": {"bg_color": "#346000", "title": "5"}}, {"user_name": "Mohammed Arbaz", "user_image": "usr.image", "review_text": "Room was good", "date": "02 Sep 2022", "rating": {"bg_color": "#346000", "title": "5"}}, {"user_name": "Zahangir Hussain", "user_image": "usr.image", "review_text": "Room is Good, Silent area", "date": "26 Aug 2022", "rating": {"bg_color": "#346000", "title": "5"}}, {"user_name": "Vikrant Singh", "user_image": "usr.image", "review_text": "The rate on oyo is somewhere around 400 for this hotel but when you reach there they ask for more saying its not profitable for them and they have already asked oyo to remove their hotel from the app. I paid 600 for 24 hours. But the room they give you worth this much.. Spacious clean and silent. Very great for this price.", "date": "04 Aug 2022", "rating": {"bg_color": "#346000", "title": "5"}}, {"user_name": "Sandy", "user_image": "usr.image", "review_text": "The rooms are clean and people who work there are very hospitable but the location is inaccurate from the location that is in Google maps.", "date": "27 Jul 2022", "rating": {"bg_color": "#346000", "title": "5"}}, {"user_name": "Pooja", "user_image": "usr.image", "review_text": "It was awesome, the owner was polite and helpful.", "date": "24 Jul 2022", "rating": {"bg_color": "#346000", "title": "5"}}, {"user_name": "Vivek Raj", "user_image": "usr.image", "review_text": "I Really love the way they behave specially the help desk manager!! Faculties very quite good with beautiful wadrobe and sofas as well....... Cleaniness is their very first priority...... \u2764\u2764\u2764\u2764", "date": "23 Jul 2022", "rating": {"bg_color": "#346000", "title": "5"}, "user_image_feedback_list": [{"image_name": "JPEG_20220723_132228_32380120067043694412ae60cf9-36f8-4e38-a660-42285bf45403.jpg", "image_url": "https://images.oyoroomscdn.com/ugc-feedback-uploads/JPEG_20220723_132228_32380120067043694412ae60cf9-36f8-4e38-a660-42285bf45403.jpg", "type": "jpg", "uploaded_at": "2022-07-23", "image_id": "99585"}, {"image_name": "JPEG_20220723_132238_8538440224457516609a78bfa32-3d1f-45ad-990a-1b3ff2814ab9.jpg", "image_url": "https://images.oyoroomscdn.com/ugc-feedback-uploads/JPEG_20220723_132238_8538440224457516609a78bfa32-3d1f-45ad-990a-1b3ff2814ab9.jpg", "type": "jpg", "uploaded_at": "2022-07-23", "image_id": "99586"}, {"image_name": "JPEG_20220723_132254_88267966451260673364e97dba1-e70f-46a1-b644-bf4026c6ed5f.jpg", "image_url": "https://images.oyoroomscdn.com/ugc-feedback-uploads/JPEG_20220723_132254_88267966451260673364e97dba1-e70f-46a1-b644-bf4026c6ed5f.jpg", "type": "jpg", "uploaded_at": "2022-07-23", "image_id": "99588"}, {"image_name": "JPEG_20220723_132325_7163311332622970267a857419d-837a-4ee9-a231-372dd5158d72.jpg", "image_url": "https://images.oyoroomscdn.com/ugc-feedback-uploads/JPEG_20220723_132325_7163311332622970267a857419d-837a-4ee9-a231-372dd5158d72.jpg", "type": "jpg", "uploaded_at": "2022-07-23", "image_id": "99589"}, {"image_name": "JPEG_20220723_132247_941369738321833673476566c6-eeee-414d-b7be-5f1e6f2948f6.jpg", "image_url": "https://images.oyoroomscdn.com/ugc-feedback-uploads/JPEG_20220723_132247_941369738321833673476566c6-eeee-414d-b7be-5f1e6f2948f6.jpg", "type": "jpg", "uploaded_at": "2022-07-23", "image_id": "99587"}]}, {"user_name": "MOHAMMED IMRANR", "user_image": "usr.image", "review_text": "The rooms were clean, very comfortable, and the staff was amazing. They went over and beyond to help make our stay enjoyable. I highly recommend this hotel for anyone who are planning on a vacation.Overall, I had a great experience with the hotel staff was incredibly helpful, and the amenities were great. The room was wonderful, clean, and perfect.I have visited so many hotels, but none of them gave a satisfaction of living which your hotel gave us. And coming to the food it was healthy, tasty and delicious.\nAnd finally thanking you for giving us a better stay.....!", "date": "22 Jul 2022", "rating": {"bg_color": "#346000", "title": "5"}}, {"user_name": "Vignesh Elango", "user_image": "usr.image", "review_text": "Good", "date": "21 Jul 2022", "rating": {"bg_color": "#346000", "title": "5"}}, {"user_name": "Vivek Raj", "user_image": "usr.image", "review_text": "I loved each and everything here starting from help desk manager to rooms with fully furnished and well lit with a wadrobe and superbb faculty members as beautiful as facilities provided by them and overall food touched my heart specially named homely... \ud83e\udd70\ud83d\ude0d\ud83e\udd70\ud83d\ude0d", "date": "19 Jul 2022", "rating": {"bg_color": "#346000", "title": "5"}, "user_image_feedback_list": [{"image_name": "JPEG_20220719_195844_91900869610675348261747415f-8d3e-45ed-8bfe-cbc24f144d06.jpg", "image_url": "https://images.oyoroomscdn.com/ugc-feedback-uploads/JPEG_20220719_195844_91900869610675348261747415f-8d3e-45ed-8bfe-cbc24f144d06.jpg", "type": "jpg", "uploaded_at": "2022-07-19", "image_id": "98232"}, {"image_name": "JPEG_20220719_195815_8203742967040509878b8db55fd-111f-439f-b0c9-4fcb4014e843.jpg", "image_url": "https://images.oyoroomscdn.com/ugc-feedback-uploads/JPEG_20220719_195815_8203742967040509878b8db55fd-111f-439f-b0c9-4fcb4014e843.jpg", "type": "jpg", "uploaded_at": "2022-07-19", "image_id": "98229"}, {"image_name": "JPEG_20220719_195834_9081515797373958500af8a8e3d-c957-467d-845a-7698e7038877.jpg", "image_url": "https://images.oyoroomscdn.com/ugc-feedback-uploads/JPEG_20220719_195834_9081515797373958500af8a8e3d-c957-467d-845a-7698e7038877.jpg", "type": "jpg", "uploaded_at": "2022-07-19", "image_id": "98231"}, {"image_name": "JPEG_20220719_195825_754912847049672732b54a79f8-eb64-4c72-95a5-20d7e292e4d3.jpg", "image_url": "https://images.oyoroomscdn.com/ugc-feedback-uploads/JPEG_20220719_195825_754912847049672732b54a79f8-eb64-4c72-95a5-20d7e292e4d3.jpg", "type": "jpg", "uploaded_at": "2022-07-19", "image_id": "98230"}, {"image_name": "JPEG_20220719_195747_4653603540174413319bfddd40c-0e22-4c9b-8b5e-acf909c82b57.jpg", "image_url": "https://images.oyoroomscdn.com/ugc-feedback-uploads/JPEG_20220719_195747_4653603540174413319bfddd40c-0e22-4c9b-8b5e-acf909c82b57.jpg", "type": "jpg", "uploaded_at": "2022-07-19", "image_id": "98228"}]}, {"user_name": "roopesh", "user_image": "usr.image", "review_text": "good", "date": "17 Jul 2022", "rating": {"bg_color": "#346000", "title": "5"}}, {"user_name": "Karthik BM", "user_image": "usr.image", "review_text": "Clean and comfortable. No issues in the oyo", "date": "09 Jul 2022", "rating": {"bg_color": "#346000", "title": "5"}}, {"user_name": "Madhu", "user_image": "usr.image", "review_text": "Good", "date": "06 Jul 2022", "rating": {"bg_color": "#346000", "title": "5"}}, {"user_name": "Dheeraj Khanna", "user_image": "usr.image", "review_text": "it is very great for this budget and hospitality is too good. I would recommend it to all my friends", "date": "05 Jul 2022", "rating": {"bg_color": "#346000", "title": "5"}}, {"user_name": "Madhu", "user_image": "usr.image", "review_text": "Good service and clean and neet good facility taking carring of costmer and car and two wheeler parking is good", "date": "05 Jul 2022", "rating": {"bg_color": "#346000", "title": "5"}}, {"user_name": "jabir", "user_image": "usr.image", "review_text": "Nice stay", "date": "02 Jul 2022", "rating": {"bg_color": "#346000", "title": "5"}}, {"user_name": "Arun", "user_image": "usr.image", "review_text": "cleanliness and staff behavior", "date": "25 Jun 2022", "rating": {"bg_color": "#346000", "title": "5"}}, {"user_name": "Praveen Kumar", "user_image": "usr.image", "review_text": "Good", "date": "24 Jun 2022", "rating": {"bg_color": "#346000", "title": "5"}}, {"user_name": "Arun", "user_image": "usr.image", "review_text": "This hotel was really nice. The room was very clean, the washroom was also hygeinic and the staff behavior was cooperative and kind. I would reccomend anyone who is travelling to this area of town to stay here!", "date": "24 Jun 2022", "rating": {"bg_color": "#346000", "title": "5"}}, {"user_name": "Amit Sharma", "user_image": "usr.image", "review_text": "The service was impeccable and the staff was so friendly. The room was very clean and had all the amenities that they mention on their website. I would recommend this hotel to anyone who is looking for a great place to stay!", "date": "22 Jun 2022", "rating": {"bg_color": "#346000", "title": "5"}}, {"user_name": "ANIL K", "user_image": "usr.image", "review_text": "good", "date": "22 Jun 2022", "rating": {"bg_color": "#346000", "title": "5"}}, {"user_name": "Talib Shariff", "user_image": "usr.image", "review_text": "good manners", "date": "22 Jun 2022", "rating": {"bg_color": "#346000", "title": "5"}}, {"user_name": "Sajil", "user_image": "usr.image", "review_text": "Ver helpful staff and nice room based on fare", "date": "19 Jun 2022", "rating": {"bg_color": "#346000", "title": "5"}}, {"user_name": "Amit Sharma", "user_image": "usr.image", "review_text": "peaceful and nice stay", "date": "19 Jun 2022", "rating": {"bg_color": "#346000", "title": "5"}}, {"user_name": "Vishal Dixit", "user_image": "usr.image", "review_text": "good service \ud83d\ude42\ud83d\ude42\ud83d\ude42\ud83d\ude42\ud83d\ude42", "date": "01 Jun 2022", "rating": {"bg_color": "#346000", "title": "5"}}, {"user_name": "Srinivas N", "user_image": "usr.image", "date": "06 May 2023", "rating": {"bg_color": "#58ac00", "title": "4"}, "user_image_feedback_list": [{"image_name": "IMG_20230503_19162765b29f99-cbd0-48e4-b508-c784c4026f20.jpg", "image_url": "https://images.oyoroomscdn.com/ugc-feedback-uploads/IMG_20230503_19162765b29f99-cbd0-48e4-b508-c784c4026f20.jpg", "type": "jpg", "uploaded_at": "2023-05-06", "image_id": "200435"}]}, {"user_name": "Ashish Jangid", "user_image": "usr.image", "date": "25 Apr 2023", "rating": {"bg_color": "#58ac00", "title": "4"}, "user_image_feedback_list": [{"image_name": "IMG_3044b2d54399-4428-4706-9fc8-5d408ad73269.jpeg", "image_url": "https://images.oyoroomscdn.com/ugc-feedback-uploads/IMG_3044b2d54399-4428-4706-9fc8-5d408ad73269.jpeg", "type": "jpeg", "uploaded_at": "2023-04-25", "image_id": "197376"}]}, {"user_name": "glany trasi", "user_image": "usr.image", "review_text": "Very kind people on your service.", "date": "12 Feb 2023", "rating": {"bg_color": "#58ac00", "title": "4"}}, {"user_name": "Version Thirst", "user_image": "usr.image", "review_text": "Peace of mind relaxation and there was no disturbance, The people working there were respectful and kind. Worth for money...\n\nPlease maintain the service as it is.....\n\nThank you.", "date": "09 Feb 2023", "rating": {"bg_color": "#58ac00", "title": "4"}}, {"user_name": "Raj", "user_image": "usr.image", "review_text": "Oyo app discounts we are not getting it.. They ask us to pay more.. Not only in this outlet in every outlet thy do this..instead asking us to pay more better app is not required. Making us fool .. Not acceptable", "date": "04 Feb 2023", "rating": {"bg_color": "#58ac00", "title": "4"}}, {"user_name": "Syed asif", "user_image": "usr.image", "review_text": "Well and good experience liked it", "date": "19 Sep 2022", "rating": {"bg_color": "#58ac00", "title": "4"}}, {"user_name": "Shahriar", "user_image": "usr.image", "review_text": "Room was clean,  location not so good but his behaviour was friendly,  overall goof experience.", "date": "04 Sep 2022", "rating": {"bg_color": "#58ac00", "title": "4"}}, {"user_name": "Yaqoob", "user_image": "usr.image", "review_text": "Good service", "date": "28 Aug 2022", "rating": {"bg_color": "#58ac00", "title": "4"}}, {"user_name": "Karthik Kumar", "user_image": "usr.image", "review_text": "Rooms are clean", "date": "16 Aug 2022", "rating": {"bg_color": "#58ac00", "title": "4"}}, {"user_name": "Poluru prasanna", "user_image": "usr.image", "review_text": "Nice , owner was very helpful , but can be better about geyser", "date": "13 Aug 2022", "rating": {"bg_color": "#58ac00", "title": "4"}}, {"user_name": "srinath", "user_image": "usr.image", "review_text": "Neat room service", "date": "30 Jul 2022", "rating": {"bg_color": "#58ac00", "title": "4"}}, {"user_name": "Vishnu Raj", "user_image": "usr.image", "review_text": "I had a great experience at the hotel. The staff was very friendly and helpful, the room was clean and comfortable, and the wi-fi worked well. I would recommend this hotel to anyone looking for a place to stay in town.", "date": "17 Jun 2022", "rating": {"bg_color": "#58ac00", "title": "4"}}, {"user_name": "Farhana", "user_image": "usr.image", "review_text": "Location", "date": "20 Apr 2023", "rating": {"bg_color": "#8fc402", "title": "3"}}, {"user_name": "Syed salman", "user_image": "usr.image", "review_text": "Hotel", "date": "09 Feb 2023", "rating": {"bg_color": "#8fc402", "title": "3"}}, {"user_name": "Desai Ravikumar", "user_image": "usr.image", "review_text": "Room is not in condition no tv no supplies", "date": "11 Jan 2023", "rating": {"bg_color": "#8fc402", "title": "3"}}, {"user_name": "cheery yz", "user_image": "usr.image", "review_text": "Not good at all they will not visitors", "date": "16 Sep 2022", "rating": {"bg_color": "#8fc402", "title": "3"}}, {"user_name": "subham raj", "user_image": "usr.image", "review_text": "Floor and all should be better, so overall they should focus on cleanliness.", "date": "30 Jul 2022", "rating": {"bg_color": "#8fc402", "title": "3"}}, {"user_name": "Manish Kumar", "user_image": "usr.image", "review_text": "Good", "date": "19 Jul 2022", "rating": {"bg_color": "#8fc402", "title": "3"}}, {"user_name": "Amzath", "user_image": "usr.image", "review_text": "Tariff is cheap and Room is spacious but not maintained properly.. some room smells lot .but i chose some better room. Staff is so kind and friendly.public Park near by hotel is    good for walking and excercise.. kids will like lot .", "date": "12 Jul 2022", "rating": {"bg_color": "#8fc402", "title": "3"}}, {"user_name": "Afzal shaik", "user_image": "usr.image", "review_text": "Maintenance is not gud issue with door locks fan not working", "date": "18 Jun 2022", "rating": {"bg_color": "#8fc402", "title": "3"}}, {"user_name": "siddu", "user_image": "usr.image", "review_text": "Rooms not good no tv they don't accept payment if we make payment online in Oyo they says Oyo will not give them money", "date": "06 Aug 2022", "rating": {"bg_color": "#feba00", "title": "2"}}, {"user_name": "Mustafa Patel", "user_image": "usr.image", "review_text": "Not good property asked bill also not provided", "date": "22 Feb 2023", "rating": {"bg_color": "#ff4742", "title": "1"}}, {"user_name": "Kushal", "user_image": "usr.image", "review_text": "The hotel was the worst. It is nothing compared to the photos. They are demanding extra money for no reason.", "date": "17 Feb 2023", "rating": {"bg_color": "#ff4742", "title": "1"}}, {"user_name": "Syed Subhan", "user_image": "usr.image", "date": "16 Oct 2022", "rating": {"bg_color": "#ff4742", "title": "1"}, "user_image_feedback_list": [{"image_name": "20221012_18393665d49f67-e4db-4674-9c02-3b8e061c975f.jpg", "image_url": "https://images.oyoroomscdn.com/ugc-feedback-uploads/20221012_18393665d49f67-e4db-4674-9c02-3b8e061c975f.jpg", "type": "jpg", "uploaded_at": "2022-10-16", "image_id": "134131"}, {"image_name": "20221012_183747a0d14f66-3c9d-46d0-8158-4fdc12b08d81.jpg", "image_url": "https://images.oyoroomscdn.com/ugc-feedback-uploads/20221012_183747a0d14f66-3c9d-46d0-8158-4fdc12b08d81.jpg", "type": "jpg", "uploaded_at": "2022-10-16", "image_id": "134133"}, {"image_name": "20221012_18394069aab418-e951-4aa4-85e7-f756f1d44769.jpg", "image_url": "https://images.oyoroomscdn.com/ugc-feedback-uploads/20221012_18394069aab418-e951-4aa4-85e7-f756f1d44769.jpg", "type": "jpg", "uploaded_at": "2022-10-16", "image_id": "134135"}, {"image_name": "20221012_1837535030b480-8087-463a-a160-81bf9cb2847a.jpg", "image_url": "https://images.oyoroomscdn.com/ugc-feedback-uploads/20221012_1837535030b480-8087-463a-a160-81bf9cb2847a.jpg", "type": "jpg", "uploaded_at": "2022-10-16", "image_id": "134130"}, {"image_name": "20221012_1837069b2bb6c7-a9af-4276-aa6b-9bf2167399f1.jpg", "image_url": "https://images.oyoroomscdn.com/ugc-feedback-uploads/20221012_1837069b2bb6c7-a9af-4276-aa6b-9bf2167399f1.jpg", "type": "jpg", "uploaded_at": "2022-10-16", "image_id": "134134"}, {"image_name": "20221012_1837439f42739b-5c7a-484c-92ca-bba777e4c2a4.jpg", "image_url": "https://images.oyoroomscdn.com/ugc-feedback-uploads/20221012_1837439f42739b-5c7a-484c-92ca-bba777e4c2a4.jpg", "type": "jpg", "uploaded_at": "2022-10-16", "image_id": "134132"}]}, {"user_name": "Vinay", "user_image": "usr.image", "review_text": "Worst location, paid Rs328 online and was charged 700 extra", "date": "06 Sep 2022", "rating": {"bg_color": "#ff4742", "title": "1"}}, {"user_name": "Priyabrata Dalbera", "user_image": "usr.image", "review_text": "Only like behaviour.", "date": "09 Aug 2022", "rating": {"bg_color": "#ff4742", "title": "1"}}, {"user_name": "Darshan", "user_image": "usr.image", "review_text": "Room was very dirty not cleaned .... I booked in online but online price was very less after going there they took extra charges with totaly scamed", "date": "06 Aug 2022", "rating": {"bg_color": "#ff4742", "title": "1"}}, {"user_name": "badsha", "user_image": "usr.image", "review_text": "Worst service room no tv water drink denil check in", "date": "06 Aug 2022", "rating": {"bg_color": "#ff4742", "title": "1"}}, {"user_name": "Sandy", "user_image": "usr.image", "review_text": "They won't let u check in unless u pay extra cash for it.\nThey doesn't care even if u pay in full via online payment.", "date": "29 Jul 2022", "rating": {"bg_color": "#ff4742", "title": "1"}}, {"user_name": "Kiran Cherry", "user_image": "usr.image", "review_text": "the building was renovated ....room was bad ....their was no  ac, tv, wifi , towel, and even dustbin .... it was like a old  lodge rooms not like a Oyo rooms", "date": "28 Jun 2022", "rating": {"bg_color": "#ff4742", "title": "1"}}]}}]