[{"data": {"title": "118 Verified Reviews", "rating_data": {"title": "4.5", "bg_color": "#3d8000", "tag": "Excellent", "subtitle": "919 ratings on verified stays by guests"}, "sort_options": [{"type": "date-high", "title": "Recent reviews"}, {"type": "rating-high", "title": "High to low ratings"}, {"type": "rating-low", "title": "Low to high ratings"}], "is_last": false, "next_offset": 101, "reviews": [{"user_name": "Arun Vijay", "user_image": "usr.image", "review_text": "Reception boy doing good job \ud83d\udc4d", "date": "13 Apr 2023", "rating": {"bg_color": "#346000", "title": "5"}}, {"user_name": "KHADAR RIYAZ", "user_image": "usr.image", "review_text": "Nice", "date": "11 Apr 2023", "rating": {"bg_color": "#346000", "title": "5"}}, {"user_name": "sharuk khan", "user_image": "usr.image", "review_text": "Excellent customer service. muchmore comfortable", "date": "09 Apr 2023", "rating": {"bg_color": "#346000", "title": "5"}}, {"user_name": "Vinay", "user_image": "usr.image", "review_text": "Nice room", "date": "03 Apr 2023", "rating": {"bg_color": "#346000", "title": "5"}}, {"user_name": "Amal Babu", "user_image": "usr.image", "review_text": "Super", "date": "24 Mar 2023", "rating": {"bg_color": "#346000", "title": "5"}}, {"user_name": "bharath", "user_image": "usr.image", "review_text": "Good", "date": "16 Mar 2023", "rating": {"bg_color": "#346000", "title": "5"}}, {"user_name": "Mani", "user_image": "usr.image", "review_text": "It's tooooooooo goooooooddd, and very nice hygeine and fresh rooms and washrooms, want to visit again", "date": "11 Mar 2023", "rating": {"bg_color": "#346000", "title": "5"}}, {"user_name": "sowjanya km", "user_image": "usr.image", "review_text": "Highly appreciated and recommended stay .\nComfortable stay and good staff with safety and cleanliness", "date": "06 Mar 2023", "rating": {"bg_color": "#346000", "title": "5"}}, {"user_name": "KHADAR RIYAZ", "user_image": "usr.image", "review_text": "Good maintanence", "date": "05 Mar 2023", "rating": {"bg_color": "#346000", "title": "5"}}, {"user_name": "sowjanya km", "user_image": "usr.image", "review_text": "Excellent service and good staff .. neat and tidy rooms with faster room service and budget friendly", "date": "04 Mar 2023", "rating": {"bg_color": "#346000", "title": "5"}}, {"user_name": "Rammohan", "user_image": "usr.image", "review_text": "Rooms", "date": "20 Feb 2023", "rating": {"bg_color": "#346000", "title": "5"}}, {"user_name": "Arjun LSuthar", "user_image": "usr.image", "review_text": "Everything is perfect", "date": "01 Feb 2023", "rating": {"bg_color": "#346000", "title": "5"}}, {"user_name": "Imran pasha", "user_image": "usr.image", "review_text": "A really nice hotel, staff only willing to help.the rooms are clean and tidy it\u2019s a stones throw from the main train station which is a bonus I\u2019d recommend this. Hotel and we will becoming Bach to stay again", "date": "22 Jan 2023", "rating": {"bg_color": "#346000", "title": "5"}}, {"user_name": "KarthikN", "user_image": "usr.image", "review_text": "Very well maintained, Front manager is very cooperative , rooms are ver clean , most of the staffs are good", "date": "17 Jan 2023", "rating": {"bg_color": "#346000", "title": "5"}}, {"user_name": "Shivangi", "user_image": "usr.image", "review_text": "Hotel is good facilities are also good.", "date": "08 Jan 2023", "rating": {"bg_color": "#346000", "title": "5"}}, {"user_name": "sabu saviar", "user_image": "usr.image", "review_text": "Excellent good faculties better than my expectations", "date": "05 Jan 2023", "rating": {"bg_color": "#346000", "title": "5"}}, {"user_name": "KHADAR RIYAZ", "user_image": "usr.image", "review_text": "Nice rooms, clean, affordable", "date": "01 Jan 2023", "rating": {"bg_color": "#346000", "title": "5"}}, {"user_name": "Nagendra", "user_image": "usr.image", "review_text": "This was an excellent oyo I ever seen , the staff are very co-operative and friendly , such a kind hearted guys", "date": "26 Dec 2022", "rating": {"bg_color": "#346000", "title": "5"}}, {"user_name": "Vineet", "user_image": "usr.image", "review_text": "-.............\n\n\n\n\n\n\n\n\n\n\n\n\n\n\n\n\n\n\n\n\n\n\n\n\n\n\n\n\n\n\n\n\n\n\n\n\n\n\n\n\n\n\n\n\n\n\n\n\n\n\n\n\n\n\n\n\n\n\n\n\n\n\n\n\n\n\n\n\n\n\n\n\n\n\n\n\n\n\n\n\n\n\n\n\n.", "date": "14 Dec 2022", "rating": {"bg_color": "#346000", "title": "5"}}, {"user_name": "Abdullah Khan", "user_image": "usr.image", "review_text": "I like service and nice person", "date": "04 Dec 2022", "rating": {"bg_color": "#346000", "title": "5"}}, {"user_name": "Sajal Gurung", "user_image": "usr.image", "review_text": "clean room service where good", "date": "29 Nov 2022", "rating": {"bg_color": "#346000", "title": "5"}}, {"user_name": "Nagendra", "user_image": "usr.image", "review_text": "It's been fantastic Oyo I ever seen , such greatful staff and they are very genuine and very helpful \n\nIn this Oyo location has been awesome , no complaint on this \n\nThanks staff", "date": "22 Nov 2022", "rating": {"bg_color": "#346000", "title": "5"}, "user_image_feedback_list": [{"image_name": "JPEG_20221122_094858_30074276988057717382746ea3a-9709-47f3-abe9-c9173b30158c.jpg", "image_url": "https://images.oyoroomscdn.com/ugc-feedback-uploads/JPEG_20221122_094858_30074276988057717382746ea3a-9709-47f3-abe9-c9173b30158c.jpg", "type": "jpg", "uploaded_at": "2022-11-22", "image_id": "146991"}]}, {"user_name": "Aman", "user_image": "usr.image", "review_text": "When you are coming late take your risk staff will not support you..", "date": "06 Nov 2022", "rating": {"bg_color": "#346000", "title": "5"}}, {"user_name": "Cheni Naga", "user_image": "usr.image", "review_text": "Frist time we vist at this place...but everything was good n sever also nice \ud83d\udc4d again we will vist more ty", "date": "02 Nov 2022", "rating": {"bg_color": "#346000", "title": "5"}}, {"user_name": "ayush sharma", "user_image": "usr.image", "review_text": "Everything was good, room was clean and spacious. Hotel management was also very nice and helpful to me.", "date": "15 Oct 2022", "rating": {"bg_color": "#346000", "title": "5"}}, {"user_name": "Muthusaravanan K", "user_image": "usr.image", "date": "11 Oct 2022", "rating": {"bg_color": "#346000", "title": "5"}, "user_image_feedback_list": [{"image_name": "IMG_20220923_1012531777de0c-6b58-4732-9063-40cd344e64f0.jpg", "image_url": "https://images.oyoroomscdn.com/ugc-feedback-uploads/IMG_20220923_1012531777de0c-6b58-4732-9063-40cd344e64f0.jpg", "type": "jpg", "uploaded_at": "2022-10-11", "image_id": "131967"}, {"image_name": "IMG_20220923_1013062ccf8d00-3692-4e3d-9467-b7536940f5de.jpg", "image_url": "https://images.oyoroomscdn.com/ugc-feedback-uploads/IMG_20220923_1013062ccf8d00-3692-4e3d-9467-b7536940f5de.jpg", "type": "jpg", "uploaded_at": "2022-10-11", "image_id": "131965"}, {"image_name": "IMG_20220923_10125628dc65bd-fbb3-49ce-9ed0-be028564695f.jpg", "image_url": "https://images.oyoroomscdn.com/ugc-feedback-uploads/IMG_20220923_10125628dc65bd-fbb3-49ce-9ed0-be028564695f.jpg", "type": "jpg", "uploaded_at": "2022-10-11", "image_id": "131966"}]}, {"user_name": "me dawood", "user_image": "usr.image", "review_text": "Good service", "date": "30 Sep 2022", "rating": {"bg_color": "#346000", "title": "5"}}, {"user_name": "sayan ghosh", "user_image": "usr.image", "review_text": "the staff are very well cooperative. here you can get full security , best for couples .", "date": "27 Sep 2022", "rating": {"bg_color": "#346000", "title": "5"}}, {"user_name": "Imran pasha", "user_image": "usr.image", "review_text": "Good staff and need and clean love to visit more time", "date": "16 Sep 2022", "rating": {"bg_color": "#346000", "title": "5"}}, {"user_name": "Venkatesh", "user_image": "usr.image", "review_text": "well mentioned", "date": "06 Sep 2022", "rating": {"bg_color": "#346000", "title": "5"}}, {"user_name": "Aleena", "user_image": "usr.image", "review_text": "The staff here were very helpful and we have a good stay with no unconvinces. We would like to stay again.", "date": "06 Sep 2022", "rating": {"bg_color": "#346000", "title": "5"}}, {"user_name": "Imran pasha", "user_image": "usr.image", "review_text": "I had a wonderful experience at the Aaira In. Every staff member I encountered, from the valet to the check- in to the cleaning staff were delightful and eager to help! Thank you! Will recommend to my colleagues!", "date": "06 Sep 2022", "rating": {"bg_color": "#346000", "title": "5"}}, {"user_name": "Ajit Malkar", "user_image": "usr.image", "review_text": "Hotel room is very clean & best room s\nNot issues in hotel very best place \ud83d\udc4d", "date": "02 Sep 2022", "rating": {"bg_color": "#346000", "title": "5"}}, {"user_name": "Swapnil", "user_image": "usr.image", "review_text": "Excellent service and good team work", "date": "27 Aug 2022", "rating": {"bg_color": "#346000", "title": "5"}}, {"user_name": "Imran pasha", "user_image": "usr.image", "review_text": "Good service \ud83d\udc4d loved it \u263a\ufe0f", "date": "26 Aug 2022", "rating": {"bg_color": "#346000", "title": "5"}}, {"user_name": "Jagadeesh", "user_image": "usr.image", "review_text": "Good maintenance", "date": "17 Aug 2022", "rating": {"bg_color": "#346000", "title": "5"}}, {"user_name": "shibu", "user_image": "usr.image", "review_text": "Good", "date": "08 Aug 2022", "rating": {"bg_color": "#346000", "title": "5"}}, {"user_name": "Punam", "user_image": "usr.image", "review_text": "Nice place", "date": "02 Aug 2022", "rating": {"bg_color": "#346000", "title": "5"}}, {"user_name": "Tejashwini", "user_image": "usr.image", "review_text": "The place was clean and good safe", "date": "02 Aug 2022", "rating": {"bg_color": "#346000", "title": "5"}}, {"user_name": "Aivin", "user_image": "usr.image", "review_text": "The room was clean, staff was good and understanding.A great catch for the price", "date": "01 Aug 2022", "rating": {"bg_color": "#346000", "title": "5"}}, {"user_name": "Kishu Kumar", "user_image": "usr.image", "review_text": "Good place to stay", "date": "31 Jul 2022", "rating": {"bg_color": "#346000", "title": "5"}}, {"user_name": "917899555687 Banu", "user_image": "usr.image", "review_text": "Good and affordable", "date": "29 Jul 2022", "rating": {"bg_color": "#346000", "title": "5"}}, {"user_name": "Suraj", "user_image": "usr.image", "review_text": "Good experience cleaned and well maintained", "date": "20 Jul 2022", "rating": {"bg_color": "#346000", "title": "5"}}, {"user_name": "Xavier Akunuri", "user_image": "usr.image", "review_text": "Good", "date": "14 Jul 2022", "rating": {"bg_color": "#346000", "title": "5"}}, {"user_name": "Imran pasha", "user_image": "usr.image", "review_text": "good service by Mr heroc  Good \ud83d\udc4d", "date": "10 Jul 2022", "rating": {"bg_color": "#346000", "title": "5"}}, {"user_name": "Joys Mathew", "user_image": "usr.image", "date": "08 Jul 2022", "rating": {"bg_color": "#346000", "title": "5"}, "user_image_feedback_list": [{"image_name": "hotel_image_5b6cfa66-a888-46ce-a23e-d4a9931349604056414060490651674.jpeg", "image_url": "https://images.oyoroomscdn.com/ugc-feedback-uploads/hotel_image_5b6cfa66-a888-46ce-a23e-d4a9931349604056414060490651674.jpeg", "type": "jpeg", "uploaded_at": "2022-07-08", "image_id": "92928"}]}, {"user_name": "Richard Andrew", "user_image": "usr.image", "review_text": "Nice", "date": "07 Jul 2022", "rating": {"bg_color": "#346000", "title": "5"}}, {"user_name": "Hannah", "user_image": "usr.image", "review_text": "Good rooms and lot of privacy", "date": "05 Jul 2022", "rating": {"bg_color": "#346000", "title": "5"}}, {"user_name": "Shefeeda", "user_image": "usr.image", "review_text": "Good", "date": "22 Jun 2022", "rating": {"bg_color": "#346000", "title": "5"}}, {"user_name": "srikar", "user_image": "usr.image", "review_text": "Quiet and calm place. Decent amenities . Good restaurants nearby walkable distance. Overall good experience", "date": "18 Apr 2023", "rating": {"bg_color": "#58ac00", "title": "4"}}, {"user_name": "Sathiya Livingston", "user_image": "usr.image", "review_text": "It was peaceful", "date": "20 Mar 2023", "rating": {"bg_color": "#58ac00", "title": "4"}}, {"user_name": "Yousuf", "user_image": "usr.image", "review_text": "Decent room , good Manager", "date": "16 Mar 2023", "rating": {"bg_color": "#58ac00", "title": "4"}}, {"user_name": "Shaik", "user_image": "usr.image", "review_text": "Clean rooms", "date": "22 Jan 2023", "rating": {"bg_color": "#58ac00", "title": "4"}}, {"user_name": "Ajay Theetharappan", "user_image": "usr.image", "review_text": "The stay was nice overall. The room was good and other services like heater and wifi were all working.", "date": "16 Jan 2023", "rating": {"bg_color": "#58ac00", "title": "4"}}, {"user_name": "Kumar Rishav", "user_image": "usr.image", "review_text": "Amazing stay", "date": "24 Dec 2022", "rating": {"bg_color": "#58ac00", "title": "4"}}, {"user_name": "Manjunath", "user_image": "usr.image", "date": "22 Dec 2022", "rating": {"bg_color": "#58ac00", "title": "4"}, "user_image_feedback_list": [{"image_name": "JPEG_20221222_181219_361409077751142091f76d9325-87d0-47d5-9f28-9caae0258d81.jpg", "image_url": "https://images.oyoroomscdn.com/ugc-feedback-uploads/JPEG_20221222_181219_361409077751142091f76d9325-87d0-47d5-9f28-9caae0258d81.jpg", "type": "jpg", "uploaded_at": "2022-12-22", "image_id": "158379"}]}, {"user_name": "Rajesh Rj", "user_image": "usr.image", "review_text": "Good one but they need man power to do service boys shortage", "date": "11 Dec 2022", "rating": {"bg_color": "#58ac00", "title": "4"}}, {"user_name": "Rokcy", "user_image": "usr.image", "review_text": "Clean rooms. But wash rooms are small. The phone number does not work and the boys over there are extremely arrogant", "date": "08 Dec 2022", "rating": {"bg_color": "#58ac00", "title": "4"}}, {"user_name": "Pradeep ds", "user_image": "usr.image", "review_text": "Nice place atmospr and well maintained", "date": "15 Nov 2022", "rating": {"bg_color": "#58ac00", "title": "4"}}, {"user_name": "Malay KrishnaNandi", "user_image": "usr.image", "review_text": "Good", "date": "03 Nov 2022", "rating": {"bg_color": "#58ac00", "title": "4"}}, {"user_name": "Sreemanth", "user_image": "usr.image", "review_text": "Good maintenance recoving", "date": "22 Oct 2022", "rating": {"bg_color": "#58ac00", "title": "4"}}, {"user_name": "Rohit Shrivastava", "user_image": "usr.image", "review_text": "A peaceful place for students stay. Its a great place. You can find eateries nearby and enjoy good food.", "date": "07 Oct 2022", "rating": {"bg_color": "#58ac00", "title": "4"}}, {"user_name": "Muthusaravanan K", "user_image": "usr.image", "review_text": "Decently nice budget rooms worth", "date": "22 Sep 2022", "rating": {"bg_color": "#58ac00", "title": "4"}}, {"user_name": "Sadiq Pasha", "user_image": "usr.image", "review_text": "Room clean and well but in bathroom cockroaches are there", "date": "16 Sep 2022", "rating": {"bg_color": "#58ac00", "title": "4"}}, {"user_name": "BAIVEB CHOUBEY", "user_image": "usr.image", "review_text": "Nice", "date": "23 Aug 2022", "rating": {"bg_color": "#58ac00", "title": "4"}}, {"user_name": "Kishu Kumar", "user_image": "usr.image", "review_text": "Rooms are worth for money", "date": "20 Aug 2022", "rating": {"bg_color": "#58ac00", "title": "4"}}, {"user_name": "Sukanya. M", "user_image": "usr.image", "review_text": "Good place to stay", "date": "19 Aug 2022", "rating": {"bg_color": "#58ac00", "title": "4"}}, {"user_name": "Vasanth", "user_image": "usr.image", "review_text": "Rooms were clean and good", "date": "11 Aug 2022", "rating": {"bg_color": "#58ac00", "title": "4"}}, {"user_name": "Kishu Kumar", "user_image": "usr.image", "review_text": "Good place", "date": "08 Aug 2022", "rating": {"bg_color": "#58ac00", "title": "4"}}, {"user_name": "Tarun", "user_image": "usr.image", "review_text": "Okayish place to stay. The staff was helpful. Rooms were not cleaned initially but staff helped after one complaint.", "date": "20 Jul 2022", "rating": {"bg_color": "#58ac00", "title": "4"}}, {"user_name": "Ambika", "user_image": "usr.image", "review_text": "Good", "date": "07 Jul 2022", "rating": {"bg_color": "#58ac00", "title": "4"}}, {"user_name": "Tarun T", "user_image": "usr.image", "review_text": "safety and security", "date": "28 Jun 2022", "rating": {"bg_color": "#58ac00", "title": "4"}}, {"user_name": "John Suresh", "user_image": "usr.image", "review_text": "Location is very convenient but not very much visible from the road side. Being next to uttam Sagar and sendoor makes the stay all the more convenient overall upkeep of the premises need improvement - TV in the room dint even have a settop box - the channels too arbitrarily gets changed or says it's not subscribed to after watching for May be an hour", "date": "11 Apr 2023", "rating": {"bg_color": "#8fc402", "title": "3"}}, {"user_name": "Snigdha Patil", "user_image": "usr.image", "review_text": "The rooms were decent, but there were cockroaches in my room. Also, there was some constant unpleasant smell in the bathroom. The property's location is fantastic. It is close to some good eating places. It was a safe stay.", "date": "25 Mar 2023", "rating": {"bg_color": "#8fc402", "title": "3"}}, {"user_name": "Sonia", "user_image": "usr.image", "review_text": "1st of all I had booked in different hotel, I got ....", "date": "08 Feb 2023", "rating": {"bg_color": "#8fc402", "title": "3"}}, {"user_name": "Deepa", "user_image": "usr.image", "review_text": "No ventilation for the room.\nNo towels , no soap , no drinking water was provided unless we ask them.\n\nRoom should have these things by default, but that wasn't given. Everytime we need to ask for each and every stuffs", "date": "27 Dec 2022", "rating": {"bg_color": "#8fc402", "title": "3"}}, {"user_name": "Vignesh Ranganathan", "user_image": "usr.image", "review_text": "Room was not clean", "date": "21 Dec 2022", "rating": {"bg_color": "#8fc402", "title": "3"}}, {"user_name": "Somnath Biswas", "user_image": "usr.image", "review_text": "Staff behaviour was good. but if there will be kitchen then will be more beneficial for us.Outside food was quite expensive.", "date": "19 Dec 2022", "rating": {"bg_color": "#8fc402", "title": "3"}}, {"user_name": "\u0cb8\u0c82\u0c9c\u0cc0\u0cb5", "user_image": "usr.image", "review_text": "Charging point is full up side chair is not good", "date": "05 Dec 2022", "rating": {"bg_color": "#8fc402", "title": "3"}}, {"user_name": "Jinka Raghava", "user_image": "usr.image", "review_text": "It's average experience , it's in 1 St floor and in upper floor some gowdown is there always coming some sound day time.\nRoom is cleaned \nBed is not good \nStaff behaviour is good", "date": "26 Nov 2022", "rating": {"bg_color": "#8fc402", "title": "3"}}, {"user_name": "shahana", "user_image": "usr.image", "review_text": "Good", "date": "25 Nov 2022", "rating": {"bg_color": "#8fc402", "title": "3"}}, {"user_name": "Kishore", "user_image": "usr.image", "review_text": "Pests was not looked after", "date": "16 Nov 2022", "rating": {"bg_color": "#8fc402", "title": "3"}}, {"user_name": "Shafiq Aslam", "user_image": "usr.image", "review_text": "Firstly this is not the room we booked. We were redirected to this place without our permission.", "date": "19 Oct 2022", "rating": {"bg_color": "#8fc402", "title": "3"}}, {"user_name": "Karthikeyan", "user_image": "usr.image", "review_text": "just okay no towel soap", "date": "07 Oct 2022", "rating": {"bg_color": "#8fc402", "title": "3"}}, {"user_name": "Thota HarshaVardhan", "user_image": "usr.image", "review_text": "Budged hotel.\n\nRoom cleaning is very bad and bathroom condition is terrific..everywhere we can see dust.Even hotel management will not provide drinking water for free..", "date": "23 Sep 2022", "rating": {"bg_color": "#8fc402", "title": "3"}}, {"user_name": "Dipesh Dutta", "user_image": "usr.image", "review_text": "Asking for Extra Money, but after calling OYO resolved the issue, No Lift facility, you need to carry your luggage to 1st floor, room conditions ok but not good.", "date": "20 Sep 2022", "rating": {"bg_color": "#8fc402", "title": "3"}}, {"user_name": "SUNILKUMAR G", "user_image": "usr.image", "review_text": "Room space is average", "date": "31 Aug 2022", "rating": {"bg_color": "#8fc402", "title": "3"}}, {"user_name": "Suyash Damle", "user_image": "usr.image", "review_text": "no convenient electrical sockets\nbed sheets and covers had holes in them", "date": "29 Aug 2022", "rating": {"bg_color": "#8fc402", "title": "3"}}, {"user_name": "Bijaya Swain", "user_image": "usr.image", "review_text": "Everything was okay,but the bathroom size was too small", "date": "25 Aug 2022", "rating": {"bg_color": "#8fc402", "title": "3"}}, {"user_name": "Dwarakinath N", "user_image": "usr.image", "review_text": "They charged extra money", "date": "18 Aug 2022", "rating": {"bg_color": "#8fc402", "title": "3"}}, {"user_name": "Javad", "user_image": "usr.image", "review_text": "There was no night lamps", "date": "14 Aug 2022", "rating": {"bg_color": "#8fc402", "title": "3"}}, {"user_name": "Shri Ram", "user_image": "usr.image", "review_text": "Stay was decent.", "date": "06 Aug 2022", "rating": {"bg_color": "#8fc402", "title": "3"}}, {"user_name": "Randy", "user_image": "usr.image", "review_text": "Restroom is too small. There is no space . there is no water at all. And TV also not active.", "date": "07 Jul 2022", "rating": {"bg_color": "#8fc402", "title": "3"}}, {"user_name": "Siddarth Gopinath", "user_image": "usr.image", "review_text": "Washroom is too small and deceptive on images. Can\u2019t even mean your legs forget taking a bath", "date": "21 Jun 2022", "rating": {"bg_color": "#8fc402", "title": "3"}}, {"user_name": "Vvd Kumar", "user_image": "usr.image", "review_text": "Rooms are not clean well mosquitoes and cockroaches are there in room", "date": "15 Jun 2022", "rating": {"bg_color": "#8fc402", "title": "3"}}, {"user_name": "vignesh", "user_image": "usr.image", "review_text": "Rooms are not very clean", "date": "20 Apr 2023", "rating": {"bg_color": "#feba00", "title": "2"}}, {"user_name": "Thahir Akram", "user_image": "usr.image", "review_text": "Room bed sheets are not clean AC not working and receptionist not kind of responsible asking and water everytime we have to go and als them there is no drinking water facility.. and in bathroom water is very slow paying 1800 per day and not getting proper facilities dissapoints... Please take action to maintain the quality for the hotel", "date": "10 Apr 2023", "rating": {"bg_color": "#feba00", "title": "2"}}, {"user_name": "Indrabati Sarkar", "user_image": "usr.image", "review_text": "Fair for one night stayThe location is good. It&#39;s at a walking distance of 15 mins from Bengaluru SMVT Railway Station. So if you want to catch a train, it&#39;s your best bet. The staff are friendly and helpful.The hotel is shabby in its ambience, and extremely unclean. There were cockroaches in the rooms. The staff ostentatiously cleaned the room upon reporting, but to no result. They don&#39;t even provide basic amenities like towels and soaps by default. On asking for a soap, we were given one though.nnBasically the hotel is okay for one  night&#39;s stay, but not beyond that.", "date": "01 Apr 2023", "rating": {"bg_color": "#feba00", "title": "2"}}, {"user_name": "Satish Gowravan", "user_image": "usr.image", "review_text": "The hotel does not provide any basic facilities like water bottles, towels, tissue papers,  no house keeping services, poor experience at check in.", "date": "01 Mar 2023", "rating": {"bg_color": "#feba00", "title": "2"}}, {"user_name": "Vasanth", "user_image": "usr.image", "review_text": "Bathroom door is not proper , frequently power cut , room was bit smelly tv not working at all. Kindly do the changes", "date": "22 Oct 2022", "rating": {"bg_color": "#feba00", "title": "2"}}]}}, {"data": {"title": "118 Verified Reviews", "rating_data": {"title": "4.5", "bg_color": "#3d8000", "tag": "Excellent", "subtitle": "919 ratings on verified stays by guests"}, "sort_options": [{"type": "date-high", "title": "Recent reviews"}, {"type": "rating-high", "title": "High to low ratings"}, {"type": "rating-low", "title": "Low to high ratings"}], "is_last": true, "reviews": [{"user_name": "Zubair Ahmed", "user_image": "usr.image", "review_text": "There was no mug in toilet,towel was with blood stain & room not hygyeine was stinking", "date": "24 Sep 2022", "rating": {"bg_color": "#feba00", "title": "2"}}, {"user_name": "Lithosh Thomas", "user_image": "usr.image", "review_text": "Room ambiance and toilet not well", "date": "01 Sep 2022", "rating": {"bg_color": "#feba00", "title": "2"}}, {"user_name": "Uvarani", "user_image": "usr.image", "review_text": "Very worst", "date": "07 Apr 2023", "rating": {"bg_color": "#ff4742", "title": "1"}}, {"user_name": "Vikas", "user_image": "usr.image", "review_text": "No bed cover and blunket change", "date": "18 Mar 2023", "rating": {"bg_color": "#ff4742", "title": "1"}}, {"user_name": "Sajal Kumar", "user_image": "usr.image", "review_text": "Online payment 562rupees but proparties payment 900rupeesNo.No", "date": "08 Feb 2023", "rating": {"bg_color": "#ff4742", "title": "1"}}, {"user_name": "Almaz ahmed", "user_image": "usr.image", "review_text": "Bad stay", "date": "20 Jan 2023", "rating": {"bg_color": "#ff4742", "title": "1"}}, {"user_name": "Pramod", "user_image": "usr.image", "review_text": "Bad experience tv is not working room is not good\nOne sath bord", "date": "16 Jan 2023", "rating": {"bg_color": "#ff4742", "title": "1"}}, {"user_name": "janil kumar", "user_image": "usr.image", "review_text": "Booking included breakfast but denied to provide", "date": "09 Dec 2022", "rating": {"bg_color": "#ff4742", "title": "1"}}, {"user_name": "Mathias Prashanth", "user_image": "usr.image", "review_text": "Bad Stay ExperienceRoom was nice.Room Service was very Poor. Not Even Drinking water provided, Neither Bathing Towel. After asking them about this they provided the same. Towel was about to tear off.", "date": "11 Nov 2022", "rating": {"bg_color": "#ff4742", "title": "1"}}, {"user_name": "Harish Krishna", "user_image": "usr.image", "review_text": "Please remove such facilities from Oyo", "date": "03 Nov 2022", "rating": {"bg_color": "#ff4742", "title": "1"}}, {"user_name": "Y T", "user_image": "usr.image", "review_text": "Worst service was not accepting to give the room .\nIn discounted price cursed oyo beds was not clean too many insects on the washroom water was not coming properly", "date": "03 Sep 2022", "rating": {"bg_color": "#ff4742", "title": "1"}}, {"user_name": "BAIVEB CHOUBEY", "user_image": "usr.image", "review_text": "FRAUD.. I had already booked the room online but the hotel owner told that there is no room available. He told that there will be vacancy of the room after certain hours but it wll booked direct by him and not by oyo. He charged 1200 rs for the room..But he checked us through oyo only. In oyo the price was showing around 700 something and he charged us 1200. He told that he booked us directly so i asked for the bill then he gave me bill of 400only that also in the name of different hotel .  And told that rest of the bill i will get from oyo only. There was no logic. Check in through oyo but charging as per the hotel prce.  I will suggest not to prefer this hotel. In the bathroom you will find of number of cockroaches . Tv was not working . Ac was also not properly working. And there is godown on upper floor so there was noise from morning to evening .And also if there will be offer to pay online before coming to the hotel they will not allow that . They will tell to pay at the hotel only.", "date": "27 Aug 2022", "rating": {"bg_color": "#ff4742", "title": "1"}}, {"user_name": "Vijay Pandey", "user_image": "usr.image", "review_text": "Bad experience", "date": "30 Jul 2022", "rating": {"bg_color": "#ff4742", "title": "1"}}, {"user_name": "Nagarjun", "user_image": "usr.image", "review_text": "Don't stay here they asking more money \nThy asking more than money like if v ask y asking why asking more thy ll say my hotel rules that wasthy saying don't book here \nIf u  book u have to pay extra money", "date": "23 Jul 2022", "rating": {"bg_color": "#ff4742", "title": "1"}}, {"user_name": "Nandhu", "user_image": "usr.image", "review_text": "very bad hotel and room. and reseption staff.", "date": "17 Jul 2022", "rating": {"bg_color": "#ff4742", "title": "1"}}, {"user_name": "Abhishek Bara", "user_image": "usr.image", "review_text": "While check in they asked me for extra money, I told them that I already paid the amount at the time of booking,  but they are not ready to listen, finally I have to end up paying 300\u20b9 extra that\u2019s the scam they do for out stations people, also Ac not working, DTH not wot working coz they didn\u2019t recharge it for last 2 months, Wi-Fi not not working", "date": "16 Jul 2022", "rating": {"bg_color": "#ff4742", "title": "1"}}, {"user_name": "Aayesha Ghosh", "user_image": "usr.image", "review_text": "Horrible place, horrible app, shows one price, charges more once you go to the property", "date": "10 Jul 2022", "rating": {"bg_color": "#ff4742", "title": "1"}}]}}]