[{"data": {"title": "97 Verified Reviews", "rating_data": {"title": "3.3", "bg_color": "#8fc402", "tag": "Fair", "subtitle": "575 ratings on verified stays by guests"}, "sort_options": [{"type": "date-high", "title": "Recent reviews"}, {"type": "rating-high", "title": "High to low ratings"}, {"type": "rating-low", "title": "Low to high ratings"}], "is_last": true, "reviews": [{"user_name": "Chaithanya", "user_image": "usr.image", "review_text": "Good", "date": "13 Feb 2023", "rating": {"bg_color": "#346000", "title": "5"}}, {"user_name": "Shivakumar", "user_image": "usr.image", "review_text": "Good maintenance", "date": "28 Jan 2023", "rating": {"bg_color": "#346000", "title": "5"}}, {"user_name": "poornavikas", "user_image": "usr.image", "review_text": "Awesome stay friendly staff", "date": "13 Jan 2023", "rating": {"bg_color": "#346000", "title": "5"}}, {"user_name": "Karthik", "user_image": "usr.image", "review_text": "Supportive staff, good and clean room also service. One thing is that manager very friendly. Thank you we will visit again", "date": "10 Jan 2023", "rating": {"bg_color": "#346000", "title": "5"}}, {"user_name": "Abram Joseph", "user_image": "usr.image", "review_text": "Super", "date": "31 Dec 2022", "rating": {"bg_color": "#346000", "title": "5"}}, {"user_name": "SAURAV Rathi", "user_image": "usr.image", "review_text": "Awesome facilities and behaviour...\nFive star rating service", "date": "31 Dec 2022", "rating": {"bg_color": "#346000", "title": "5"}}, {"user_name": "Affan", "user_image": "usr.image", "review_text": "Nice service and staff especially receptionist Mr pradeep", "date": "22 Dec 2022", "rating": {"bg_color": "#346000", "title": "5"}}, {"user_name": "Ilankuzhali Elavarasan", "user_image": "usr.image", "review_text": "Nice", "date": "14 Nov 2022", "rating": {"bg_color": "#346000", "title": "5"}}, {"user_name": "Karthik", "user_image": "usr.image", "review_text": "Receptionist was very nice person and good supportive, nice behaviour. Well maintained and satisfied staff service, thank you mr pradeep", "date": "08 Nov 2022", "rating": {"bg_color": "#346000", "title": "5"}}, {"user_name": "naveen kumar", "user_image": "usr.image", "review_text": "Nice but i don't like they made me to pay too times", "date": "03 Oct 2022", "rating": {"bg_color": "#346000", "title": "5"}}, {"user_name": "Vinod Kumar", "user_image": "usr.image", "review_text": "I have liked everything in Oyo room", "date": "20 Sep 2022", "rating": {"bg_color": "#346000", "title": "5"}}, {"user_name": "Kawaljeet Singh", "user_image": "usr.image", "review_text": "Okay with this hotel", "date": "16 Sep 2022", "rating": {"bg_color": "#346000", "title": "5"}}, {"user_name": "K Advith Sai Reddy", "user_image": "usr.image", "review_text": "It's good", "date": "07 Sep 2022", "rating": {"bg_color": "#346000", "title": "5"}}, {"user_name": "Praveen Kumar", "user_image": "usr.image", "review_text": "Very Good", "date": "25 Aug 2022", "rating": {"bg_color": "#346000", "title": "5"}}, {"user_name": "Prashant Kumar", "user_image": "usr.image", "review_text": "Room is good condition", "date": "24 Aug 2022", "rating": {"bg_color": "#346000", "title": "5"}}, {"user_name": "Sabarishan", "user_image": "usr.image", "review_text": "Nice", "date": "16 Aug 2022", "rating": {"bg_color": "#346000", "title": "5"}}, {"user_name": "Mohammed Ashfaq", "user_image": "usr.image", "review_text": "It was good \ud83d\udc4d", "date": "16 Aug 2022", "rating": {"bg_color": "#346000", "title": "5"}}, {"user_name": "Prince KumarSingh", "user_image": "usr.image", "review_text": "Nice service and very nice room", "date": "16 Aug 2022", "rating": {"bg_color": "#346000", "title": "5"}}, {"user_name": "Venkateshreddy", "user_image": "usr.image", "review_text": "All are fine with booking oyo", "date": "07 Aug 2022", "rating": {"bg_color": "#346000", "title": "5"}}, {"user_name": "Sreevin", "user_image": "usr.image", "review_text": "It was a nice and excellent service", "date": "30 Jul 2022", "rating": {"bg_color": "#346000", "title": "5"}}, {"user_name": "Aromal Np", "user_image": "usr.image", "review_text": "Good coustmer support\ud83d\udc9d", "date": "21 Jul 2022", "rating": {"bg_color": "#346000", "title": "5"}}, {"user_name": "D LENIN", "user_image": "usr.image", "review_text": "Class Amenities, Good staff", "date": "12 Jul 2022", "rating": {"bg_color": "#346000", "title": "5"}}, {"user_name": "Ravi", "user_image": "usr.image", "review_text": "very good staff and service especially receptionist mr pradeep, thank you we will visit again", "date": "05 Jul 2022", "rating": {"bg_color": "#346000", "title": "5"}}, {"user_name": "Bapu axom", "user_image": "usr.image", "review_text": "good", "date": "25 Jan 2023", "rating": {"bg_color": "#58ac00", "title": "4"}}, {"user_name": "maryam", "user_image": "usr.image", "review_text": "Our thanks for a great stay. Thank you for your hospitality and kindness. Rooms are cleaned, very nice ambience, Thank you.", "date": "21 Jan 2023", "rating": {"bg_color": "#58ac00", "title": "4"}}, {"user_name": "Megha", "user_image": "usr.image", "review_text": "Good rooms with good staff.. I saw many review saying they asking extra money... For me they never ask for extra money", "date": "20 Jan 2023", "rating": {"bg_color": "#58ac00", "title": "4"}}, {"user_name": "Mani", "user_image": "usr.image", "review_text": "Cleaning is good but staff not responsible", "date": "06 Jan 2023", "rating": {"bg_color": "#58ac00", "title": "4"}}, {"user_name": "Lokesh T", "user_image": "usr.image", "review_text": "Room n location Good", "date": "03 Jan 2023", "rating": {"bg_color": "#58ac00", "title": "4"}}, {"user_name": "Bablu Naik", "user_image": "usr.image", "review_text": "Nice hotels net and clean the room is best for couples", "date": "26 Dec 2022", "rating": {"bg_color": "#58ac00", "title": "4"}}, {"user_name": "Pramod", "user_image": "usr.image", "review_text": "Hotel is OK we can stay , but on parking facility ,need to park at road side, No issues all OK, all over average to good...", "date": "25 Dec 2022", "rating": {"bg_color": "#58ac00", "title": "4"}, "user_image_feedback_list": [{"image_name": "JPEG_20221225_082102_761461934952484194281b0a911-e122-4f8d-9065-7d3ab4a7f4b8.jpg", "image_url": "https://images.oyoroomscdn.com/ugc-feedback-uploads/JPEG_20221225_082102_761461934952484194281b0a911-e122-4f8d-9065-7d3ab4a7f4b8.jpg", "type": "jpg", "uploaded_at": "2022-12-25", "image_id": "159300"}]}, {"user_name": "Missi", "user_image": "usr.image", "review_text": "Good", "date": "01 Nov 2022", "rating": {"bg_color": "#58ac00", "title": "4"}}, {"user_name": "Saireddy", "user_image": "usr.image", "review_text": "Well maintained", "date": "14 Oct 2022", "rating": {"bg_color": "#58ac00", "title": "4"}}, {"user_name": "Vamsi Krishna", "user_image": "usr.image", "review_text": "All good only that internet is not much available\ud83d\ude0f", "date": "04 Oct 2022", "rating": {"bg_color": "#58ac00", "title": "4"}}, {"user_name": "Karunakar", "user_image": "usr.image", "review_text": "Good", "date": "09 Feb 2023", "rating": {"bg_color": "#8fc402", "title": "3"}}, {"user_name": "Santanu", "user_image": "usr.image", "review_text": "Bathroom is very bad condition", "date": "17 Jan 2023", "rating": {"bg_color": "#8fc402", "title": "3"}}, {"user_name": "Ankit Kumar", "user_image": "usr.image", "review_text": "The room was good but too small. Staff behaviour is good. And the Tv in the rooms are useless. Also if you are planning to go to this property try to avoid booking it from OYO.", "date": "18 Nov 2022", "rating": {"bg_color": "#8fc402", "title": "3"}}, {"user_name": "Charan Deep", "user_image": "usr.image", "review_text": "Not well maintained as shown in the photos", "date": "10 Sep 2022", "rating": {"bg_color": "#8fc402", "title": "3"}}, {"user_name": "Sangeeth kumar", "user_image": "usr.image", "review_text": "At Oyo app it's 868 but at hotel they asked 1160 to pay we have paid at hotel 1160 can u please look into this", "date": "12 Aug 2022", "rating": {"bg_color": "#8fc402", "title": "3"}}, {"user_name": "sagar dutta", "user_image": "usr.image", "date": "05 Mar 2023", "rating": {"bg_color": "#feba00", "title": "2"}, "user_image_feedback_list": [{"image_name": "IMG-20230305-WA001698e4c6b2-5361-43ac-98d4-d573131ff0bb.jpg", "image_url": "https://images.oyoroomscdn.com/ugc-feedback-uploads/IMG-20230305-WA001698e4c6b2-5361-43ac-98d4-d573131ff0bb.jpg", "type": "jpg", "uploaded_at": "2023-03-05", "image_id": "182375"}, {"image_name": "IMG-20230305-WA0012b4cb7b96-0b1f-4575-a67c-4893267f2dc5.jpg", "image_url": "https://images.oyoroomscdn.com/ugc-feedback-uploads/IMG-20230305-WA0012b4cb7b96-0b1f-4575-a67c-4893267f2dc5.jpg", "type": "jpg", "uploaded_at": "2023-03-05", "image_id": "182374"}, {"image_name": "IMG-20230305-WA0014b92a5780-37a3-4e6a-9513-3bd8fd3fec81.jpg", "image_url": "https://images.oyoroomscdn.com/ugc-feedback-uploads/IMG-20230305-WA0014b92a5780-37a3-4e6a-9513-3bd8fd3fec81.jpg", "type": "jpg", "uploaded_at": "2023-03-05", "image_id": "182373"}]}, {"user_name": "Warish", "user_image": "usr.image", "review_text": "The gate was not closing rom inside.the bed sheets have stains of some liquid.cockroaches were all around", "date": "10 Feb 2023", "rating": {"bg_color": "#feba00", "title": "2"}}, {"user_name": "Snehasis Panda", "user_image": "usr.image", "review_text": "I paid extra amount as per booking amount. Booking amount is 600 something but i pay 1500 .\ud83d\ude11.Extra amount higher that booking amount", "date": "19 Jan 2023", "rating": {"bg_color": "#feba00", "title": "2"}}, {"user_name": "Vishnu Pavithran", "user_image": "usr.image", "review_text": "Horrible experience, the bedsheets were not clean and There was no water, towels, soap provided. The receptionist never answered the call, when tried calling.", "date": "15 Jan 2023", "rating": {"bg_color": "#feba00", "title": "2"}}, {"user_name": "Vijaykanth", "user_image": "usr.image", "review_text": "Drunk owners not a clean property", "date": "27 Dec 2022", "rating": {"bg_color": "#feba00", "title": "2"}}, {"user_name": "BaLa Ganesh", "user_image": "usr.image", "review_text": "He is providing used room very dirty and no maintenance Oyo Please Remove on Oyo list", "date": "10 Feb 2023", "rating": {"bg_color": "#ff4742", "title": "1"}}, {"user_name": "perla satish", "user_image": "usr.image", "review_text": "I got a booking for 600 rs, they asked me to give another 1000 rupees or cancel the booking as at that time even if we cancel we'll get zero refund", "date": "10 Feb 2023", "rating": {"bg_color": "#ff4742", "title": "1"}}, {"user_name": "Yuvaraj", "user_image": "usr.image", "review_text": "Worst room and money is not worth. They will ask extra amount so, don't trust", "date": "04 Feb 2023", "rating": {"bg_color": "#ff4742", "title": "1"}}, {"user_name": "prashanth vs", "user_image": "usr.image", "review_text": "I would primarily suggest not to book this hotel. \n1. Rooms are not clean\n2. Manager doesn't have an empathy on customers\n3. Facilities mentioned is of no use because you can't avail. ( TV does work) \n4. Very poor customer service", "date": "03 Feb 2023", "rating": {"bg_color": "#ff4742", "title": "1"}, "user_image_feedback_list": [{"image_name": "IMG_20230130_21360149403def-36c6-4e49-8da5-51c799f533ee.jpg", "image_url": "https://images.oyoroomscdn.com/ugc-feedback-uploads/IMG_20230130_21360149403def-36c6-4e49-8da5-51c799f533ee.jpg", "type": "jpg", "uploaded_at": "2023-02-03", "image_id": "172253"}, {"image_name": "IMG_20230130_213641f54149a4-ec4c-422c-a979-b5a2c24b2e8e.jpg", "image_url": "https://images.oyoroomscdn.com/ugc-feedback-uploads/IMG_20230130_213641f54149a4-ec4c-422c-a979-b5a2c24b2e8e.jpg", "type": "jpg", "uploaded_at": "2023-02-03", "image_id": "172250"}, {"image_name": "IMG_20230130_21355631b35791-ddef-44fd-899c-ea5c2b46ebb2.jpg", "image_url": "https://images.oyoroomscdn.com/ugc-feedback-uploads/IMG_20230130_21355631b35791-ddef-44fd-899c-ea5c2b46ebb2.jpg", "type": "jpg", "uploaded_at": "2023-02-03", "image_id": "172252"}, {"image_name": "IMG_20230130_213632b704ca9a-bdb3-4ba8-9b87-64f4c1bdb280.jpg", "image_url": "https://images.oyoroomscdn.com/ugc-feedback-uploads/IMG_20230130_213632b704ca9a-bdb3-4ba8-9b87-64f4c1bdb280.jpg", "type": "jpg", "uploaded_at": "2023-02-03", "image_id": "172254"}, {"image_name": "IMG_20230130_213612a8ea7501-bc23-413e-95a5-9924ab200d03.jpg", "image_url": "https://images.oyoroomscdn.com/ugc-feedback-uploads/IMG_20230130_213612a8ea7501-bc23-413e-95a5-9924ab200d03.jpg", "type": "jpg", "uploaded_at": "2023-02-03", "image_id": "172251"}]}, {"user_name": "Latheef", "user_image": "usr.image", "review_text": "Showing amont 540 and there room reception took 1000 k money he say OYO mental if u want room give 1k \u2026.room also not clean cocograge also there \u2026.maintenance not good really verry bad room", "date": "21 Jan 2023", "rating": {"bg_color": "#ff4742", "title": "1"}}, {"user_name": "Naveena Navi", "user_image": "usr.image", "review_text": "Worst room .. bedsheet and pillow are not washed  was very dirty", "date": "16 Jan 2023", "rating": {"bg_color": "#ff4742", "title": "1"}}, {"user_name": "Akhil", "user_image": "usr.image", "review_text": "It was horrible the toilet was tooo bad it was not cleaned for ages the bedsheet was too bad I think it was not cleaned when asked for wifi password they blamed me for not recharging and later they gave it to me but the room I got was 506 which was a dead zone for wifi which made me too irritating as I had to do work from home. They also charged extra 800rs which made me again irritating and as it was too late i had to pay 800rs out of nowhere\nAltogether a worst experience", "date": "06 Nov 2022", "rating": {"bg_color": "#ff4742", "title": "1"}}, {"user_name": "Shameer S", "user_image": "usr.image", "review_text": "They asked for extra amount and the owner was rude", "date": "24 Oct 2022", "rating": {"bg_color": "#ff4742", "title": "1"}}, {"user_name": "Goutham Kr", "user_image": "usr.image", "review_text": "My booking amount was 550, but hotel receptionist asked to pay 400 extra. It was bad experience", "date": "23 Oct 2022", "rating": {"bg_color": "#ff4742", "title": "1"}}, {"user_name": "Akhil", "user_image": "usr.image", "review_text": "They dint give me room for amount shown it was 750 but that owner took 1300 from me he said if u pay 1300 they will give room r else get lost", "date": "22 Oct 2022", "rating": {"bg_color": "#ff4742", "title": "1"}}, {"user_name": "Aditya", "user_image": "usr.image", "review_text": "The property asked me to pay extra to check in. The manager said OYO people lie about price, if you want to stay pay extra.", "date": "16 Oct 2022", "rating": {"bg_color": "#ff4742", "title": "1"}}, {"user_name": "Uday Sandeep", "user_image": "usr.image", "review_text": "they have charged additional money", "date": "16 Oct 2022", "rating": {"bg_color": "#ff4742", "title": "1"}}, {"user_name": "Anjanikumar.N", "user_image": "usr.image", "review_text": "Worst hotel staff behaviour is worst  and not respect\nHe asking extra money 1000rs\nNo service\nNo working ac \nNo working tv\nWorst bed sheets", "date": "16 Oct 2022", "rating": {"bg_color": "#ff4742", "title": "1"}}, {"user_name": "Krishna ReddyPasam", "user_image": "usr.image", "review_text": "Worst hotel ever", "date": "14 Oct 2022", "rating": {"bg_color": "#ff4742", "title": "1"}}, {"user_name": "Tsali", "user_image": "usr.image", "review_text": "Such a poor service, they charge 800 rupee extra which is illegal, OYO authority should look after this Property, worst stay ever, i won't recommend anyone!", "date": "10 Oct 2022", "rating": {"bg_color": "#ff4742", "title": "1"}}, {"user_name": "Thayeer Nakash", "user_image": "usr.image", "review_text": "We went to hotel...he didn't accept us hotel guy told pay extra money then only they will give me room ...so I cancel the booking", "date": "07 Oct 2022", "rating": {"bg_color": "#ff4742", "title": "1"}}, {"user_name": "Suresh", "user_image": "usr.image", "review_text": "Worst ...don't book they will ask extra money", "date": "04 Oct 2022", "rating": {"bg_color": "#ff4742", "title": "1"}}, {"user_name": "Ali", "user_image": "usr.image", "review_text": "Very bad experience .im already bookde and payed in app but the hotel guy take more 800 frm me", "date": "02 Oct 2022", "rating": {"bg_color": "#ff4742", "title": "1"}}, {"user_name": "Mohammed Hafeez", "user_image": "usr.image", "review_text": "I have dook the hotel I have paid the payment they update there is no room", "date": "20 Sep 2022", "rating": {"bg_color": "#ff4742", "title": "1"}}, {"user_name": "Vinay Giri", "user_image": "usr.image", "review_text": "I booked the hotel at the price of 726 but later when I reached at the hotel, they charged me extra 600. I paid the amount but when I entered in the room, the room was extremely dirty and it was not worth more than to be a 500 room. Extremely bad experience, never chose this room.", "date": "18 Sep 2022", "rating": {"bg_color": "#ff4742", "title": "1"}, "user_image_feedback_list": [{"image_name": "JPEG_20220918_080805_53294335791751764855846e0cf-7fdb-42c5-91a0-4ff004dd34c6.jpg", "image_url": "https://images.oyoroomscdn.com/ugc-feedback-uploads/JPEG_20220918_080805_53294335791751764855846e0cf-7fdb-42c5-91a0-4ff004dd34c6.jpg", "type": "jpg", "uploaded_at": "2022-09-18", "image_id": "121026"}]}, {"user_name": "Ramanand", "user_image": "usr.image", "review_text": "Services varied bad", "date": "05 Sep 2022", "rating": {"bg_color": "#ff4742", "title": "1"}}, {"user_name": "kishan ravi", "user_image": "usr.image", "review_text": "There was no door knob, in toilet flush was not working,  the washroom door was not able to close. Bedsheets were dirty. Not at all good experience. Overall had to pay more at the hotel than what I have paid online on booking.com", "date": "02 Sep 2022", "rating": {"bg_color": "#ff4742", "title": "1"}}, {"user_name": "Vishal Yadav", "user_image": "usr.image", "review_text": "didnt accepted oyo booking asked fr double the price", "date": "29 Aug 2022", "rating": {"bg_color": "#ff4742", "title": "1"}}, {"user_name": "AkhilMusthafa", "user_image": "usr.image", "review_text": "Charged me extra. There was no AC and bed sheet were not washed. Sucha bad experience", "date": "28 Aug 2022", "rating": {"bg_color": "#ff4742", "title": "1"}}, {"user_name": "Rajasekhara Pillai", "user_image": "usr.image", "review_text": "Worst, worst, worstLocation.Only one pillow provided that too very dirty, very dirty bedsheets, loose cloth stand, no tv remotes", "date": "26 Aug 2022", "rating": {"bg_color": "#ff4742", "title": "1"}}, {"user_name": "Grace Saji", "user_image": "usr.image", "review_text": "Asked 1000 more than oyo mayment", "date": "23 Aug 2022", "rating": {"bg_color": "#ff4742", "title": "1"}}, {"user_name": "Adwaith Venu", "user_image": "usr.image", "review_text": "Its very bad room We booked online for 2 days for 5770 for 3 rooms while check in time they asked extra 3000 \u2026 and the badsheet pillow covr was very dirty . No channels in tv very very bad by staffs and hotel  manage also was drunk \u2026 while check in time its very bad experience dont vist NR comforts such aa bad hotel", "date": "20 Aug 2022", "rating": {"bg_color": "#ff4742", "title": "1"}}, {"user_name": "Prashant Jadaun", "user_image": "usr.image", "review_text": "Cleaning is not good", "date": "19 Aug 2022", "rating": {"bg_color": "#ff4742", "title": "1"}}, {"user_name": "Alok KumarSahoo", "user_image": "usr.image", "review_text": "Totally fraud and they dont even behave properly.They were behaviour is very poor which oyo need to check.The hyeigene and clealiness is very poor .The manager user to yell to customer for no reason and they have charged 500 extra thaj whatever showing in oyo app.Oyo need to escalate this issue with higher priority", "date": "18 Aug 2022", "rating": {"bg_color": "#ff4742", "title": "1"}}, {"user_name": "Ashok", "user_image": "usr.image", "review_text": "Hotel management denied each and every booking though Oyo bookings. It's a very bad poor pathetic service. They are asking us to cancel and asking more money for booking if needed.", "date": "18 Aug 2022", "rating": {"bg_color": "#ff4742", "title": "1"}}, {"user_name": "Mohammed Saud", "user_image": "usr.image", "review_text": "Oyo is not giving service like before its become so pathetic", "date": "16 Aug 2022", "rating": {"bg_color": "#ff4742", "title": "1"}}, {"user_name": "Dilshad", "user_image": "usr.image", "review_text": "I will gve pay extra 700 even they not give bill also even booking time..u was give discount but they not allowed to check in they ask 700 after checkout asking bill they not provide very poor service from your side i never ever book again while using this app even i suggest my friends also this experience...", "date": "16 Aug 2022", "rating": {"bg_color": "#ff4742", "title": "1"}}, {"user_name": "Nani", "user_image": "usr.image", "review_text": "Worest management drink alovohal at 1pm only", "date": "14 Aug 2022", "rating": {"bg_color": "#ff4742", "title": "1"}}, {"user_name": "dipak", "user_image": "usr.image", "review_text": "Pooor very poor", "date": "13 Aug 2022", "rating": {"bg_color": "#ff4742", "title": "1"}}, {"user_name": "Shubham Gupta", "user_image": "usr.image", "date": "12 Aug 2022", "rating": {"bg_color": "#ff4742", "title": "1"}, "user_image_feedback_list": [{"image_name": "IMG_20220723_0826117547ea06-57d5-4b2c-8b8e-d9c9e20de444.jpg", "image_url": "https://images.oyoroomscdn.com/ugc-feedback-uploads/IMG_20220723_0826117547ea06-57d5-4b2c-8b8e-d9c9e20de444.jpg", "type": "jpg", "uploaded_at": "2022-08-12", "image_id": "107036"}]}, {"user_name": "Phanendra P", "user_image": "usr.image", "review_text": "Worst stay ever stayed in my life and if anyone are Will to stay there your never gonna visit that place again in your whole life. And property people are very aggressive.", "date": "10 Aug 2022", "rating": {"bg_color": "#ff4742", "title": "1"}}, {"user_name": "Punita", "user_image": "usr.image", "review_text": "Dirtiest rooms, clogged bathroom, no hot water, no ventilation, no tv, nothing, they take more money while check-in they creat hell of a mess charge more than what we book though the app.", "date": "08 Aug 2022", "rating": {"bg_color": "#ff4742", "title": "1"}}, {"user_name": "Pranam", "user_image": "usr.image", "review_text": "Receptionist asking extra 700.fraud hotel.. don't go to this Oyo..Oyo charge 600rs than he asks extra 700.", "date": "07 Aug 2022", "rating": {"bg_color": "#ff4742", "title": "1"}}, {"user_name": "Nithin Gopal", "user_image": "usr.image", "review_text": "Was extra charged very unprofessional behavior", "date": "02 Aug 2022", "rating": {"bg_color": "#ff4742", "title": "1"}}, {"user_name": "D LENIN", "user_image": "usr.image", "review_text": "Extra money charged. No cleanliness, foul smell, bed sheets are in worst condition. No hot water facility\nOYO is getting fooled by this hotel often.", "date": "29 Jul 2022", "rating": {"bg_color": "#ff4742", "title": "1"}}, {"user_name": "ASHWIN PRASADV", "user_image": "usr.image", "review_text": "Denied Check in", "date": "28 Jul 2022", "rating": {"bg_color": "#ff4742", "title": "1"}}, {"user_name": "M.Venkateswarlu", "user_image": "usr.image", "review_text": "no hot water,Room not clean smoke smell in the room", "date": "27 Jul 2022", "rating": {"bg_color": "#ff4742", "title": "1"}}, {"user_name": "Govind Padmanabhan", "user_image": "usr.image", "review_text": "Unsatisfied stayPoor behaviour of the staffnPoor cleaning of bedsheets and blanketsnToilet flush was not workingnNo proper availability of hot waternA&#47;C not workingnTV not workingn1 day lift was also not working", "date": "27 Jul 2022", "rating": {"bg_color": "#ff4742", "title": "1"}}, {"user_name": "Rachit Bucha", "user_image": "usr.image", "review_text": "Fraud hotel, don't waste time. Hotel Owner directly rejected Oyo booking, Asked to pay me double amount what I have already paid on Oyo. And does not given any room. and Marked check-in, and not answering calls from Oyo.", "date": "24 Jul 2022", "rating": {"bg_color": "#ff4742", "title": "1"}}, {"user_name": "Aruna S", "user_image": "usr.image", "review_text": "Made me pay extra while check in even though I paid through online while booking", "date": "23 Jul 2022", "rating": {"bg_color": "#ff4742", "title": "1"}}, {"user_name": "Kannan MS", "user_image": "usr.image", "review_text": "No TV.No wifi.Dirty bedsheets.Rate was high.But the otger side lift was good and approach was good.Service was bad.", "date": "23 Jul 2022", "rating": {"bg_color": "#ff4742", "title": "1"}}, {"user_name": "Aravind", "user_image": "usr.image", "review_text": "don't recommend this hotel as they don't accept u to check in... they charge you extra amount to check in", "date": "17 Jul 2022", "rating": {"bg_color": "#ff4742", "title": "1"}}, {"user_name": "Hemanth Gaur", "user_image": "usr.image", "review_text": "the hotel has taken extra Rs.800 . and the hotel room is not up to the satisfaction. i m not happy with this hotel.", "date": "16 Jul 2022", "rating": {"bg_color": "#ff4742", "title": "1"}}, {"user_name": "Deepika", "user_image": "usr.image", "review_text": "did not let us access to the room although we had booking...was charging extra money", "date": "16 Jul 2022", "rating": {"bg_color": "#ff4742", "title": "1"}}, {"user_name": "Manoj", "user_image": "usr.image", "review_text": "Manager took 500 extra than the app money\nNo response from your backup team \nworst experience", "date": "16 Jul 2022", "rating": {"bg_color": "#ff4742", "title": "1"}}, {"user_name": "Shubham Nikam", "user_image": "usr.image", "review_text": "Worst service", "date": "11 Jul 2022", "rating": {"bg_color": "#ff4742", "title": "1"}}, {"user_name": "afin", "user_image": "usr.image", "review_text": "worst room everrrr...!!!", "date": "10 Jul 2022", "rating": {"bg_color": "#ff4742", "title": "1"}}, {"user_name": "Siddeswara Goud", "user_image": "usr.image", "review_text": "no AC ,tv, bucket,mug rude staff behaviour while checkin asked extra money", "date": "09 Jul 2022", "rating": {"bg_color": "#ff4742", "title": "1"}}, {"user_name": "Ganesh", "user_image": "usr.image", "review_text": "No water\nUsed towels was given\nRoom very dirty\nPlease dont refer this room to any one", "date": "07 Jul 2022", "rating": {"bg_color": "#ff4742", "title": "1"}}]}}]