[{"data": {"title": "98 Verified Reviews", "rating_data": {"title": "3.1", "bg_color": "#8fc402", "tag": "Fair", "subtitle": "493 ratings on verified stays by guests"}, "sort_options": [{"type": "date-high", "title": "Recent reviews"}, {"type": "rating-high", "title": "High to low ratings"}, {"type": "rating-low", "title": "Low to high ratings"}], "is_last": true, "reviews": [{"user_name": "Ummid Ali", "user_image": "usr.image", "review_text": "Good service", "date": "09 Sep 2022", "rating": {"bg_color": "#346000", "title": "5"}}, {"user_name": "Vijayan", "user_image": "usr.image", "review_text": "Very good room and good service for hotel staff thank you for oyo and property guys", "date": "06 Sep 2022", "rating": {"bg_color": "#346000", "title": "5"}}, {"user_name": "KULDEEP SINGH", "user_image": "usr.image", "review_text": "Best hotel provided by yono", "date": "01 Sep 2022", "rating": {"bg_color": "#346000", "title": "5"}}, {"user_name": "Ashok Reddy", "user_image": "usr.image", "review_text": "Best service and cost reliable is also good", "date": "19 Aug 2022", "rating": {"bg_color": "#346000", "title": "5"}}, {"user_name": "Vikash Kumar", "user_image": "usr.image", "review_text": "The hotel was over Google map and at good location that's make it quite good.\nThe hotel guy was good as well.", "date": "09 Aug 2022", "rating": {"bg_color": "#346000", "title": "5"}}, {"user_name": "MR Srikant", "user_image": "usr.image", "date": "06 Aug 2022", "rating": {"bg_color": "#346000", "title": "5"}, "user_image_feedback_list": [{"image_name": "JPEG_20220807_014507_4379736110959804771e405701e-620f-408d-8d09-923919070f4d.jpg", "image_url": "https://images.oyoroomscdn.com/ugc-feedback-uploads/JPEG_20220807_014507_4379736110959804771e405701e-620f-408d-8d09-923919070f4d.jpg", "type": "jpg", "uploaded_at": "2022-08-06", "image_id": "105176"}]}, {"user_name": "Vijay Vijju", "user_image": "usr.image", "review_text": "The hotel rooms are neat and clean. The staff is good", "date": "05 Aug 2022", "rating": {"bg_color": "#346000", "title": "5"}}, {"user_name": "suresh", "user_image": "usr.image", "review_text": "Neatly maintained rooms polite staff affordable and easy access to everything", "date": "01 Aug 2022", "rating": {"bg_color": "#346000", "title": "5"}}, {"user_name": "Kushal", "user_image": "usr.image", "review_text": "It was good", "date": "31 Jul 2022", "rating": {"bg_color": "#346000", "title": "5"}}, {"user_name": "Fedrick", "user_image": "usr.image", "review_text": "Very polite Service as well as exicutives", "date": "20 Jul 2022", "rating": {"bg_color": "#346000", "title": "5"}}, {"user_name": "Vijay Kumar ", "user_image": "usr.image", "review_text": "Wow that's awesome super", "date": "12 Jul 2022", "rating": {"bg_color": "#346000", "title": "5"}}, {"user_name": "Indu", "user_image": "usr.image", "review_text": "room infrastructure", "date": "07 Jul 2022", "rating": {"bg_color": "#346000", "title": "5"}}, {"user_name": "Mohamed RabiA", "user_image": "usr.image", "review_text": "Room allocated was clean, without smoke smell and water heater worked in bathroom.", "date": "07 Jul 2022", "rating": {"bg_color": "#346000", "title": "5"}}, {"user_name": "Jayaprakash", "user_image": "usr.image", "review_text": "good", "date": "29 Jun 2022", "rating": {"bg_color": "#346000", "title": "5"}}, {"user_name": "Praveen Madduri", "user_image": "usr.image", "review_text": "very good and", "date": "02 Jun 2022", "rating": {"bg_color": "#346000", "title": "5"}}, {"user_name": "Sidharth Kumar", "user_image": "usr.image", "review_text": "It is not a easy location to find for travelers but it was good", "date": "09 Mar 2023", "rating": {"bg_color": "#58ac00", "title": "4"}}, {"user_name": "Vikas Dm", "user_image": "usr.image", "review_text": "Location was good", "date": "01 Sep 2022", "rating": {"bg_color": "#58ac00", "title": "4"}, "user_image_feedback_list": [{"image_name": "IMG_20220731_143110fd9446ba-8f53-4baf-8df2-a715f9230e4e.jpg", "image_url": "https://images.oyoroomscdn.com/ugc-feedback-uploads/IMG_20220731_143110fd9446ba-8f53-4baf-8df2-a715f9230e4e.jpg", "type": "jpg", "uploaded_at": "2022-09-01", "image_id": "114266"}]}, {"user_name": "Sourab Paul", "user_image": "usr.image", "review_text": "Well service is not up to the mark", "date": "05 Aug 2022", "rating": {"bg_color": "#58ac00", "title": "4"}}, {"user_name": "Laxmi", "user_image": "usr.image", "review_text": "It was really good", "date": "02 Aug 2022", "rating": {"bg_color": "#58ac00", "title": "4"}}, {"user_name": "Anand Pathak", "user_image": "usr.image", "review_text": "affordable stay. couple friendly. lot of buzz around location", "date": "20 Jul 2022", "rating": {"bg_color": "#58ac00", "title": "4"}}, {"user_name": "Vani", "user_image": "usr.image", "review_text": "Nyc and clean rooms", "date": "18 Jul 2022", "rating": {"bg_color": "#58ac00", "title": "4"}}, {"user_name": "Baba Fakruddin", "user_image": "usr.image", "review_text": "Fine", "date": "25 Jun 2022", "rating": {"bg_color": "#58ac00", "title": "4"}}, {"user_name": "Ayan Mandal", "user_image": "usr.image", "review_text": "Dirty washroom, no tv and wardrobe", "date": "10 Sep 2022", "rating": {"bg_color": "#8fc402", "title": "3"}}, {"user_name": "Siddhus Siddhu", "user_image": "usr.image", "review_text": "They take extra 150 rupees.except this room is good", "date": "26 Aug 2022", "rating": {"bg_color": "#8fc402", "title": "3"}}, {"user_name": "mD sHAHEED", "user_image": "usr.image", "date": "23 Aug 2022", "rating": {"bg_color": "#8fc402", "title": "3"}, "user_image_feedback_list": [{"image_name": "JPEG_20220824_001530_44310494767073928252e3aaa4d-8aba-421c-8b00-3d4a757ce9d1.jpg", "image_url": "https://images.oyoroomscdn.com/ugc-feedback-uploads/JPEG_20220824_001530_44310494767073928252e3aaa4d-8aba-421c-8b00-3d4a757ce9d1.jpg", "type": "jpg", "uploaded_at": "2022-08-23", "image_id": "111883"}]}, {"user_name": "Rajnish Kumar", "user_image": "usr.image", "review_text": "Good", "date": "19 Aug 2022", "rating": {"bg_color": "#8fc402", "title": "3"}}, {"user_name": "Avinas", "user_image": "usr.image", "review_text": "They collected more frm the app list", "date": "18 Jul 2022", "rating": {"bg_color": "#8fc402", "title": "3"}}, {"user_name": "mahendra shetty", "user_image": "usr.image", "review_text": "extra amnt given cashier", "date": "10 Jun 2022", "rating": {"bg_color": "#8fc402", "title": "3"}}, {"user_name": "Prateek", "user_image": "usr.image", "review_text": "Ac is not working.and hyginic also not good.proper parking also not there.overalla not a good experience.feels un happy", "date": "18 Mar 2023", "rating": {"bg_color": "#feba00", "title": "2"}}, {"user_name": "Sunil", "user_image": "usr.image", "review_text": "Room is good.", "date": "10 Feb 2023", "rating": {"bg_color": "#feba00", "title": "2"}}, {"user_name": "Mohsin pasha", "user_image": "usr.image", "review_text": "Alert: Don't book this hotel even free of cost.\nNo cleanliness... Charged extra at the hotel when the price shown was less... No towels provided.. extremely poor service..", "date": "06 Sep 2022", "rating": {"bg_color": "#feba00", "title": "2"}}, {"user_name": "Bala Sundar", "user_image": "usr.image", "review_text": "they charged extra money", "date": "05 Aug 2022", "rating": {"bg_color": "#feba00", "title": "2"}}, {"user_name": "Chandru", "user_image": "usr.image", "review_text": "Oyo app is showing less price and we had to talk to the manager of the hotel.about the price", "date": "30 Jul 2022", "rating": {"bg_color": "#feba00", "title": "2"}}, {"user_name": "Debanshu Mutt", "user_image": "usr.image", "review_text": "Water was not there for 2-3 hours in the morning\nRoom was very unclean \nconstant  power cuts during the night\nwashroom  was small and smelled", "date": "18 Jun 2022", "rating": {"bg_color": "#feba00", "title": "2"}}, {"user_name": "Aditya Singh", "user_image": "usr.image", "date": "01 May 2023", "rating": {"bg_color": "#ff4742", "title": "1"}, "user_image_feedback_list": [{"image_name": "IMG20230501090232473046ff-e3d1-4a63-86df-9ed689f46ab1.jpg", "image_url": "https://images.oyoroomscdn.com/ugc-feedback-uploads/IMG20230501090232473046ff-e3d1-4a63-86df-9ed689f46ab1.jpg", "type": "jpg", "uploaded_at": "2023-05-01", "image_id": "199074"}, {"image_name": "IMG20230501090247c790fed1-88f9-4d51-8a60-52de146823d3.jpg", "image_url": "https://images.oyoroomscdn.com/ugc-feedback-uploads/IMG20230501090247c790fed1-88f9-4d51-8a60-52de146823d3.jpg", "type": "jpg", "uploaded_at": "2023-05-01", "image_id": "199073"}, {"image_name": "IMG20230501090210cfa153b3-b5a0-4ee8-ae0c-3c1f5e61da65.jpg", "image_url": "https://images.oyoroomscdn.com/ugc-feedback-uploads/IMG20230501090210cfa153b3-b5a0-4ee8-ae0c-3c1f5e61da65.jpg", "type": "jpg", "uploaded_at": "2023-05-01", "image_id": "199072"}]}, {"user_name": "Sudarsanam Mc", "user_image": "usr.image", "review_text": "How are teaming up hotel like this?The Hotel manager has not provided stating we have came by car. By midnight we have to check for near by hotel. rnThe manager behaviour is very bad.", "date": "17 Apr 2023", "rating": {"bg_color": "#ff4742", "title": "1"}}, {"user_name": "Himanshu Kumar", "user_image": "usr.image", "review_text": "Room was not at all 1000 rupees a night , it was more like dharamshala.", "date": "17 Apr 2023", "rating": {"bg_color": "#ff4742", "title": "1"}}, {"user_name": "Ashish Shelke", "user_image": "usr.image", "date": "19 Feb 2023", "rating": {"bg_color": "#ff4742", "title": "1"}, "user_image_feedback_list": [{"image_name": "F3609044-F2E3-44BF-8A6A-EFC492BAEFD0564fe781-7b52-4985-9a2b-e93408d946dc.jpeg", "image_url": "https://images.oyoroomscdn.com/ugc-feedback-uploads/F3609044-F2E3-44BF-8A6A-EFC492BAEFD0564fe781-7b52-4985-9a2b-e93408d946dc.jpeg", "type": "jpeg", "uploaded_at": "2023-02-19", "image_id": "177568"}, {"image_name": "CDDB407E-9B23-4F12-864E-D25D9E622C5399deedd5-3135-491f-8434-685d23b24525.jpeg", "image_url": "https://images.oyoroomscdn.com/ugc-feedback-uploads/CDDB407E-9B23-4F12-864E-D25D9E622C5399deedd5-3135-491f-8434-685d23b24525.jpeg", "type": "jpeg", "uploaded_at": "2023-02-19", "image_id": "177567"}, {"image_name": "56877DD1-E013-4F58-9482-02C05111C39277bb84f9-64fc-452f-8e24-8087e98d5e6f.jpeg", "image_url": "https://images.oyoroomscdn.com/ugc-feedback-uploads/56877DD1-E013-4F58-9482-02C05111C39277bb84f9-64fc-452f-8e24-8087e98d5e6f.jpeg", "type": "jpeg", "uploaded_at": "2023-02-19", "image_id": "177566"}, {"image_name": "4BD3BC4C-C7D8-4B16-80A0-9C87E15E8339d412021d-a42e-43aa-95ef-85810d701a7a.jpeg", "image_url": "https://images.oyoroomscdn.com/ugc-feedback-uploads/4BD3BC4C-C7D8-4B16-80A0-9C87E15E8339d412021d-a42e-43aa-95ef-85810d701a7a.jpeg", "type": "jpeg", "uploaded_at": "2023-02-19", "image_id": "177565"}, {"image_name": "3F66C60A-62EE-42E2-B9BA-676C128EE8846486c546-ef8f-4419-b816-a040b883d7cc.jpeg", "image_url": "https://images.oyoroomscdn.com/ugc-feedback-uploads/3F66C60A-62EE-42E2-B9BA-676C128EE8846486c546-ef8f-4419-b816-a040b883d7cc.jpeg", "type": "jpeg", "uploaded_at": "2023-02-19", "image_id": "177564"}]}, {"user_name": "kabir kumar", "user_image": "usr.image", "review_text": "So pathetic hotel also oyo staff was not helpful", "date": "30 Sep 2022", "rating": {"bg_color": "#ff4742", "title": "1"}}, {"user_name": "Aakash", "user_image": "usr.image", "review_text": "They charged extra money saying this is our price. Bith oyo and hotel have misunderstanding and they both together fool coustomers like us", "date": "28 Sep 2022", "rating": {"bg_color": "#ff4742", "title": "1"}}, {"user_name": "Sundeep Chourasiya", "user_image": "usr.image", "review_text": "Staff behaviour not good", "date": "23 Sep 2022", "rating": {"bg_color": "#ff4742", "title": "1"}}, {"user_name": "uttam singh", "user_image": "usr.image", "review_text": "Wrost hotel  i already done payment when we are there he told 300 more to pay.. without ac room no geasure no phone to call reseption room service is too poor suggest to all never go this hotel..", "date": "22 Sep 2022", "rating": {"bg_color": "#ff4742", "title": "1"}}, {"user_name": "midhun chandra babu", "user_image": "usr.image", "review_text": "Hotel had taken additional 400 rupees from from and the room condition was really pathetic ,no towel no amenities was provided and the staff behavior was very rude", "date": "16 Sep 2022", "rating": {"bg_color": "#ff4742", "title": "1"}}, {"user_name": "Mohamed Anees", "user_image": "usr.image", "review_text": "Never ever think of booking room at varcity plazaNothing.All, nimportantly if you book room (online booking.com) at 435+54gst, at the time of check-in they ask you more to pay, in my case I paid 700 in total (no option to get other rooms on spot booking),", "date": "11 Sep 2022", "rating": {"bg_color": "#ff4742", "title": "1"}}, {"user_name": "Roshan mathew", "user_image": "usr.image", "review_text": "They have over charged. They took 250 extra.", "date": "09 Sep 2022", "rating": {"bg_color": "#ff4742", "title": "1"}}, {"user_name": "917736818404 CL", "user_image": "usr.image", "review_text": "Asked for extra money and denied check in until paid. No help from OYO Customer support. Made us to wait outside for nearly 1.5hr. Owner and staffs are very rude.", "date": "09 Sep 2022", "rating": {"bg_color": "#ff4742", "title": "1"}}, {"user_name": "Saiful Haque", "user_image": "usr.image", "review_text": "Very bad experience ..Dirty room and cockroaches ..worst environment wall paint.Reception stuff behaviour kinda rude", "date": "08 Sep 2022", "rating": {"bg_color": "#ff4742", "title": "1"}}, {"user_name": "Vijay Mallela", "user_image": "usr.image", "review_text": "they are charging extra. which is not included in Oyo app.", "date": "05 Sep 2022", "rating": {"bg_color": "#ff4742", "title": "1"}}, {"user_name": "Vimal", "user_image": "usr.image", "review_text": "Receptionist bad behaviour and took extra amount from me. Extra rent from original rent displayed in oyo booking", "date": "01 Sep 2022", "rating": {"bg_color": "#ff4742", "title": "1"}}, {"user_name": "Santhosh S", "user_image": "usr.image", "review_text": "No good they took 200 extra no service", "date": "31 Aug 2022", "rating": {"bg_color": "#ff4742", "title": "1"}}, {"user_name": "Youngwild", "user_image": "usr.image", "review_text": "Online booking shows a lesser amount, and when we approach hotel, they are hesitant to give us for the price in online.", "date": "30 Aug 2022", "rating": {"bg_color": "#ff4742", "title": "1"}}, {"user_name": "Jaiganesh v", "user_image": "usr.image", "review_text": "Rooms are dirty. They charged additional amount dean i booked in make my trip. Beds are worst. Towels are not washed properly", "date": "30 Aug 2022", "rating": {"bg_color": "#ff4742", "title": "1"}}, {"user_name": "KOLE ANJANEYALU", "user_image": "usr.image", "review_text": "Room was dirty smell and they are asking extra money 250 even we paid trough online room was ok but cockroaches in the room not cleaned, in bathroom no water coming in toilet i am really unsatisfied only two things are good 1)wifi, 2)hot water anytime.", "date": "28 Aug 2022", "rating": {"bg_color": "#ff4742", "title": "1"}}, {"user_name": "Vanita Ganta", "user_image": "usr.image", "review_text": "The worst stay and service ever. The window curtains are broken and no toiletries or cleanliness. The room was stinking too bad, When we asked the staff to assist us with a new room they were Soo negligent. The guy in the front office said that what can I do if there's a problem in your room!!! They were least bothered about the customer's satisfaction. They were Soo rude and was talking Soo aggressively. I would never recommend this place too anyone ever.", "date": "26 Aug 2022", "rating": {"bg_color": "#ff4742", "title": "1"}}, {"user_name": "Khadeer", "user_image": "usr.image", "review_text": "Worst experience ever. Rooms were not hygiene and every where there was a gutka smell no water in bathroom even after complain to manager he refused. I have checked out early as i can't able to stay there even for 5 minutes", "date": "25 Aug 2022", "rating": {"bg_color": "#ff4742", "title": "1"}}, {"user_name": "Rishabh Rathi", "user_image": "usr.image", "review_text": "terrible management. extremely dirty room with a lot of cockroaches.", "date": "23 Aug 2022", "rating": {"bg_color": "#ff4742", "title": "1"}}, {"user_name": "Ummid Ali", "user_image": "usr.image", "review_text": "Extra charge why", "date": "19 Aug 2022", "rating": {"bg_color": "#ff4742", "title": "1"}}, {"user_name": "Shaik Irfaan...", "user_image": "usr.image", "review_text": "The room was in a very condition,and the stafs asked me an extra amount to enter into there property,and the management is very irresponsible for it...", "date": "17 Aug 2022", "rating": {"bg_color": "#ff4742", "title": "1"}}, {"user_name": "Suhail", "user_image": "usr.image", "review_text": "Asked for money", "date": "10 Aug 2022", "rating": {"bg_color": "#ff4742", "title": "1"}}, {"user_name": "Shubham Gupta", "user_image": "usr.image", "review_text": "I had booked this oyo at some price which I got good deal after applying coupon. But at the time checkin that Idiot receptionist was asking extra money. \nHe was like give me 500 extra otherwise go and search other place to stay.\nEven he was lying by saying that he got a call from me (but I didn't call him) and I said to him that I'll pay extra money.\nI didn't even call him and discuss anything about room.\nThis was very disappointing I would like OYO team to take action against this property.", "date": "10 Aug 2022", "rating": {"bg_color": "#ff4742", "title": "1"}}, {"user_name": "Lokesh", "user_image": "usr.image", "review_text": "Hospitality is not good. Rooms are not cleaned after a visit. Walls are with fungal infection(mold). No proper communication with Oyo. In Oyo it says TV and wifi, but after visiting there, they are saying they don't have any rooms with TV. I was given no wifi room. I had to change later. Asking extra money apart from the oyo bill.  I don't recommend this place to anyone.", "date": "31 Jul 2022", "rating": {"bg_color": "#ff4742", "title": "1"}}, {"user_name": "Raymond Andrews", "user_image": "usr.image", "review_text": "could have been much cleaner", "date": "29 Jul 2022", "rating": {"bg_color": "#ff4742", "title": "1"}}, {"user_name": "Marvel Babu", "user_image": "usr.image", "review_text": "The room was very dirty.so pathetic.\nThe amount showed in oyo was 549 and hotel charged 700", "date": "28 Jul 2022", "rating": {"bg_color": "#ff4742", "title": "1"}}, {"user_name": "919727153842 Rupareliya", "user_image": "usr.image", "review_text": "There is no room availability", "date": "28 Jul 2022", "rating": {"bg_color": "#ff4742", "title": "1"}}, {"user_name": "Hitesh", "user_image": "usr.image", "review_text": "There was no hygiene, bathroom was broken, no room cleaning. Room had insects. Will never stay here again", "date": "27 Jul 2022", "rating": {"bg_color": "#ff4742", "title": "1"}}, {"user_name": "ankush", "user_image": "usr.image", "review_text": "The room was so dirty, the washroom was uncleaned, the bed sheet and cushions were smelly and the wall was also dirty, had a night mare after entering.", "date": "26 Jul 2022", "rating": {"bg_color": "#ff4742", "title": "1"}}, {"user_name": "Subham Ghosh", "user_image": "usr.image", "review_text": "Bad!Nothing.Their service was bad, we told them to clean our room and they didnu2019t do it throughout our stay", "date": "25 Jul 2022", "rating": {"bg_color": "#ff4742", "title": "1"}}, {"user_name": "Anilkumar Neelakantan", "user_image": "usr.image", "review_text": "Unclean room, room full of cockroaches on the bed and wardrobe, taps were leaking abd the wall paints were peeling off", "date": "24 Jul 2022", "rating": {"bg_color": "#ff4742", "title": "1"}}, {"user_name": "Sony Joseph", "user_image": "usr.image", "review_text": "They have charged me Rs 300 extra while check in .", "date": "24 Jul 2022", "rating": {"bg_color": "#ff4742", "title": "1"}}, {"user_name": "Nidhi Modi", "user_image": "usr.image", "review_text": "Room was very dirty, AC and TV was not working, tap was broken. Very bad experience in the hotel.", "date": "21 Jul 2022", "rating": {"bg_color": "#ff4742", "title": "1"}}, {"user_name": "sabir ali", "user_image": "usr.image", "review_text": "The manager charged 800 extra in cash. The manager didn't provide any bill for it", "date": "21 Jul 2022", "rating": {"bg_color": "#ff4742", "title": "1"}}, {"user_name": "Sagar Reddy", "user_image": "usr.image", "review_text": "Charged extra 200 while check in too bad ?", "date": "20 Jul 2022", "rating": {"bg_color": "#ff4742", "title": "1"}}, {"user_name": "Harish b", "user_image": "usr.image", "review_text": "it's very poor hotel and it's  received money form after check in extra amount for staying", "date": "18 Jul 2022", "rating": {"bg_color": "#ff4742", "title": "1"}}, {"user_name": "Sachin Joy", "user_image": "usr.image", "review_text": "no towel...... no soap...... i paid online... but i paid extra 200 in hotel..... i dnt knw... why...... \ud83e\udd37\u200d\u2642\ufe0f...... very bad experience..... staff not responding... tv not working.... i never suggested to anyone......", "date": "17 Jul 2022", "rating": {"bg_color": "#ff4742", "title": "1"}}, {"user_name": "Fayis Pt", "user_image": "usr.image", "review_text": "Staff & service very bad and add extra amount for booking payment", "date": "16 Jul 2022", "rating": {"bg_color": "#ff4742", "title": "1"}}, {"user_name": "Harshil Kumar", "user_image": "usr.image", "review_text": "My stay was sooo bad here, the staff the cleanliness and the ambience. And they dont let you open windows at any cost..Nothing is good here.The staff is so rude and rooms stink", "date": "16 Jul 2022", "rating": {"bg_color": "#ff4742", "title": "1"}}, {"user_name": "kevin", "user_image": "usr.image", "review_text": "They demanded more money. Room didn't have clean linen. Flush wasn't working", "date": "11 Jul 2022", "rating": {"bg_color": "#ff4742", "title": "1"}}, {"user_name": "Jobin Jose", "user_image": "usr.image", "review_text": "They took 217rs extra from me and I already payed the amount which oyo shows me", "date": "07 Jul 2022", "rating": {"bg_color": "#ff4742", "title": "1"}}, {"user_name": "NIBU JOSEPH", "user_image": "usr.image", "review_text": "I booked room @ 549 and they saying need 800 rs after I reached the location.", "date": "07 Jul 2022", "rating": {"bg_color": "#ff4742", "title": "1"}}, {"user_name": "Aaryan Lal", "user_image": "usr.image", "review_text": "Visitors not allowed, rooms had broken socket , the walls were so dirty and paint was coming off , the bathroom was stuck with stains all over and the bidet was broken", "date": "03 Jul 2022", "rating": {"bg_color": "#ff4742", "title": "1"}}, {"user_name": "SUMAN KUMARMONDAL", "user_image": "usr.image", "review_text": "Extra charge by Hotel i booked for 454 but hotel reception infrom me total need to pay 700 then o ly you can check in so i paid already 454 through OYO then again need to pay 700 - 454 = 246, I paid already that amount because this is my business trips I need to attend meetings on time.", "date": "29 Jun 2022", "rating": {"bg_color": "#ff4742", "title": "1"}}, {"user_name": "SHUBHAM TIWARI", "user_image": "usr.image", "review_text": "taken 1500 more at the time of cheak inn", "date": "27 Jun 2022", "rating": {"bg_color": "#ff4742", "title": "1"}}, {"user_name": "Sanjay Rockz", "user_image": "usr.image", "review_text": "TV was not there and wifi was not working. Room was very okay. Also I have booked on oyo with coupons provided. Hotel was not accepting with the money we booked with coupon they have charged us extra 1000 rupees for 4 days.", "date": "26 Jun 2022", "rating": {"bg_color": "#ff4742", "title": "1"}}, {"user_name": "Vignesh Thandapani", "user_image": "usr.image", "review_text": "I stayed room no 302 but I don't know why hotel manager update 402 in oyo.\nbathroom having water stains, even after requesting to clean it is same,\ngeyser not working,\ninsets are in room,\nunable to open windows,\nno hangers there,\nI don't think they are sanitze the room,\nTV not working ,\nac is not clean,\nswitch are unfit", "date": "24 Jun 2022", "rating": {"bg_color": "#ff4742", "title": "1"}, "user_image_feedback_list": [{"image_name": "hotel_image_7042b415-883c-4509-a67f-237f5138900a4924163576171514793.jpeg", "image_url": "https://images.oyoroomscdn.com/ugc-feedback-uploads/hotel_image_7042b415-883c-4509-a67f-237f5138900a4924163576171514793.jpeg", "type": "jpeg", "uploaded_at": "2022-06-24", "image_id": "86824"}, {"image_name": "hotel_image_7042b415-883c-4509-a67f-237f5138900a8523661308553583384.jpeg", "image_url": "https://images.oyoroomscdn.com/ugc-feedback-uploads/hotel_image_7042b415-883c-4509-a67f-237f5138900a8523661308553583384.jpeg", "type": "jpeg", "uploaded_at": "2022-06-24", "image_id": "86825"}, {"image_name": "hotel_image_7042b415-883c-4509-a67f-237f5138900a923589746611596620.jpeg", "image_url": "https://images.oyoroomscdn.com/ugc-feedback-uploads/hotel_image_7042b415-883c-4509-a67f-237f5138900a923589746611596620.jpeg", "type": "jpeg", "uploaded_at": "2022-06-24", "image_id": "86822"}]}, {"user_name": "Avinash Dadhich", "user_image": "usr.image", "review_text": "nothing was provided like soap towel etc ... no tv in room .... no wifi service 24/7 lift till 5th floor only not in 6th", "date": "20 Jun 2022", "rating": {"bg_color": "#ff4742", "title": "1"}}, {"user_name": "Tripatamma Reddy", "user_image": "usr.image", "review_text": "Poor service", "date": "19 Jun 2022", "rating": {"bg_color": "#ff4742", "title": "1"}}, {"user_name": "Mani", "user_image": "usr.image", "review_text": "I was charged 1100 rupees extra. They said the payment that I made through app / Oyo call was not valid .. poorest experience !! Tried calling Oyo customer care to complaint .. no way I could talk to one .. rooms was very unhygienic.. people were totally not friendly at all.. bedsheets and bed were dirty .. toilets were not clean.. the Oyo executives /\u2018people were not wearing mask.. I paid more than what I actually paid for booking .. I need refund", "date": "18 Jun 2022", "rating": {"bg_color": "#ff4742", "title": "1"}}, {"user_name": "Adarsh kumar", "user_image": "usr.image", "review_text": "ac didn't work and they didn't change the eoom neither gave refund", "date": "18 Jun 2022", "rating": {"bg_color": "#ff4742", "title": "1"}}, {"user_name": "Shireen", "user_image": "usr.image", "review_text": "Poor servicing and rude behaviour. No room that was clean, no bed sheets were clean we can clearly see that was never washed, No AC that works, no water to drink , no chair or table or a glass in the room, no TV, no room servicing, nasty washroom that too no water facilities there in. And the behaviour was beyond imagination it\u2019s just like he is keeping us in the hotel without any charge.  Must report such scam hotels", "date": "14 Jun 2022", "rating": {"bg_color": "#ff4742", "title": "1"}}, {"user_name": "Emad", "user_image": "usr.image", "review_text": "Very bad service", "date": "14 Jun 2022", "rating": {"bg_color": "#ff4742", "title": "1"}}, {"user_name": "Kunal Pradhan", "user_image": "usr.image", "review_text": "the hotel charged me 800 extra as my final amount I paid which was showing was something around 1500 but at reception we reached he told it is not possible to provide room at this cost for so much days for which I have to pay rs 800 extra. \nvery much disappointed", "date": "14 Jun 2022", "rating": {"bg_color": "#ff4742", "title": "1"}}, {"user_name": "Sankar Uppala", "user_image": "usr.image", "review_text": "they took money from me and they didn't provide services to us.", "date": "13 Jun 2022", "rating": {"bg_color": "#ff4742", "title": "1"}}, {"user_name": "Yogesh.a", "user_image": "usr.image", "review_text": "They took extra 250rs I dono why and have a very very bad room. I want my money back.", "date": "12 Jun 2022", "rating": {"bg_color": "#ff4742", "title": "1"}, "user_image_feedback_list": [{"image_name": "hotel_image_fd36412a-8d8d-4989-ab80-c08b7f629c7c4943940858471611342.jpeg", "image_url": "https://images.oyoroomscdn.com/ugc-feedback-uploads/hotel_image_fd36412a-8d8d-4989-ab80-c08b7f629c7c4943940858471611342.jpeg", "type": "jpeg", "uploaded_at": "2022-06-12", "image_id": "80538"}, {"image_name": "hotel_image_fd36412a-8d8d-4989-ab80-c08b7f629c7c494721613643060020.jpeg", "image_url": "https://images.oyoroomscdn.com/ugc-feedback-uploads/hotel_image_fd36412a-8d8d-4989-ab80-c08b7f629c7c494721613643060020.jpeg", "type": "jpeg", "uploaded_at": "2022-06-12", "image_id": "80540"}]}, {"user_name": "Loga KarthickS", "user_image": "usr.image", "review_text": "We have paid 575 via customer helpline,but when we visit the reception they asked extra 225 ruppes..\nI don't know why\ud83d\ude44\ud83d\ude23,I have paid that also...TV is not working and they are not providing the OYO soap...So much of insects are there in somewhere in the room...Western toilet flush is not working..", "date": "11 Jun 2022", "rating": {"bg_color": "#ff4742", "title": "1"}}, {"user_name": "Salman", "user_image": "usr.image", "review_text": "they don't come for cleaning  , no complimentary breakfast ,the sevice was very bad", "date": "11 Jun 2022", "rating": {"bg_color": "#ff4742", "title": "1"}}, {"user_name": "Ranjith", "user_image": "usr.image", "review_text": "They were not ready to provide us rooms due to discount in payment ..I have been facing this for 2 time.... instead they provided another hotel and we have to pay extra money for the room...and the room doesn't have air conditioning soap and anything.....poor experience from staff", "date": "11 Jun 2022", "rating": {"bg_color": "#ff4742", "title": "1"}}, {"user_name": "Sachin Joy", "user_image": "usr.image", "review_text": "bedsheet damege...... not clean well.... very bad experience..... i booked for 600 somthing but he tell me to 800.. very bad....", "date": "06 Jun 2022", "rating": {"bg_color": "#ff4742", "title": "1"}}, {"user_name": "Pranav V", "user_image": "usr.image", "review_text": "online payment rate is entirely different from infront of  reception ,They take extra charges for room,Very poor service", "date": "02 Jun 2022", "rating": {"bg_color": "#ff4742", "title": "1"}, "user_image_feedback_list": [{"image_name": "hotel_image_e49694e1-4bb8-4dca-8e51-98c4cb55f8a22161680020391850875.jpeg", "image_url": "https://images.oyoroomscdn.com/ugc-feedback-uploads/hotel_image_e49694e1-4bb8-4dca-8e51-98c4cb55f8a22161680020391850875.jpeg", "type": "jpeg", "uploaded_at": "2022-06-02", "image_id": "75889"}]}]}}]