[{"data": {"title": "126 Verified Reviews", "rating_data": {"title": "4.7", "bg_color": "#3d8000", "tag": "Excellent", "subtitle": "857 ratings on verified stays by guests"}, "sort_options": [{"type": "date-high", "title": "Recent reviews"}, {"type": "rating-high", "title": "High to low ratings"}, {"type": "rating-low", "title": "Low to high ratings"}], "is_last": false, "next_offset": 101, "reviews": [{"user_name": "Aditya", "user_image": "usr.image", "review_text": "Well maintained. Very Clean and hygiene.", "date": "24 Apr 2023", "rating": {"bg_color": "#346000", "title": "5"}}, {"user_name": "Jamal Hussain", "user_image": "usr.image", "review_text": "Value for money, staffs are very good professional. Goodstay.", "date": "18 Apr 2023", "rating": {"bg_color": "#346000", "title": "5"}}, {"user_name": "Supreeth", "user_image": "usr.image", "review_text": "Couples preferred most for this hotel\nLocation is good\nHotel is good\nStaff is almost good\nSmooth check-in\nNo disturbance\nPeace of mind", "date": "13 Apr 2023", "rating": {"bg_color": "#346000", "title": "5"}}, {"user_name": "Saurav", "user_image": "usr.image", "review_text": "Hotel was very clean and staffs were professional. But they again asked 200 rs. Extra. Why that extra money everyone is asking, i don't understand.", "date": "12 Apr 2023", "rating": {"bg_color": "#346000", "title": "5"}}, {"user_name": "Venkatesh", "user_image": "usr.image", "review_text": "Hote is very clean and neat. It was very good experience with oyo for hotel booking. Offers are decent", "date": "10 Apr 2023", "rating": {"bg_color": "#346000", "title": "5"}}, {"user_name": "KAILASH Satnami", "user_image": "usr.image", "review_text": "Nice location", "date": "04 Apr 2023", "rating": {"bg_color": "#346000", "title": "5"}}, {"user_name": "Rajkumar.L", "user_image": "usr.image", "review_text": "Rooms were neat and clean.", "date": "01 Apr 2023", "rating": {"bg_color": "#346000", "title": "5"}}, {"user_name": "Gowdappa", "user_image": "usr.image", "review_text": "Best hotel for staying\nThey haven't charged me any extra amount....\nSmooth check in and check out\nNice room", "date": "31 Mar 2023", "rating": {"bg_color": "#346000", "title": "5"}}, {"user_name": "Jamal Hussain", "user_image": "usr.image", "review_text": "Fantastic stay", "date": "27 Mar 2023", "rating": {"bg_color": "#346000", "title": "5"}, "user_image_feedback_list": [{"image_name": "IMG-20220908-WA00101d0e22c9-6e31-4a54-92b4-83be9dd890f7.jpg", "image_url": "https://images.oyoroomscdn.com/ugc-feedback-uploads/IMG-20220908-WA00101d0e22c9-6e31-4a54-92b4-83be9dd890f7.jpg", "type": "jpg", "uploaded_at": "2023-03-27", "image_id": "189049"}]}, {"user_name": "Pramod", "user_image": "usr.image", "review_text": "Very good hotel .. nice parking and safe place ..well maintained clean too .. would love to come back again", "date": "24 Mar 2023", "rating": {"bg_color": "#346000", "title": "5"}}, {"user_name": "sudarshan", "user_image": "usr.image", "review_text": "I am happy to be there. It was a pleasant stay there and was cozy.", "date": "22 Mar 2023", "rating": {"bg_color": "#346000", "title": "5"}}, {"user_name": "KAILASH Satnami", "user_image": "usr.image", "review_text": "Very nice neat and clean room..", "date": "19 Mar 2023", "rating": {"bg_color": "#346000", "title": "5"}}, {"user_name": "Vinoth kumar", "user_image": "usr.image", "review_text": "Good room and room clean and i really enjoyed that day but amount is high it's okay comfortable I really love it", "date": "15 Mar 2023", "rating": {"bg_color": "#346000", "title": "5"}, "user_image_feedback_list": [{"image_name": "IMG_20230314_172601ebedd44f-e4c1-493b-89cc-7e10cdf41f1e.jpg", "image_url": "https://images.oyoroomscdn.com/ugc-feedback-uploads/IMG_20230314_172601ebedd44f-e4c1-493b-89cc-7e10cdf41f1e.jpg", "type": "jpg", "uploaded_at": "2023-03-15", "image_id": "185497"}, {"image_name": "IMG_20230314_172557cdf8e671-deb8-45ef-bebc-206c755a1155.jpg", "image_url": "https://images.oyoroomscdn.com/ugc-feedback-uploads/IMG_20230314_172557cdf8e671-deb8-45ef-bebc-206c755a1155.jpg", "type": "jpg", "uploaded_at": "2023-03-15", "image_id": "185496"}, {"image_name": "IMG-20230314-WA001605bd5636-4ac1-434a-8fcd-e0f9704c24b6.jpeg", "image_url": "https://images.oyoroomscdn.com/ugc-feedback-uploads/IMG-20230314-WA001605bd5636-4ac1-434a-8fcd-e0f9704c24b6.jpeg", "type": "jpeg", "uploaded_at": "2023-03-15", "image_id": "185495"}]}, {"user_name": "Rajkumar.L", "user_image": "usr.image", "review_text": "Rooms were neat and clean.", "date": "05 Mar 2023", "rating": {"bg_color": "#346000", "title": "5"}}, {"user_name": "Nithin", "user_image": "usr.image", "review_text": "It was a very pleasant stay", "date": "03 Mar 2023", "rating": {"bg_color": "#346000", "title": "5"}}, {"user_name": "XXX XXX", "user_image": "usr.image", "review_text": "Room was like super clean, staff behaviour was very good and nice location . Superb experience.\ud83d\ude0a\ud83d\ude0c\u263a\ufe0f", "date": "20 Feb 2023", "rating": {"bg_color": "#346000", "title": "5"}}, {"user_name": "Rajesh Shetty", "user_image": "usr.image", "review_text": "Excellent service..feel like home \ud83c\udfe1Staff service hygiene clean..Nothing", "date": "29 Jan 2023", "rating": {"bg_color": "#346000", "title": "5"}}, {"user_name": "Glany", "user_image": "usr.image", "review_text": "The room was all well maintained and it was clean, we had a easy check in to the room without any hurdles also the staff was polite with us, they provided all the required facilities", "date": "22 Jan 2023", "rating": {"bg_color": "#346000", "title": "5"}}, {"user_name": "KAILASH Satnami", "user_image": "usr.image", "review_text": "Comfortable stay....", "date": "22 Jan 2023", "rating": {"bg_color": "#346000", "title": "5"}}, {"user_name": "P Srinivas", "user_image": "usr.image", "review_text": "Very comfortable stay. Thank you OYO\ud83d\udc4d", "date": "20 Jan 2023", "rating": {"bg_color": "#346000", "title": "5"}}, {"user_name": "vajra", "user_image": "usr.image", "review_text": "Excellent Hospitality Services", "date": "20 Jan 2023", "rating": {"bg_color": "#346000", "title": "5"}}, {"user_name": "RAJESH", "user_image": "usr.image", "review_text": "Good", "date": "19 Jan 2023", "rating": {"bg_color": "#346000", "title": "5"}}, {"user_name": "KAILASH Satnami", "user_image": "usr.image", "review_text": "Service was awesome \ud83d\udc4d", "date": "19 Jan 2023", "rating": {"bg_color": "#346000", "title": "5"}, "user_image_feedback_list": [{"image_name": "IMG_20230109_155159bb981962-d919-4ae8-885f-08877c5b3b48.jpg", "image_url": "https://images.oyoroomscdn.com/ugc-feedback-uploads/IMG_20230109_155159bb981962-d919-4ae8-885f-08877c5b3b48.jpg", "type": "jpg", "uploaded_at": "2023-01-19", "image_id": "169349"}]}, {"user_name": "rashmika", "user_image": "usr.image", "review_text": "Nice hotel and staffs...", "date": "19 Jan 2023", "rating": {"bg_color": "#346000", "title": "5"}}, {"user_name": "KAILASH Satnami", "user_image": "usr.image", "review_text": "Very nice. well maintaining, cleaning, staffs service good...", "date": "17 Jan 2023", "rating": {"bg_color": "#346000", "title": "5"}}, {"user_name": "rashmika", "user_image": "usr.image", "review_text": "Comfortable stay...", "date": "17 Jan 2023", "rating": {"bg_color": "#346000", "title": "5"}}, {"user_name": "rashmika", "user_image": "usr.image", "review_text": "Very nice hotel and staffs manager all are soft spoken...", "date": "17 Jan 2023", "rating": {"bg_color": "#346000", "title": "5"}}, {"user_name": "KAILASH Satnami", "user_image": "usr.image", "review_text": "Excellent customer service", "date": "09 Jan 2023", "rating": {"bg_color": "#346000", "title": "5"}}, {"user_name": "rashmika", "user_image": "usr.image", "review_text": "Nice experience \ud83d\ude42 loved", "date": "03 Jan 2023", "rating": {"bg_color": "#346000", "title": "5"}}, {"user_name": "Raveendra", "user_image": "usr.image", "review_text": "Warmststaff, great people, clean, good location\u201d\n\u201cWe love it!\u201d\n\u201cGreat place to stay in global stay\u2763\ufe0f\u201d", "date": "30 Dec 2022", "rating": {"bg_color": "#346000", "title": "5"}}, {"user_name": "Ankush Shetty", "user_image": "usr.image", "review_text": "Good experience overall", "date": "26 Dec 2022", "rating": {"bg_color": "#346000", "title": "5"}, "user_image_feedback_list": [{"image_name": "_MG_2987382ad22b-ed2f-451a-a5aa-6dc3e8a77329.jpg", "image_url": "https://images.oyoroomscdn.com/ugc-feedback-uploads/_MG_2987382ad22b-ed2f-451a-a5aa-6dc3e8a77329.jpg", "type": "jpg", "uploaded_at": "2022-12-26", "image_id": "159958"}]}, {"user_name": "Piyush Raj", "user_image": "usr.image", "review_text": "It was a very nice experience staying in this hotel, all the staff were very polite and humble. Always cooperative.", "date": "25 Dec 2022", "rating": {"bg_color": "#346000", "title": "5"}}, {"user_name": "pramod v", "user_image": "usr.image", "review_text": "Good", "date": "23 Dec 2022", "rating": {"bg_color": "#346000", "title": "5"}}, {"user_name": "Punith Gowda", "user_image": "usr.image", "review_text": "Nice Rooms, Nice service. No problem..", "date": "19 Dec 2022", "rating": {"bg_color": "#346000", "title": "5"}}, {"user_name": "KAILASH Satnami", "user_image": "usr.image", "review_text": "Nice service and good staffs...", "date": "18 Dec 2022", "rating": {"bg_color": "#346000", "title": "5"}}, {"user_name": "Wasim", "user_image": "usr.image", "review_text": "Best service", "date": "13 Dec 2022", "rating": {"bg_color": "#346000", "title": "5"}}, {"user_name": "Harish", "user_image": "usr.image", "review_text": "Hotel is good and clean no issues", "date": "11 Dec 2022", "rating": {"bg_color": "#346000", "title": "5"}}, {"user_name": "AJINITH", "user_image": "usr.image", "review_text": "Clean and hygiene room and bathroom good behavior from the receptionist worth for the money", "date": "10 Dec 2022", "rating": {"bg_color": "#346000", "title": "5"}}, {"user_name": "pramod v", "user_image": "usr.image", "review_text": "Good", "date": "07 Dec 2022", "rating": {"bg_color": "#346000", "title": "5"}}, {"user_name": "kaushik faizan", "user_image": "usr.image", "review_text": "Nice service and frendly stafs", "date": "05 Dec 2022", "rating": {"bg_color": "#346000", "title": "5"}}, {"user_name": "jashuvakommu", "user_image": "usr.image", "review_text": "It was pleasent atmospher and management also good .", "date": "03 Dec 2022", "rating": {"bg_color": "#346000", "title": "5"}}, {"user_name": "Amal Shaji", "user_image": "usr.image", "review_text": "Very good clean and safe", "date": "28 Nov 2022", "rating": {"bg_color": "#346000", "title": "5"}}, {"user_name": "KAILASH Satnami", "user_image": "usr.image", "review_text": "Nice place to stay", "date": "26 Nov 2022", "rating": {"bg_color": "#346000", "title": "5"}}, {"user_name": "KAILASH Satnami", "user_image": "usr.image", "review_text": "Good staff softly spoken....", "date": "25 Nov 2022", "rating": {"bg_color": "#346000", "title": "5"}}, {"user_name": "Satish Kumar", "user_image": "usr.image", "review_text": "Vety good", "date": "23 Nov 2022", "rating": {"bg_color": "#346000", "title": "5"}}, {"user_name": "KAILASH Satnami", "user_image": "usr.image", "review_text": "Excellent friendly staffs..", "date": "20 Nov 2022", "rating": {"bg_color": "#346000", "title": "5"}}, {"user_name": "Prithviraj", "user_image": "usr.image", "review_text": "Clean, neat and hygiene..", "date": "20 Nov 2022", "rating": {"bg_color": "#346000", "title": "5"}}, {"user_name": "Naveen", "user_image": "usr.image", "review_text": "Peaceful place convinent to global village tech park,RV college, kengeri metro station,BGS hospital", "date": "19 Nov 2022", "rating": {"bg_color": "#346000", "title": "5"}}, {"user_name": "Anjani Mahto", "user_image": "usr.image", "review_text": "Nice room and food", "date": "17 Nov 2022", "rating": {"bg_color": "#346000", "title": "5"}}, {"user_name": "Aditya Deshmukh", "user_image": "usr.image", "review_text": "Rooms are very nice and clean and the staff is also very helpful they will come in middle of the night if you need any help", "date": "17 Nov 2022", "rating": {"bg_color": "#346000", "title": "5"}}, {"user_name": "KAILASH Satnami", "user_image": "usr.image", "review_text": "The rooms were clean, very comfortable, and the staff was amazing. \u00b7", "date": "13 Nov 2022", "rating": {"bg_color": "#346000", "title": "5"}, "user_image_feedback_list": [{"image_name": "JPEG_20221113_165803_1996457400120608102b8a91627-3ea1-466f-a4c5-854b2fecd455.jpg", "image_url": "https://images.oyoroomscdn.com/ugc-feedback-uploads/JPEG_20221113_165803_1996457400120608102b8a91627-3ea1-466f-a4c5-854b2fecd455.jpg", "type": "jpg", "uploaded_at": "2022-11-13", "image_id": "143454"}]}, {"user_name": "Prithviraj", "user_image": "usr.image", "review_text": "nice hotel it was...nice location also..hotel staff is so good n helpful n cooperate also..n the main things is it was a safe hotel..i was enjoyed..", "date": "13 Nov 2022", "rating": {"bg_color": "#346000", "title": "5"}}, {"user_name": "Karan", "user_image": "usr.image", "review_text": "The rooms were clean and hygienic.very comfortable stay good location", "date": "13 Nov 2022", "rating": {"bg_color": "#346000", "title": "5"}}, {"user_name": "Sajid ali", "user_image": "usr.image", "review_text": "Very good Osm", "date": "11 Nov 2022", "rating": {"bg_color": "#346000", "title": "5"}}, {"user_name": "Sudheer", "user_image": "usr.image", "review_text": "A very and friendly staff, all was good, good to stay, quick support always provided by staff.", "date": "07 Nov 2022", "rating": {"bg_color": "#346000", "title": "5"}}, {"user_name": "KAILASH Satnami", "user_image": "usr.image", "review_text": "Wonderful room and very helpful service. Our stay was very comfortable and we were kindly provided with anything we needed at all times.I definitely recommend this place!", "date": "06 Nov 2022", "rating": {"bg_color": "#346000", "title": "5"}}, {"user_name": "Yashwanth", "user_image": "usr.image", "review_text": "We had good stay and they gave good service..\nThank you", "date": "06 Nov 2022", "rating": {"bg_color": "#346000", "title": "5"}}, {"user_name": "P J", "user_image": "usr.image", "review_text": "Good hospitality", "date": "03 Nov 2022", "rating": {"bg_color": "#346000", "title": "5"}}, {"user_name": "chandresh negi", "user_image": "usr.image", "review_text": "It was a very good saty very very smooth saty people were very nice and also the locality is very good.", "date": "02 Nov 2022", "rating": {"bg_color": "#346000", "title": "5"}}, {"user_name": "Amal Shaji", "user_image": "usr.image", "review_text": "Nice atmosphere", "date": "22 Oct 2022", "rating": {"bg_color": "#346000", "title": "5"}}, {"user_name": "Chandan", "user_image": "usr.image", "review_text": "It's overall room is good it's also restaurant meal is good. They well maintain room and washroom", "date": "22 Oct 2022", "rating": {"bg_color": "#346000", "title": "5"}}, {"user_name": "Umesh", "user_image": "usr.image", "review_text": "It is good", "date": "21 Oct 2022", "rating": {"bg_color": "#346000", "title": "5"}}, {"user_name": "Naveen", "user_image": "usr.image", "review_text": "Hygiene clean safe parking friendly staf..trained staff", "date": "17 Oct 2022", "rating": {"bg_color": "#346000", "title": "5"}}, {"user_name": "Suprith B", "user_image": "usr.image", "review_text": "It's an amazing to stay in global stay and excellent service by them", "date": "16 Oct 2022", "rating": {"bg_color": "#346000", "title": "5"}, "user_image_feedback_list": [{"image_name": "IMG-20221016-WA00503ef2a75b-04aa-4ead-812c-6d2bca60da67.jpg", "image_url": "https://images.oyoroomscdn.com/ugc-feedback-uploads/IMG-20221016-WA00503ef2a75b-04aa-4ead-812c-6d2bca60da67.jpg", "type": "jpg", "uploaded_at": "2022-10-16", "image_id": "134453"}, {"image_name": "IMG-20221016-WA00522e640123-2142-42e3-b095-54836c05ffea.jpg", "image_url": "https://images.oyoroomscdn.com/ugc-feedback-uploads/IMG-20221016-WA00522e640123-2142-42e3-b095-54836c05ffea.jpg", "type": "jpg", "uploaded_at": "2022-10-16", "image_id": "134454"}, {"image_name": "IMG-20221016-WA005339ba0643-551f-4865-99bf-915cc3e2bff3.jpg", "image_url": "https://images.oyoroomscdn.com/ugc-feedback-uploads/IMG-20221016-WA005339ba0643-551f-4865-99bf-915cc3e2bff3.jpg", "type": "jpg", "uploaded_at": "2022-10-16", "image_id": "134452"}]}, {"user_name": "Nischith Nicky", "user_image": "usr.image", "review_text": "The staff was very nice", "date": "15 Oct 2022", "rating": {"bg_color": "#346000", "title": "5"}}, {"user_name": "Siva Krish", "user_image": "usr.image", "review_text": "Beautiful room", "date": "12 Oct 2022", "rating": {"bg_color": "#346000", "title": "5"}}, {"user_name": "rajeev", "user_image": "usr.image", "review_text": "Very good Lodge and staff", "date": "06 Oct 2022", "rating": {"bg_color": "#346000", "title": "5"}}, {"user_name": "Surya", "user_image": "usr.image", "review_text": "Room ambience is very nice and pleasant stay experience. Room maintenance awesome. \n\nOnly issue was they didnt allowed to check in with price we paid. Later additional 1000 rs paid. They says OYO offer can't be accepted", "date": "04 Oct 2022", "rating": {"bg_color": "#346000", "title": "5"}}, {"user_name": "Shivaprasad", "user_image": "usr.image", "review_text": "Excellent rooms and hygiene", "date": "03 Oct 2022", "rating": {"bg_color": "#346000", "title": "5"}}, {"user_name": "shrus", "user_image": "usr.image", "review_text": "Good ambience..\n\nGood stay", "date": "29 Sep 2022", "rating": {"bg_color": "#346000", "title": "5"}}, {"user_name": "Shilpa Varghese", "user_image": "usr.image", "review_text": "The hotel cleanliness and rooms are very good", "date": "28 Sep 2022", "rating": {"bg_color": "#346000", "title": "5"}}, {"user_name": "sachin", "user_image": "usr.image", "review_text": "Very good maintenance \ud83d\ude00", "date": "28 Sep 2022", "rating": {"bg_color": "#346000", "title": "5"}}, {"user_name": "Milind Nigam", "user_image": "usr.image", "review_text": "Excellent staff and rooms", "date": "26 Sep 2022", "rating": {"bg_color": "#346000", "title": "5"}}, {"user_name": "Veeresh", "user_image": "usr.image", "review_text": "Nice hospitablety", "date": "26 Sep 2022", "rating": {"bg_color": "#346000", "title": "5"}}, {"user_name": "Nikita Nitin", "user_image": "usr.image", "review_text": "Location is good and service is also good", "date": "25 Sep 2022", "rating": {"bg_color": "#346000", "title": "5"}}, {"user_name": "divakar M", "user_image": "usr.image", "review_text": "Good good", "date": "21 Sep 2022", "rating": {"bg_color": "#346000", "title": "5"}}, {"user_name": "Surabhi M", "user_image": "usr.image", "review_text": "Hygienic, kind staff, great ambience", "date": "20 Sep 2022", "rating": {"bg_color": "#346000", "title": "5"}}, {"user_name": "Prithviraj", "user_image": "usr.image", "review_text": "\"Good location and friendly staff service and hygienic clean safe parking;", "date": "20 Sep 2022", "rating": {"bg_color": "#346000", "title": "5"}}, {"user_name": "Engti Reetiz", "user_image": "usr.image", "review_text": "the behavior of the staffs are too good .", "date": "19 Sep 2022", "rating": {"bg_color": "#346000", "title": "5"}}, {"user_name": "K Chaitanya", "user_image": "usr.image", "review_text": "It was good experience. \nThe ambiance was good\nReception was friendly\nRoom was clean.", "date": "19 Sep 2022", "rating": {"bg_color": "#346000", "title": "5"}}, {"user_name": "Sagar", "user_image": "usr.image", "review_text": "customer service", "date": "18 Sep 2022", "rating": {"bg_color": "#346000", "title": "5"}}, {"user_name": "vivek sharma", "user_image": "usr.image", "review_text": "Nyc place nd the staff is too gud", "date": "13 Sep 2022", "rating": {"bg_color": "#346000", "title": "5"}}, {"user_name": "Prince Tyagi", "user_image": "usr.image", "review_text": "Awesome stay", "date": "12 Sep 2022", "rating": {"bg_color": "#346000", "title": "5"}}, {"user_name": "Basavaraju BS", "user_image": "usr.image", "review_text": "Good luck", "date": "12 Sep 2022", "rating": {"bg_color": "#346000", "title": "5"}}, {"user_name": "Sagar", "user_image": "usr.image", "review_text": "Very nice", "date": "10 Sep 2022", "rating": {"bg_color": "#346000", "title": "5"}}, {"user_name": "Pruthvi", "user_image": "usr.image", "review_text": "This is a best and best hotel", "date": "09 Sep 2022", "rating": {"bg_color": "#346000", "title": "5"}}, {"user_name": "dharma", "user_image": "usr.image", "review_text": "Fully cleaned rooms good workers", "date": "07 Sep 2022", "rating": {"bg_color": "#346000", "title": "5"}}, {"user_name": "Kazim Khan", "user_image": "usr.image", "review_text": "It was amazing service", "date": "04 Sep 2022", "rating": {"bg_color": "#346000", "title": "5"}}, {"user_name": "Chandan", "user_image": "usr.image", "review_text": "Nice one", "date": "10 Apr 2023", "rating": {"bg_color": "#58ac00", "title": "4"}}, {"user_name": "Chandru", "user_image": "usr.image", "review_text": "Rooms  was. So. Good. Well. Maintenance  but. Price. What. Shown. In. Oyo. Is. Not. The. Price.  Room. Rent. Was. Another. Price.", "date": "17 Mar 2023", "rating": {"bg_color": "#58ac00", "title": "4"}}, {"user_name": "Nikhil", "user_image": "usr.image", "review_text": "Room Good\nParking Also Good \nNice Cartons\nAc Nice\nLift Is Working \nAll Ok \nBut\nReceptionist Taken Extra Charges Why", "date": "05 Mar 2023", "rating": {"bg_color": "#58ac00", "title": "4"}}, {"user_name": "Paul", "user_image": "usr.image", "review_text": "Very good and neat.", "date": "05 Mar 2023", "rating": {"bg_color": "#58ac00", "title": "4"}}, {"user_name": "Harish", "user_image": "usr.image", "review_text": "Really very much like it this place even budget wise friendly and they are treated very good and also very Haooy to stay again \ud83d\ude00", "date": "21 Jan 2023", "rating": {"bg_color": "#58ac00", "title": "4"}}, {"user_name": "Ganesh H", "user_image": "usr.image", "review_text": "Very much cooperative staff and maitained clean", "date": "08 Jan 2023", "rating": {"bg_color": "#58ac00", "title": "4"}}, {"user_name": "Ajay", "user_image": "usr.image", "review_text": "Good stay and service, linen and bathroom were clean. Paid extra for 200 as they said OYO offers really cheap rates which is not acceptable by the owners. But worth it overall, got it for 1.1k per day/night.", "date": "30 Dec 2022", "rating": {"bg_color": "#58ac00", "title": "4"}}, {"user_name": "Satish", "user_image": "usr.image", "review_text": "Good", "date": "21 Dec 2022", "rating": {"bg_color": "#58ac00", "title": "4"}}, {"user_name": "Karthik", "user_image": "usr.image", "review_text": "Nice stay, nice area, friendly staff..", "date": "19 Dec 2022", "rating": {"bg_color": "#58ac00", "title": "4"}}, {"user_name": "917975504027 Kishan", "user_image": "usr.image", "review_text": "Clean rooms and hygienic bathrooms, good hospitality from staff and comfortable check ins and check out.", "date": "18 Nov 2022", "rating": {"bg_color": "#58ac00", "title": "4"}}, {"user_name": "Irfan Mohammed", "user_image": "usr.image", "review_text": "Nice place, helpful and friendly staff.", "date": "28 Oct 2022", "rating": {"bg_color": "#58ac00", "title": "4"}}, {"user_name": "Abj", "user_image": "usr.image", "review_text": "Good", "date": "12 Oct 2022", "rating": {"bg_color": "#58ac00", "title": "4"}}]}}, {"data": {"title": "126 Verified Reviews", "rating_data": {"title": "4.7", "bg_color": "#3d8000", "tag": "Excellent", "subtitle": "857 ratings on verified stays by guests"}, "sort_options": [{"type": "date-high", "title": "Recent reviews"}, {"type": "rating-high", "title": "High to low ratings"}, {"type": "rating-low", "title": "Low to high ratings"}], "is_last": true, "reviews": [{"user_name": "kumar", "user_image": "usr.image", "review_text": "Good", "date": "26 Sep 2022", "rating": {"bg_color": "#58ac00", "title": "4"}}, {"user_name": "Naveenkumar", "user_image": "usr.image", "review_text": "Also express room service good", "date": "25 Sep 2022", "rating": {"bg_color": "#58ac00", "title": "4"}}, {"user_name": "Suhas g", "user_image": "usr.image", "review_text": "Nice Ambience, good location. Staff behaviour is good", "date": "24 Sep 2022", "rating": {"bg_color": "#58ac00", "title": "4"}}, {"user_name": "Chandra", "user_image": "usr.image", "review_text": "Good services", "date": "06 Sep 2022", "rating": {"bg_color": "#58ac00", "title": "4"}}, {"user_name": "Vivek", "user_image": "usr.image", "review_text": "Location is bit remote and they asked extra money", "date": "06 Apr 2023", "rating": {"bg_color": "#8fc402", "title": "3"}}, {"user_name": "Ajay A", "user_image": "usr.image", "review_text": "They charged extra for the stay.I didn't get hot water for bath other than that everything is good.", "date": "11 Mar 2023", "rating": {"bg_color": "#8fc402", "title": "3"}}, {"user_name": "Rayed Moidu", "user_image": "usr.image", "review_text": "Not so clean", "date": "22 Feb 2023", "rating": {"bg_color": "#8fc402", "title": "3"}}, {"user_name": "Shershad", "user_image": "usr.image", "review_text": "They charged extra Rs.500", "date": "21 Nov 2022", "rating": {"bg_color": "#8fc402", "title": "3"}}, {"user_name": "yaman gouda", "user_image": "usr.image", "review_text": "It's good to stay\nAnd my point of view is safety", "date": "02 Oct 2022", "rating": {"bg_color": "#8fc402", "title": "3"}}, {"user_name": "Sahana P Bhat", "user_image": "usr.image", "review_text": "Food is not available in this hotel need to improve that", "date": "19 Sep 2022", "rating": {"bg_color": "#8fc402", "title": "3"}}, {"user_name": "Abhilash Manyam", "user_image": "usr.image", "review_text": "No hot water. Charged me extra 107 rupees saying you have to pay our commission. No complementary water bottle atleast. They switched off the wifi of the first floor just after i logged in. Wierd hotel calling themselves global stay when there is nothing global about it. Not recommended for solo travellers.", "date": "10 Feb 2023", "rating": {"bg_color": "#feba00", "title": "2"}}, {"user_name": "rajavamsi", "user_image": "usr.image", "review_text": "Wash room smells bad no cleanness", "date": "11 Oct 2022", "rating": {"bg_color": "#feba00", "title": "2"}}, {"user_name": "Rasheed Abdul", "user_image": "usr.image", "review_text": "Pricing was different from websiteThe pricing was different and double the price listed in website", "date": "07 Feb 2023", "rating": {"bg_color": "#ff4742", "title": "1"}}, {"user_name": "Waseem", "user_image": "usr.image", "review_text": "They extra charge at hotel with any reason okz don't visit this hotel", "date": "14 Jan 2023", "rating": {"bg_color": "#ff4742", "title": "1"}}, {"user_name": "Bhimashankar SHANKAR", "user_image": "usr.image", "review_text": "Received more amount than showed in oyo app", "date": "08 Jan 2023", "rating": {"bg_color": "#ff4742", "title": "1"}}, {"user_name": "Dhinakaran Sundaram", "user_image": "usr.image", "review_text": "Booking amount 467. Charged amount 1300 at hotel. Worst hotel ever.", "date": "08 Jan 2023", "rating": {"bg_color": "#ff4742", "title": "1"}}, {"user_name": "raghukumra l", "user_image": "usr.image", "review_text": "Hi hotel management is collected extra money", "date": "04 Jan 2023", "rating": {"bg_color": "#ff4742", "title": "1"}}, {"user_name": "Avinash Sreeramula", "user_image": "usr.image", "review_text": "Hi, I needed to stay upto 31st 08:00 pm. I said that while Checking in. Wrote down the same in the Hotel's registry while checking in also and while checking in itself I told my requirement clearly multiple times and showed the registry also. Worst part is, the hotel asked me to leave as they were getting new year bookings. I needed to leave early. That too after bargain.\nI was paying full on the first also as per hotel's policy, even I stayed for 5-6 hours in the 24 hours of the hotel stay. This too a loss for me.\nComing to amenities, in the 3 days of my stay, they never changed sheet, cleaned the room or toilet. Very awkward and sub par maintenence. I would not recommend this hotel at all.", "date": "01 Jan 2023", "rating": {"bg_color": "#ff4742", "title": "1"}, "user_image_feedback_list": [{"image_name": "IMG_20221231_1300540c128b10-9b0b-4a12-9e3d-e2a06ea9eee0.jpg", "image_url": "https://images.oyoroomscdn.com/ugc-feedback-uploads/IMG_20221231_1300540c128b10-9b0b-4a12-9e3d-e2a06ea9eee0.jpg", "type": "jpg", "uploaded_at": "2023-01-01", "image_id": "162419"}, {"image_name": "IMG_20221229_064930e40a2fa4-8d10-41f7-b3a5-4db2c287a215.jpg", "image_url": "https://images.oyoroomscdn.com/ugc-feedback-uploads/IMG_20221229_064930e40a2fa4-8d10-41f7-b3a5-4db2c287a215.jpg", "type": "jpg", "uploaded_at": "2023-01-01", "image_id": "162420"}, {"image_name": "IMG_20221229_064519711bba48-6c3b-4c0a-8697-8dd97ff4b77d.jpg", "image_url": "https://images.oyoroomscdn.com/ugc-feedback-uploads/IMG_20221229_064519711bba48-6c3b-4c0a-8697-8dd97ff4b77d.jpg", "type": "jpg", "uploaded_at": "2023-01-01", "image_id": "162421"}, {"image_name": "IMG_20221231_130219303edcc9-e795-498d-b501-7f2bb1ac2635.jpg", "image_url": "https://images.oyoroomscdn.com/ugc-feedback-uploads/IMG_20221231_130219303edcc9-e795-498d-b501-7f2bb1ac2635.jpg", "type": "jpg", "uploaded_at": "2023-01-01", "image_id": "162417"}, {"image_name": "IMG_20221231_130049d3267835-095a-4c8a-a1f4-6e612ef03953.jpg", "image_url": "https://images.oyoroomscdn.com/ugc-feedback-uploads/IMG_20221231_130049d3267835-095a-4c8a-a1f4-6e612ef03953.jpg", "type": "jpg", "uploaded_at": "2023-01-01", "image_id": "162418"}, {"image_name": "IMG_20221229_064239ccd40777-34c0-4018-994c-614f3b2e73a7.jpg", "image_url": "https://images.oyoroomscdn.com/ugc-feedback-uploads/IMG_20221229_064239ccd40777-34c0-4018-994c-614f3b2e73a7.jpg", "type": "jpg", "uploaded_at": "2023-01-01", "image_id": "162422"}]}, {"user_name": "ArvindNirni", "user_image": "usr.image", "review_text": "Never goto this facility. He asked took Rs 600 extra, stating we don't encourage OYO booking.\nFloor was so sticky with oil. Washroom was dirty. I didn't have option after visiting that far premise with luggage and had to pay 1200.", "date": "28 Dec 2022", "rating": {"bg_color": "#ff4742", "title": "1"}}, {"user_name": "neella", "user_image": "usr.image", "review_text": "I have facing refund issue and they are telling this is not oyo ask oyo people who have taken money from you like that", "date": "14 Dec 2022", "rating": {"bg_color": "#ff4742", "title": "1"}}, {"user_name": "Manjunath Hunagund", "user_image": "usr.image", "review_text": "I booked the room on oyo app for 772 INR, but upon arriving at the hotel staff said room price is 1200 INR and they took the full extra money.  I would like to get call from oyo customer care representative", "date": "30 Nov 2022", "rating": {"bg_color": "#ff4742", "title": "1"}}, {"user_name": "Suhas g", "user_image": "usr.image", "review_text": "The hotel manager demanded more money than the booking amount. Plz don't go to this hotel. Poor service.", "date": "22 Oct 2022", "rating": {"bg_color": "#ff4742", "title": "1"}}, {"user_name": "jisha", "user_image": "usr.image", "review_text": "Overly charged at the time of check in.", "date": "20 Oct 2022", "rating": {"bg_color": "#ff4742", "title": "1"}}, {"user_name": "Darshan", "user_image": "usr.image", "review_text": "Extra take money  and tv not working", "date": "24 Sep 2022", "rating": {"bg_color": "#ff4742", "title": "1"}}, {"user_name": "Abhijeet Singh", "user_image": "usr.image", "review_text": "They rejected my booking", "date": "12 Sep 2022", "rating": {"bg_color": "#ff4742", "title": "1"}}]}}]