[{"data": {"title": "25 Verified Reviews", "rating_data": {"title": "2.9", "bg_color": "#feba00", "tag": "Fair", "subtitle": "156 ratings on verified stays by guests"}, "sort_options": [{"type": "date-high", "title": "Recent reviews"}, {"type": "rating-high", "title": "High to low ratings"}, {"type": "rating-low", "title": "Low to high ratings"}], "is_last": true, "reviews": [{"user_name": "kishore", "user_image": "usr.image", "review_text": "Room was good but they are charging extra money then why this Oyo app shows wrong info I feel it is very bad they have to inform correct data right...", "date": "25 Mar 2023", "rating": {"bg_color": "#346000", "title": "5"}}, {"user_name": "Ahmed", "user_image": "usr.image", "review_text": "very Exlent but how can i use oyo money", "date": "23 Feb 2023", "rating": {"bg_color": "#346000", "title": "5"}}, {"user_name": "Shikha Samaddar", "user_image": "usr.image", "review_text": "Excellnt room in cheap rate, nice ecpirience, staf behaivier are gud, sure next time will stay there.", "date": "17 Nov 2022", "rating": {"bg_color": "#346000", "title": "5"}}, {"user_name": "Rathish", "user_image": "usr.image", "review_text": "The hotel was good", "date": "13 Nov 2022", "rating": {"bg_color": "#346000", "title": "5"}}, {"user_name": "Ramesh Sundaram", "user_image": "usr.image", "review_text": "Great location close to BCIT IT park \nNew hotel near and clean , good value for money", "date": "15 Sep 2022", "rating": {"bg_color": "#346000", "title": "5"}}, {"user_name": "Babu", "user_image": "usr.image", "review_text": "Very good rooms", "date": "14 Sep 2022", "rating": {"bg_color": "#346000", "title": "5"}}, {"user_name": "Rezaul Ahmed", "user_image": "usr.image", "review_text": "Goood", "date": "02 Sep 2022", "rating": {"bg_color": "#346000", "title": "5"}}, {"user_name": "Mani", "user_image": "usr.image", "review_text": "It is good", "date": "13 Oct 2022", "rating": {"bg_color": "#58ac00", "title": "4"}}, {"user_name": "SHABITHA WORKMAN", "user_image": "usr.image", "review_text": "Please keep ladies staff. One of the make staff was unruly rudeBreakfast was not complimentary, I paid for it.Hygiene", "date": "09 Oct 2022", "rating": {"bg_color": "#58ac00", "title": "4"}}, {"user_name": "Asif Iqbal", "user_image": "usr.image", "review_text": "Location was ideal for me, room was clean, hygiene bathrooms, had issue with power failure as there was no generator.\nThe only thing why i can't give excellent is because i had paid extra on their demand. My first time discount of no use. But I liked the stay. Satisfied. I will In Sha Allah book again. But direct as the price in OYO not accepted by them.", "date": "10 Sep 2022", "rating": {"bg_color": "#58ac00", "title": "4"}}, {"user_name": "krishna patar", "user_image": "usr.image", "review_text": "No word to write. This aap very helpful for every one but the hotels are taking extra money. I don't know what is the reason", "date": "19 Mar 2023", "rating": {"bg_color": "#8fc402", "title": "3"}}, {"user_name": "Khan S", "user_image": "usr.image", "review_text": "It's good but", "date": "13 Mar 2023", "rating": {"bg_color": "#8fc402", "title": "3"}}, {"user_name": "Malini", "user_image": "usr.image", "review_text": "Average", "date": "17 Sep 2022", "rating": {"bg_color": "#8fc402", "title": "3"}}, {"user_name": "Bala s", "user_image": "usr.image", "review_text": "Room was clean and neat\nBut hotel was asking an extra payment\nMore than oyo's price usually,, they are not providing proper room until the payment received\nTheir usual reason was it just\nTechnical error in oyo app\nBut it is very very wrong for collecting extra Payment !!!take  care of this hotel @ oyo", "date": "08 Dec 2022", "rating": {"bg_color": "#feba00", "title": "2"}, "user_image_feedback_list": [{"image_name": "IMG2022120414330803efb3a0-032e-4291-914f-3e88c4a45b0a.jpg", "image_url": "https://images.oyoroomscdn.com/ugc-feedback-uploads/IMG2022120414330803efb3a0-032e-4291-914f-3e88c4a45b0a.jpg", "type": "jpg", "uploaded_at": "2022-12-08", "image_id": "152913"}]}, {"user_name": "Bala s", "user_image": "usr.image", "review_text": "Hotel honnegiri residency asking for extra payments by rude behavior my actual oyo rent was 445 they were asking +650 for accomodation oyo responsible to give a proper responsible and secure to the customers,, that hotel is clearly cheating the customers in form of technical issue!!!", "date": "12 Nov 2022", "rating": {"bg_color": "#feba00", "title": "2"}, "user_image_feedback_list": [{"image_name": "JPEG_20221112_091026_68832606633648876448d3e6ec7-59b1-42b2-a582-8125b02b8d9b.jpg", "image_url": "https://images.oyoroomscdn.com/ugc-feedback-uploads/JPEG_20221112_091026_68832606633648876448d3e6ec7-59b1-42b2-a582-8125b02b8d9b.jpg", "type": "jpg", "uploaded_at": "2022-11-12", "image_id": "143019"}]}, {"user_name": "Naveen kumar", "user_image": "usr.image", "review_text": "Very very bad", "date": "21 Oct 2022", "rating": {"bg_color": "#feba00", "title": "2"}}, {"user_name": "Arundhathy BThenuraan", "user_image": "usr.image", "date": "19 May 2023", "rating": {"bg_color": "#ff4742", "title": "1"}, "user_image_feedback_list": [{"image_name": "JPEG_20230519_173939_352169116235793156585138313-6ec4-4fe6-860c-0cd881378318.jpg", "image_url": "https://images.oyoroomscdn.com/ugc-feedback-uploads/JPEG_20230519_173939_352169116235793156585138313-6ec4-4fe6-860c-0cd881378318.jpg", "type": "jpg", "uploaded_at": "2023-05-19", "image_id": "204094"}]}, {"user_name": "Aly", "user_image": "usr.image", "review_text": "The owner of property charges room as per their own hotel rent not as per the OYO charges. I went to the hotel around 11:30pm and he said that the OYO amount is the discount amount not the room rent. Highly not recommended property.", "date": "19 Mar 2023", "rating": {"bg_color": "#ff4742", "title": "1"}}, {"user_name": "Vaishnav Balak", "user_image": "usr.image", "review_text": "Bad customer service hygiene less", "date": "10 Jan 2023", "rating": {"bg_color": "#ff4742", "title": "1"}}, {"user_name": "Shubham Rupam", "user_image": "usr.image", "review_text": "Very Bad Services,behaviour of hotel manager was not good.he took more money from me apart from online payment and maximum time there was no water in the tap.", "date": "18 Oct 2022", "rating": {"bg_color": "#ff4742", "title": "1"}}, {"user_name": "Jithu", "user_image": "usr.image", "review_text": "Very poor customer handling", "date": "02 Oct 2022", "rating": {"bg_color": "#ff4742", "title": "1"}}, {"user_name": "Md Azharul", "user_image": "usr.image", "review_text": "PoorNothing.Bad location and service", "date": "29 Sep 2022", "rating": {"bg_color": "#ff4742", "title": "1"}}, {"user_name": "Abhishek", "user_image": "usr.image", "review_text": "Service is very poor and room is not clean", "date": "28 Sep 2022", "rating": {"bg_color": "#ff4742", "title": "1"}}, {"user_name": "Shail Thacker", "user_image": "usr.image", "review_text": "Recipient asked for more money at the time of arrival.", "date": "26 Sep 2022", "rating": {"bg_color": "#ff4742", "title": "1"}}, {"user_name": "SIKANDAR KUMAR", "user_image": "usr.image", "review_text": "Worst service provider. After booking done through OYO same amount is asking.", "date": "18 Sep 2022", "rating": {"bg_color": "#ff4742", "title": "1"}}]}}]