[{"data": {"title": "54 Verified Reviews", "rating_data": {"title": "3.4", "bg_color": "#8fc402", "tag": "Fair", "subtitle": "338 ratings on verified stays by guests"}, "sort_options": [{"type": "date-high", "title": "Recent reviews"}, {"type": "rating-high", "title": "High to low ratings"}, {"type": "rating-low", "title": "Low to high ratings"}], "is_last": true, "reviews": [{"user_name": "918754811105 Joshua", "user_image": "usr.image", "date": "09 May 2023", "rating": {"bg_color": "#346000", "title": "5"}, "user_image_feedback_list": [{"image_name": "IMG_20230503_154141d710abbb-a8c5-4eb9-93dc-3a2cedbcbbe9.jpg", "image_url": "https://images.oyoroomscdn.com/ugc-feedback-uploads/IMG_20230503_154141d710abbb-a8c5-4eb9-93dc-3a2cedbcbbe9.jpg", "type": "jpg", "uploaded_at": "2023-05-09", "image_id": "201454"}, {"image_name": "IMG_20230503_171541d9db5074-657d-4fbe-8c89-f0cbf08e181f.jpg", "image_url": "https://images.oyoroomscdn.com/ugc-feedback-uploads/IMG_20230503_171541d9db5074-657d-4fbe-8c89-f0cbf08e181f.jpg", "type": "jpg", "uploaded_at": "2023-05-09", "image_id": "201456"}, {"image_name": "IMG_20230503_1542138e4b382d-6a17-4997-b962-c564a0d1e07c.jpg", "image_url": "https://images.oyoroomscdn.com/ugc-feedback-uploads/IMG_20230503_1542138e4b382d-6a17-4997-b962-c564a0d1e07c.jpg", "type": "jpg", "uploaded_at": "2023-05-09", "image_id": "201452"}, {"image_name": "IMG_20230503_15470247da2ba4-161d-49d4-9663-378781b17aa7.jpg", "image_url": "https://images.oyoroomscdn.com/ugc-feedback-uploads/IMG_20230503_15470247da2ba4-161d-49d4-9663-378781b17aa7.jpg", "type": "jpg", "uploaded_at": "2023-05-09", "image_id": "201448"}, {"image_name": "IMG_20230503_154152cef48cae-16e7-4a3f-9ac4-c36ebee1acf7.jpg", "image_url": "https://images.oyoroomscdn.com/ugc-feedback-uploads/IMG_20230503_154152cef48cae-16e7-4a3f-9ac4-c36ebee1acf7.jpg", "type": "jpg", "uploaded_at": "2023-05-09", "image_id": "201450"}, {"image_name": "IMG_20230503_1540291d7ea999-015c-49a8-906b-17d9beeaabd9.jpg", "image_url": "https://images.oyoroomscdn.com/ugc-feedback-uploads/IMG_20230503_1540291d7ea999-015c-49a8-906b-17d9beeaabd9.jpg", "type": "jpg", "uploaded_at": "2023-05-09", "image_id": "201449"}, {"image_name": "IMG_20230503_15465338cf0e6d-112c-4d0d-a165-d6a0419a6824.jpg", "image_url": "https://images.oyoroomscdn.com/ugc-feedback-uploads/IMG_20230503_15465338cf0e6d-112c-4d0d-a165-d6a0419a6824.jpg", "type": "jpg", "uploaded_at": "2023-05-09", "image_id": "201447"}, {"image_name": "IMG_20230503_1542015aaf55cd-0ad1-450e-9893-abbcc88c15ac.jpg", "image_url": "https://images.oyoroomscdn.com/ugc-feedback-uploads/IMG_20230503_1542015aaf55cd-0ad1-450e-9893-abbcc88c15ac.jpg", "type": "jpg", "uploaded_at": "2023-05-09", "image_id": "201455"}, {"image_name": "IMG_20230503_154223048d954a-62a3-4b98-bbaa-2b1f8ea9fdc7.jpg", "image_url": "https://images.oyoroomscdn.com/ugc-feedback-uploads/IMG_20230503_154223048d954a-62a3-4b98-bbaa-2b1f8ea9fdc7.jpg", "type": "jpg", "uploaded_at": "2023-05-09", "image_id": "201453"}, {"image_name": "IMG_20230503_15464600b74750-bb05-4238-8c06-524cdccd3e2d.jpg", "image_url": "https://images.oyoroomscdn.com/ugc-feedback-uploads/IMG_20230503_15464600b74750-bb05-4238-8c06-524cdccd3e2d.jpg", "type": "jpg", "uploaded_at": "2023-05-09", "image_id": "201451"}]}, {"user_name": "Daniel Kochera.", "user_image": "usr.image", "review_text": "It was a nice place honestly but it\u2019s a bit far away from the city\nThe staff were nice. Had a bit problem with the staff but works.", "date": "11 Feb 2023", "rating": {"bg_color": "#346000", "title": "5"}}, {"user_name": "Chethan", "user_image": "usr.image", "review_text": "It is an amazing place to chill out with friends, maintenance was soo good and I would like to visit again", "date": "26 Dec 2022", "rating": {"bg_color": "#346000", "title": "5"}}, {"user_name": "Sebin Sunny", "user_image": "usr.image", "review_text": "Had a ver nice stay... It's bit outer city but very good place, neat and clean rooms... Hotel staff is good... Room service is available... Recommended for family and couples. I had early check in they asked for 200 additional but still it's a good deal to be frank. Transport availability also good.", "date": "19 Nov 2022", "rating": {"bg_color": "#346000", "title": "5"}}, {"user_name": "Dhananjay", "user_image": "usr.image", "review_text": "Best infrastructure.", "date": "15 Oct 2022", "rating": {"bg_color": "#346000", "title": "5"}}, {"user_name": "Afjalur Rahman", "user_image": "usr.image", "review_text": "Nice stuff, but room is too tiny as its rent is higher than others\nOverall it was a nice experience", "date": "10 Oct 2022", "rating": {"bg_color": "#346000", "title": "5"}}, {"user_name": "Praveen Kumar", "user_image": "usr.image", "review_text": "Very neat", "date": "09 Oct 2022", "rating": {"bg_color": "#346000", "title": "5"}}, {"user_name": "Amal", "user_image": "usr.image", "review_text": "Good Hospitality", "date": "02 Oct 2022", "rating": {"bg_color": "#346000", "title": "5"}}, {"user_name": "Aditya", "user_image": "usr.image", "review_text": "Close to reva university.  Friendly staff brand new property.", "date": "24 Sep 2022", "rating": {"bg_color": "#346000", "title": "5"}}, {"user_name": "Vivek Singh", "user_image": "usr.image", "date": "21 Feb 2023", "rating": {"bg_color": "#58ac00", "title": "4"}, "user_image_feedback_list": [{"image_name": "Screenshot_2023-02-22-01-48-03-18_3d9111e2d3171bf4882369f490c087b4b43fdbfc-f14d-48fe-a10f-a5a82ea4a936.jpg", "image_url": "https://images.oyoroomscdn.com/ugc-feedback-uploads/Screenshot_2023-02-22-01-48-03-18_3d9111e2d3171bf4882369f490c087b4b43fdbfc-f14d-48fe-a10f-a5a82ea4a936.jpg", "type": "jpg", "uploaded_at": "2023-02-21", "image_id": "178588"}, {"image_name": "Screenshot_2023-02-22-01-47-40-20_3d9111e2d3171bf4882369f490c087b4fd4ee712-d754-4d5a-9c89-5bc1c68244ef.jpg", "image_url": "https://images.oyoroomscdn.com/ugc-feedback-uploads/Screenshot_2023-02-22-01-47-40-20_3d9111e2d3171bf4882369f490c087b4fd4ee712-d754-4d5a-9c89-5bc1c68244ef.jpg", "type": "jpg", "uploaded_at": "2023-02-21", "image_id": "178587"}]}, {"user_name": "Mujeeb", "user_image": "usr.image", "review_text": "Lovely hotel in an excellent location. Rooms are spotless & cleaned daily, breakfast is plentiful. Staff are very helpful & plenty of restaurants nearby to experience.... Experience once with best price", "date": "31 Dec 2022", "rating": {"bg_color": "#58ac00", "title": "4"}}, {"user_name": "Narendra Kumar", "user_image": "usr.image", "review_text": "Good", "date": "17 Oct 2022", "rating": {"bg_color": "#58ac00", "title": "4"}}, {"user_name": "MOHAMMED MOHSIN", "user_image": "usr.image", "review_text": "It is good it can perfect if you can add direct hotel number and Oyo assistant..", "date": "05 Oct 2022", "rating": {"bg_color": "#58ac00", "title": "4"}}, {"user_name": "Krishna Tiwari", "user_image": "usr.image", "review_text": "Very clean hotel", "date": "01 Oct 2022", "rating": {"bg_color": "#58ac00", "title": "4"}}, {"user_name": "Manoj Kp", "user_image": "usr.image", "review_text": "Good", "date": "01 Mar 2023", "rating": {"bg_color": "#8fc402", "title": "3"}}, {"user_name": "Abhirajsingh Pawar", "user_image": "usr.image", "review_text": "Hotel was average. Just we were required to pay extra over and above what we paid while booking through mmt. Extra money was charged, else entry was denied. Lift is not installed yet", "date": "23 Feb 2023", "rating": {"bg_color": "#8fc402", "title": "3"}}, {"user_name": "Karthik Rupakula", "user_image": "usr.image", "review_text": "It\u9225\u6a9a located far off without any public transportation around. There is no lift and heater in the washroom. Although property looks good and clean.", "date": "23 Feb 2023", "rating": {"bg_color": "#8fc402", "title": "3"}}, {"user_name": "Vijaykumar Neeralagi", "user_image": "usr.image", "review_text": "Location is decent. Considering i paid 800 rs for a day, i wouldn't complain regarding that. Staff is useless, most of the time nobody is there at the reception. Wouldn't recommend for family but if you are alone and just need a room to sleep then it's fine. Also there is no water heater in the washroom. Lift is also not there and i had my room at 3rd floor. Also there was no water jug or glass that was kept inside the room.", "date": "21 Feb 2023", "rating": {"bg_color": "#8fc402", "title": "3"}}, {"user_name": "Manoj Kumar", "user_image": "usr.image", "review_text": "In oyo app it's shown Rs 315 but... They charged extra rs 485/- i gave total rs800/- to stay there..", "date": "01 Feb 2023", "rating": {"bg_color": "#8fc402", "title": "3"}}, {"user_name": "Rajesh", "user_image": "usr.image", "review_text": "Room is average", "date": "12 Dec 2022", "rating": {"bg_color": "#8fc402", "title": "3"}}, {"user_name": "919629164300", "user_image": "usr.image", "review_text": "It's a place near to REVA University and Bhartiya City, Safe place and offers 24 hour check-in check-out support. Room size is 16*10 with a good sized bathroom. Behaviour of staffs can be professional and there needs to be definite improvement made towards Cleanliness, Lift, Water heater and Curtains.", "date": "07 Dec 2022", "rating": {"bg_color": "#8fc402", "title": "3"}}, {"user_name": "Amaan", "user_image": "usr.image", "review_text": "Not so good", "date": "26 Nov 2022", "rating": {"bg_color": "#8fc402", "title": "3"}}, {"user_name": "Dhruv Chakraborty", "user_image": "usr.image", "review_text": "No towels", "date": "25 Nov 2022", "rating": {"bg_color": "#8fc402", "title": "3"}}, {"user_name": "Shashank Ojha", "user_image": "usr.image", "review_text": "Affordable, clean, spacious room. Near main road\nGeyser was not there and no in house kitchen facility", "date": "05 Nov 2022", "rating": {"bg_color": "#8fc402", "title": "3"}}, {"user_name": "Sk ZeeshanAhamed", "user_image": "usr.image", "review_text": "Not clean no curtains in the windows..", "date": "09 Oct 2022", "rating": {"bg_color": "#8fc402", "title": "3"}}, {"user_name": "Dekshithaa B", "user_image": "usr.image", "review_text": "The building ambience was poor. No lift facility, network range was way too low, TV connection not provided and no inbuilt food/resturant was missing. Kinda disappointment.", "date": "09 Oct 2022", "rating": {"bg_color": "#8fc402", "title": "3"}}, {"user_name": "Sakshi", "user_image": "usr.image", "review_text": "The owner was greddy nd was asking to pay more than the booking price", "date": "21 Jan 2023", "rating": {"bg_color": "#feba00", "title": "2"}}, {"user_name": "Abhiram Rampilla", "user_image": "usr.image", "review_text": "Charging extra money even after paying total amount", "date": "29 Nov 2022", "rating": {"bg_color": "#feba00", "title": "2"}}, {"user_name": "Vyshnav", "user_image": "usr.image", "review_text": "Checkin time is very long.. we waited for 30 min to completed checkin. Room is not clean and the toilet is not hygiene and clean. Toilet have no light. In between the stay, the power was failed multiple times for a long period. And they don\u2019t care without telling them", "date": "27 Nov 2022", "rating": {"bg_color": "#feba00", "title": "2"}}, {"user_name": "Vishal RGawali", "user_image": "usr.image", "review_text": "Room is new cleaned but there is no hot water to take bath. Sometimes there is not water at all. Apart from that there is no towel also. These are basic things which are missing", "date": "25 Nov 2022", "rating": {"bg_color": "#feba00", "title": "2"}}, {"user_name": "Vishal RGawali", "user_image": "usr.image", "review_text": "Not having water", "date": "21 Nov 2022", "rating": {"bg_color": "#feba00", "title": "2"}}, {"user_name": "Shashank Ojha", "user_image": "usr.image", "date": "02 May 2023", "rating": {"bg_color": "#ff4742", "title": "1"}, "user_image_feedback_list": [{"image_name": "FC2C1B61-FE87-4BC1-AF8C-CF0726617127331fe7e6-1194-44f6-afe0-65db275f6818.jpeg", "image_url": "https://images.oyoroomscdn.com/ugc-feedback-uploads/FC2C1B61-FE87-4BC1-AF8C-CF0726617127331fe7e6-1194-44f6-afe0-65db275f6818.jpeg", "type": "jpeg", "uploaded_at": "2023-05-02", "image_id": "199426"}, {"image_name": "B3AD94D5-83F8-4BC2-8602-11683D197861881fefc8-3d75-4ec8-be81-fe939e476a38.jpeg", "image_url": "https://images.oyoroomscdn.com/ugc-feedback-uploads/B3AD94D5-83F8-4BC2-8602-11683D197861881fefc8-3d75-4ec8-be81-fe939e476a38.jpeg", "type": "jpeg", "uploaded_at": "2023-05-02", "image_id": "199425"}, {"image_name": "5149A903-F678-42BE-B40A-43CEFCB9F4A15cb8081e-e71b-48a1-8dfc-99da9ead6f0d.jpeg", "image_url": "https://images.oyoroomscdn.com/ugc-feedback-uploads/5149A903-F678-42BE-B40A-43CEFCB9F4A15cb8081e-e71b-48a1-8dfc-99da9ead6f0d.jpeg", "type": "jpeg", "uploaded_at": "2023-05-02", "image_id": "199423"}, {"image_name": "125BF33D-D417-4B21-B61A-8557E4C88144d0dcbb49-d785-44bc-b007-22f452153159.jpeg", "image_url": "https://images.oyoroomscdn.com/ugc-feedback-uploads/125BF33D-D417-4B21-B61A-8557E4C88144d0dcbb49-d785-44bc-b007-22f452153159.jpeg", "type": "jpeg", "uploaded_at": "2023-05-02", "image_id": "199422"}, {"image_name": "C62CC377-EF23-4FF4-BCF7-E9FE066DB8BA36ebac5e-150f-444f-8a95-8cf22706f68c.jpeg", "image_url": "https://images.oyoroomscdn.com/ugc-feedback-uploads/C62CC377-EF23-4FF4-BCF7-E9FE066DB8BA36ebac5e-150f-444f-8a95-8cf22706f68c.jpeg", "type": "jpeg", "uploaded_at": "2023-05-02", "image_id": "199427"}, {"image_name": "89FC7027-7CD3-455F-9DA4-CD1FF54CFE408035aca0-98cb-4df9-8f74-7403a9e95658.jpeg", "image_url": "https://images.oyoroomscdn.com/ugc-feedback-uploads/89FC7027-7CD3-455F-9DA4-CD1FF54CFE408035aca0-98cb-4df9-8f74-7403a9e95658.jpeg", "type": "jpeg", "uploaded_at": "2023-05-02", "image_id": "199424"}]}, {"user_name": "Prem Naik", "user_image": "usr.image", "review_text": "When compared to the road, the room had more dust inside. Bed had the worst smell and caused vomit-ting. No current plus no water adding on, bottles and cigarettes in the washroom. Staying here is recommended at your own risk.", "date": "23 Apr 2023", "rating": {"bg_color": "#ff4742", "title": "1"}}, {"user_name": "918553716430", "user_image": "usr.image", "review_text": "Very poor they didn\u2019t have lift or any facility strictly not recommended for couples", "date": "27 Mar 2023", "rating": {"bg_color": "#ff4742", "title": "1"}}, {"user_name": "Praveen KumarG", "user_image": "usr.image", "review_text": "It was very dirty , no proper maintenance and full room was with ants nd no AC remote available, no drinking water facility no proper help desk and no lift and negligence parking facility and zero tolerance cleanliness.", "date": "20 Mar 2023", "rating": {"bg_color": "#ff4742", "title": "1"}}, {"user_name": "MohammedHassan", "user_image": "usr.image", "review_text": "No lift, no geyser, dirty sheets, poor service, filthy place\u2026\nWhat else can I say, one of the worst places to stay\u2026couldn\u2019t believe people don\u2019t have basic understanding about cleanliness and maintenance\u2026", "date": "21 Feb 2023", "rating": {"bg_color": "#ff4742", "title": "1"}}, {"user_name": "Kumar Amit", "user_image": "usr.image", "review_text": "1Staff changed 100 rupees extra.Bad is nice but staff its charging much amount", "date": "20 Jan 2023", "rating": {"bg_color": "#ff4742", "title": "1"}}, {"user_name": "Preetham", "user_image": "usr.image", "review_text": "The manager from the previous hotel didn't let us in. I had to call the support who gave me this crappy hotel with no electricity, no water and dirty sheets. There was no lift or wash items available either. I am being shifted to a different property the 2nd time after confirmation of booking. If it happens again I am lodging a complain against OYO.", "date": "19 Jan 2023", "rating": {"bg_color": "#ff4742", "title": "1"}}, {"user_name": "Mohammad Mujahid", "user_image": "usr.image", "review_text": "Hotel person charged additional amount", "date": "17 Jan 2023", "rating": {"bg_color": "#ff4742", "title": "1"}}, {"user_name": "Azmathulla", "user_image": "usr.image", "review_text": "Bad behavior extra money recave hotel manejar", "date": "03 Jan 2023", "rating": {"bg_color": "#ff4742", "title": "1"}}, {"user_name": "Monalisha Pradhan", "user_image": "usr.image", "review_text": "I have paid 3 room&#39;s rent but they have given 2", "date": "31 Dec 2022", "rating": {"bg_color": "#ff4742", "title": "1"}}, {"user_name": "Gopalkrishna Sharma", "user_image": "usr.image", "review_text": "Poor amenities..no water for most part, if the flush tank in the toilet can't function because of lack of water, that's atrocious. The toilet faucet did not have a head", "date": "27 Dec 2022", "rating": {"bg_color": "#ff4742", "title": "1"}}, {"user_name": "Mohamed Thanseer", "user_image": "usr.image", "review_text": "Very bad", "date": "26 Dec 2022", "rating": {"bg_color": "#ff4742", "title": "1"}}, {"user_name": "Hussain", "user_image": "usr.image", "review_text": "Very poor n cleaning not on time.", "date": "26 Dec 2022", "rating": {"bg_color": "#ff4742", "title": "1"}}, {"user_name": "Anurag Tripathi", "user_image": "usr.image", "review_text": "First of all they charged me extra Rs 497 as they said we cannot give room at the booking rate as it is very low and because i was so exhausted i paid them extra . Secondly the room was very dirty bedsheets had hair on it , the washroom was not cleaned at all . I have clicked pictures of everything i think i will never use oyo again. It was a pathetic experience i literally checked out in 3hrs .", "date": "24 Dec 2022", "rating": {"bg_color": "#ff4742", "title": "1"}, "user_image_feedback_list": [{"image_name": "IMG_20221218_150826d32ba57b-9ef1-4799-af47-55dc16e1018a.jpg", "image_url": "https://images.oyoroomscdn.com/ugc-feedback-uploads/IMG_20221218_150826d32ba57b-9ef1-4799-af47-55dc16e1018a.jpg", "type": "jpg", "uploaded_at": "2022-12-24", "image_id": "158866"}, {"image_name": "IMG_20221218_1511181f340ac6-3d59-4cb3-9679-8d7d82246a12.jpg", "image_url": "https://images.oyoroomscdn.com/ugc-feedback-uploads/IMG_20221218_1511181f340ac6-3d59-4cb3-9679-8d7d82246a12.jpg", "type": "jpg", "uploaded_at": "2022-12-24", "image_id": "158868"}]}, {"user_name": "Mohan Padamata", "user_image": "usr.image", "review_text": "Worst Maintenance n staffNothing.Everything. . Not clean, collected 500rs for early check in without information.  No cleaning, no facilities of changing bedsheet,no towel etc.", "date": "18 Dec 2022", "rating": {"bg_color": "#ff4742", "title": "1"}}, {"user_name": "918553716430", "user_image": "usr.image", "review_text": "Unwashed bedsheet and poor management", "date": "16 Dec 2022", "rating": {"bg_color": "#ff4742", "title": "1"}}, {"user_name": "B Stfu", "user_image": "usr.image", "review_text": "I was charged extra", "date": "09 Dec 2022", "rating": {"bg_color": "#ff4742", "title": "1"}}, {"user_name": "Vishal RGawali", "user_image": "usr.image", "review_text": "Not good service, pathetic hotel. . Delet from oyo", "date": "01 Dec 2022", "rating": {"bg_color": "#ff4742", "title": "1"}}, {"user_name": "Rahul Kumar", "user_image": "usr.image", "review_text": "Hotel staff is not good.\nRoom is very dirty.\nDo not change the bedsheet every day.\nDo not talk good with guest.\nThey drinks vine in hotel room.\nDon't clean the room per day.", "date": "26 Nov 2022", "rating": {"bg_color": "#ff4742", "title": "1"}}, {"user_name": "Karthik", "user_image": "usr.image", "review_text": "Not at all good no lift and room is not clean and not maintaining the room and smells very bad not at all satisfactory", "date": "21 Nov 2022", "rating": {"bg_color": "#ff4742", "title": "1"}}, {"user_name": "Namrata Sharma", "user_image": "usr.image", "review_text": "The worst experience i have ever had,will never recommend anyone to stay here.How can bookings.com give contract to such person.There was nothing good about the place.It was basically hell", "date": "19 Nov 2022", "rating": {"bg_color": "#ff4742", "title": "1"}}, {"user_name": "Sivaraj P", "user_image": "usr.image", "review_text": "Worst response from hotel \nAmenities are not upto to expectations\nNot responding properly\nExtra charged even after proper check in. The reason they said was it was system error in OYO app. Once reached room we should have to stay with no option left. Bed sheets are not properly changed, no AC , no tv. TV not recharged. No hot water. No lift facilities. No one has came for helping the luggage to shift to upto top floor. In emergency cases also, reception people are not responding. Have to come from top floor and that too the hotel people are not responding. No cleaning done. Frustrated \ud83e\udd74. \nPeople are coming far away from different locations have to guide or respond properly. If we tells the name OYO, they are always charging extra, then what is the use of booking the OYO. OYO customer care people are also not guiding properly. Nothing to say.", "date": "10 Nov 2022", "rating": {"bg_color": "#ff4742", "title": "1"}}, {"user_name": "Akshay Lucky", "user_image": "usr.image", "review_text": "Charged extra money worst maintenance", "date": "07 Nov 2022", "rating": {"bg_color": "#ff4742", "title": "1"}}]}}]