[{"data": {"title": "1 Verified Reviews", "rating_data": {"title": "4.0", "bg_color": "#58ac00", "tag": "Very Good", "subtitle": "6 ratings on verified stays by guests"}, "sort_options": [{"type": "date-high", "title": "Recent reviews"}, {"type": "rating-high", "title": "High to low ratings"}, {"type": "rating-low", "title": "Low to high ratings"}], "is_last": true, "reviews": [{"user_name": "Soniya De", "user_image": "usr.image", "review_text": "everything was great! the staff was friendly and kind. rooms are clean and perfect.", "date": "27 Nov 2022", "rating": {"bg_color": "#346000", "title": "5"}}]}}]