[{"data": {"title": "21 Verified Reviews", "rating_data": {"title": "3.8", "bg_color": "#b4da55", "tag": "Good", "subtitle": "96 ratings on verified stays by guests"}, "sort_options": [{"type": "date-high", "title": "Recent reviews"}, {"type": "rating-high", "title": "High to low ratings"}, {"type": "rating-low", "title": "Low to high ratings"}], "is_last": true, "reviews": [{"user_name": "Rahan", "user_image": "usr.image", "review_text": "Good hotel good service", "date": "23 Apr 2023", "rating": {"bg_color": "#346000", "title": "5"}}, {"user_name": "Thiruppathi Madhu", "user_image": "usr.image", "review_text": "Room is very clean. Check in and checkout was smooth", "date": "04 Apr 2023", "rating": {"bg_color": "#346000", "title": "5"}}, {"user_name": "Thiruppathi Madhu", "user_image": "usr.image", "review_text": "I liked the room. The room is very clean and confirtable. No disturbance. Oyo support team is very helpful from checkin to checkout. If any query raised they are resolving quickly.", "date": "04 Mar 2023", "rating": {"bg_color": "#346000", "title": "5"}}, {"user_name": "Thiruppathi Madhu", "user_image": "usr.image", "review_text": "Room is good, check in was very smooth.\nDon't have any issue with staying.\nIf anything is asked, it's getting resolved as soon as possible!", "date": "05 Feb 2023", "rating": {"bg_color": "#346000", "title": "5"}}, {"user_name": "BhushitParekh", "user_image": "usr.image", "review_text": "Best hotel best room best facilities", "date": "19 Jan 2023", "rating": {"bg_color": "#346000", "title": "5"}}, {"user_name": "Srinivasa Murthy", "user_image": "usr.image", "date": "23 Dec 2022", "rating": {"bg_color": "#346000", "title": "5"}, "user_image_feedback_list": [{"image_name": "IMG-20211104-WA0010a82cae5f-277e-4c03-bd35-80ac0dd22e6d.jpg", "image_url": "https://images.oyoroomscdn.com/ugc-feedback-uploads/IMG-20211104-WA0010a82cae5f-277e-4c03-bd35-80ac0dd22e6d.jpg", "type": "jpg", "uploaded_at": "2022-12-23", "image_id": "158787"}]}, {"user_name": "Amit singh", "user_image": "usr.image", "review_text": "The stay was very nice, Room was very clean and well maintained and the service was also good. Manager and the staff was very polite.", "date": "25 Nov 2022", "rating": {"bg_color": "#346000", "title": "5"}}, {"user_name": "Sanket Chakwe", "user_image": "usr.image", "date": "14 May 2023", "rating": {"bg_color": "#58ac00", "title": "4"}, "user_image_feedback_list": [{"image_name": "JPEG_20230514_164455_80402954981703572505f79d54f-e81f-407c-95e8-118332950dee.jpg", "image_url": "https://images.oyoroomscdn.com/ugc-feedback-uploads/JPEG_20230514_164455_80402954981703572505f79d54f-e81f-407c-95e8-118332950dee.jpg", "type": "jpg", "uploaded_at": "2023-05-14", "image_id": "202714"}]}, {"user_name": "Dinesh", "user_image": "usr.image", "review_text": "Good", "date": "08 Mar 2023", "rating": {"bg_color": "#58ac00", "title": "4"}}, {"user_name": "Vinod", "user_image": "usr.image", "date": "19 Nov 2022", "rating": {"bg_color": "#58ac00", "title": "4"}, "user_image_feedback_list": [{"image_name": "IMG-20221119-WA0001eced1b1b-9a04-4d48-8a56-e5630edf06f2.jpg", "image_url": "https://images.oyoroomscdn.com/ugc-feedback-uploads/IMG-20221119-WA0001eced1b1b-9a04-4d48-8a56-e5630edf06f2.jpg", "type": "jpg", "uploaded_at": "2022-11-19", "image_id": "145933"}]}, {"user_name": "Suman", "user_image": "usr.image", "review_text": "Asked extra checking time", "date": "18 Nov 2022", "rating": {"bg_color": "#8fc402", "title": "3"}}, {"user_name": "Saurabh Jangid", "user_image": "usr.image", "review_text": "I had to pay more than my booked account because staff denied to accept digital identity proofs. And staff behaviour was also bad. \nAnother major point is basic washroom amenities were broken.", "date": "01 Mar 2023", "rating": {"bg_color": "#ff4742", "title": "1"}}, {"user_name": "Dhruv Rana", "user_image": "usr.image", "review_text": "Worst experience from OYO team side that they have not infom us about cancelling of our booked hotel & when we reach out the booked hotel they said the booking was cancelled already 2 days ago. After that OYO team transfer us nearby partnering hotel when we get trouble to get check in because of revised tarrif.After get check in , after 5-6 hours again they revised the cost & viewed as payable balance.& Again we get trouble.Finally we get  checkin properly after 6-7 hours.", "date": "12 Feb 2023", "rating": {"bg_color": "#ff4742", "title": "1"}}, {"user_name": "Mrunmayi Gadre", "user_image": "usr.image", "date": "17 Jan 2023", "rating": {"bg_color": "#ff4742", "title": "1"}, "user_image_feedback_list": [{"image_name": "IMG2022121709172575139e08-46d3-4067-8f5e-08e7aca4393d.jpg", "image_url": "https://images.oyoroomscdn.com/ugc-feedback-uploads/IMG2022121709172575139e08-46d3-4067-8f5e-08e7aca4393d.jpg", "type": "jpg", "uploaded_at": "2023-01-17", "image_id": "168514"}, {"image_name": "IMG2022121709172566caadfa-d88d-4b68-89ca-9ae3c447f8d7.jpg", "image_url": "https://images.oyoroomscdn.com/ugc-feedback-uploads/IMG2022121709172566caadfa-d88d-4b68-89ca-9ae3c447f8d7.jpg", "type": "jpg", "uploaded_at": "2023-01-17", "image_id": "168515"}]}, {"user_name": "kishor kumar", "user_image": "usr.image", "review_text": "booking through this is a fraud. simply taking reservation amount..I  did not stay only. they said they wont consider the booking, they asked me to pay 900 rs for room. but while booking it was showing 380. so i feel its a fraud. my reservation amount is wasted. if possible pls refund it.", "date": "12 Jan 2023", "rating": {"bg_color": "#ff4742", "title": "1"}}, {"user_name": "Shyamjith Pashnath", "user_image": "usr.image", "review_text": "Very bad experience. They charged more than the booking amount.\n\nOyo service is going down day by day.", "date": "18 Dec 2022", "rating": {"bg_color": "#ff4742", "title": "1"}}, {"user_name": "Uttam patar", "user_image": "usr.image", "review_text": "Not good", "date": "16 Dec 2022", "rating": {"bg_color": "#ff4742", "title": "1"}}, {"user_name": "Nitin Yadav", "user_image": "usr.image", "review_text": "He was asking more money nIt was showing 500 and we paid that amount online but after reaching theirNothing.Owners behaviour", "date": "09 Dec 2022", "rating": {"bg_color": "#ff4742", "title": "1"}}, {"user_name": "MOHD", "user_image": "usr.image", "review_text": "I can book 430 but hotel is take 600 rs extra from me\ni can take problem in night time pls refund my money\nAnd pls stop hotel fraud", "date": "01 Dec 2022", "rating": {"bg_color": "#ff4742", "title": "1"}}, {"user_name": "Praveen", "user_image": "usr.image", "review_text": "Very poor service very bad staff service extra amount demanded arogent staff", "date": "14 Nov 2022", "rating": {"bg_color": "#ff4742", "title": "1"}}, {"user_name": "Sandeep P", "user_image": "usr.image", "review_text": "Fake offer given and worst experience....!Spacious room is the only thing which we liked.First of all, the booking was confirmed for Rs.490 something. But the receptionist said that room cannot be given for that rate and ordered me to leave. I had no other option rathee than paying double of the booking amount i.e Rs.900. Also I had to rush for medical emergency at early morning 5am, it was then another receptionist who first refused to open the main gate and then asked a load of questions. Totally the experience was horrible. Where did the hotel management getting such staffs and if the hotel couldn&#39;t give the offer, why showing fake offer on online booking sites.", "date": "12 Nov 2022", "rating": {"bg_color": "#ff4742", "title": "1"}}]}}]