[{"data": {"title": "22 Verified Reviews", "rating_data": {"title": "3.4", "bg_color": "#8fc402", "tag": "Fair", "subtitle": "161 ratings on verified stays by guests"}, "sort_options": [{"type": "date-high", "title": "Recent reviews"}, {"type": "rating-high", "title": "High to low ratings"}, {"type": "rating-low", "title": "Low to high ratings"}], "is_last": true, "reviews": [{"user_name": "Iraishita Nair", "user_image": "usr.image", "review_text": "Amazing rooms", "date": "19 Apr 2023", "rating": {"bg_color": "#346000", "title": "5"}}, {"user_name": "AJITH", "user_image": "usr.image", "review_text": "Good rooms..friendly staff \ud83d\udc4f", "date": "17 Apr 2023", "rating": {"bg_color": "#346000", "title": "5"}}, {"user_name": "Vinith", "user_image": "usr.image", "review_text": "Good experience I felt happy staying here", "date": "14 Apr 2023", "rating": {"bg_color": "#346000", "title": "5"}}, {"user_name": "NILESH PRAKASH", "user_image": "usr.image", "review_text": "Good", "date": "09 Apr 2023", "rating": {"bg_color": "#346000", "title": "5"}}, {"user_name": "Eldho Scariya", "user_image": "usr.image", "review_text": "Excellent", "date": "19 Mar 2023", "rating": {"bg_color": "#346000", "title": "5"}}, {"user_name": "mohan", "user_image": "usr.image", "review_text": "Excellent service.", "date": "11 Mar 2023", "rating": {"bg_color": "#346000", "title": "5"}}, {"user_name": "Mahesh Kumar", "user_image": "usr.image", "review_text": "Excellent service", "date": "13 Feb 2023", "rating": {"bg_color": "#346000", "title": "5"}}, {"user_name": "SriRam S", "user_image": "usr.image", "date": "12 Feb 2023", "rating": {"bg_color": "#346000", "title": "5"}, "user_image_feedback_list": [{"image_name": "20221217_234913fec25d0f-576c-43a1-83f8-c07cce4f896d.jpg", "image_url": "https://images.oyoroomscdn.com/ugc-feedback-uploads/20221217_234913fec25d0f-576c-43a1-83f8-c07cce4f896d.jpg", "type": "jpg", "uploaded_at": "2023-02-12", "image_id": "175247"}, {"image_name": "VideoCapture_20230212-18323944110e20-d461-4632-a2f2-282234aab528.jpg", "image_url": "https://images.oyoroomscdn.com/ugc-feedback-uploads/VideoCapture_20230212-18323944110e20-d461-4632-a2f2-282234aab528.jpg", "type": "jpg", "uploaded_at": "2023-02-12", "image_id": "175248"}, {"image_name": "VideoCapture_20230212-183220e58cae56-7c24-46df-b5f9-9f9597aa1656.jpg", "image_url": "https://images.oyoroomscdn.com/ugc-feedback-uploads/VideoCapture_20230212-183220e58cae56-7c24-46df-b5f9-9f9597aa1656.jpg", "type": "jpg", "uploaded_at": "2023-02-12", "image_id": "175249"}]}, {"user_name": "Manjunatha", "user_image": "usr.image", "date": "26 Dec 2022", "rating": {"bg_color": "#346000", "title": "5"}, "user_image_feedback_list": [{"image_name": "Screenshot_20221226_212752b000ed5f-4508-4820-babd-1446e2cbf4ef.jpg", "image_url": "https://images.oyoroomscdn.com/ugc-feedback-uploads/Screenshot_20221226_212752b000ed5f-4508-4820-babd-1446e2cbf4ef.jpg", "type": "jpg", "uploaded_at": "2022-12-26", "image_id": "160127"}]}, {"user_name": "Mohammed", "user_image": "usr.image", "date": "22 May 2023", "rating": {"bg_color": "#58ac00", "title": "4"}, "user_image_feedback_list": [{"image_name": "image16d83442-d6e9-44c5-beaf-49bdbd2a0fe9.jpg", "image_url": "https://images.oyoroomscdn.com/ugc-feedback-uploads/image16d83442-d6e9-44c5-beaf-49bdbd2a0fe9.jpg", "type": "jpg", "uploaded_at": "2023-05-22", "image_id": "204797"}]}, {"user_name": "Lingesh", "user_image": "usr.image", "review_text": "The hotel was nice place to stay good maintenance of room nic place to chill and sty  but tv was not working", "date": "06 Dec 2022", "rating": {"bg_color": "#58ac00", "title": "4"}}, {"user_name": "Ashwin Mohan", "user_image": "usr.image", "review_text": "The overall stay was good, room was clean with AC and hot water, but without amenities..The hotel and staff were fine considering the price.  The A&#47;C worked well, and hot running water was readily available.  The bed was comfortable, the room was not too small&#47;cramped, but looked nothing like the advertised photo ;) The photo was too good to be true considering the price, so I should have seen it coming!.Oyo dropped the ball on this one.  They collected 50% advance on behalf of the hotel and then the hotel terminated their relationship with Oyo before my arrival.  They did not honor the Oyo booking so I had to book again directly with the hotel.  I have not received a refund from Oyo to date.rnrnAlso, when I was arriving at the hotel, I clicked the link to connect with the hotel and was instead connected with the Oyo hotline, which was of no help to get me to the hotel.  I had to spend 30 minutes to find the place.  Even cancelling the booking was not possible through Oyo.  When I entered the confirmation number the reservation was not even picked up.", "date": "25 Apr 2023", "rating": {"bg_color": "#8fc402", "title": "3"}}, {"user_name": "Raghavendra Ks", "user_image": "usr.image", "review_text": "Property reception is asking extra money... \nI paid through oyo but their telling you want pay 1000 extra I talk to oyo cutomer support they are talk to property then customer care was told do not pay anything but reception are telling oyo rooms are not nice we have suit give extra money we will provide other wise we are not providing \nThen I paid extra..... Please oyo talk your all properties please give reasonable rates\nDon't do panic for customer.......... Please talk all properties \nSo many properties are asking money... Please stop this...", "date": "03 Apr 2023", "rating": {"bg_color": "#8fc402", "title": "3"}}, {"user_name": "Manish K", "user_image": "usr.image", "review_text": "When i booked in app cost was 900 rupee and when i reached there he is staying 1300 and saging you can complaint to oyo about this, i travel very car and this is response i got. I booked many rooms faced same problem with almost all", "date": "24 Apr 2023", "rating": {"bg_color": "#feba00", "title": "2"}}, {"user_name": "Deviraj", "user_image": "usr.image", "review_text": "We are glad to inform you that me,my wife and my 2 Yr old daughter went to check in at Supreme suites in Hormavu on ,23/04/23 morning at 9am, The front dest executive Ajith was not humble,nor responsive to our request made for early check-in,he denied saying we cannot give room early even after we were ready to pay the balanced amount for early check in, later after one hour he came to us saying we cannot offer you the room with oyo discounted price,he asked us to pay 840 rs more as their standard rate was 1500rs, we denied to pay the requested amount so I wrang up police station help,once he got to know that I was talking to the police he said he will offer the room, we waited till 12pm to check in, there were no house keeping staff to cleaned he himself cleaned and gave the room with the same old bed sheet which was used by previous guest,we were shocked to see this and requested to change the room with fresh linen.we got the room changed at 12:45pm. Very terribly experience with tha", "date": "26 Apr 2023", "rating": {"bg_color": "#ff4742", "title": "1"}}, {"user_name": "A.R.Thamizh Arasan", "user_image": "usr.image", "review_text": "I don't like this hotel\nNo response\nNo service Oyo customer\nDon't pay this hotel all members please", "date": "17 Apr 2023", "rating": {"bg_color": "#ff4742", "title": "1"}}, {"user_name": "Shahid", "user_image": "usr.image", "review_text": "Kindly don't go this hotel they are taking extra charge, and the Oyo help support also useless, after waiting for 2 hours not a single response from Oyo customer service \ud83d\udc4e", "date": "16 Apr 2023", "rating": {"bg_color": "#ff4742", "title": "1"}}, {"user_name": "pinki sah", "user_image": "usr.image", "review_text": "I didnt stay. The room wasn't allotted", "date": "16 Apr 2023", "rating": {"bg_color": "#ff4742", "title": "1"}}, {"user_name": "Raj Payeng", "user_image": "usr.image", "review_text": "good", "date": "12 Apr 2023", "rating": {"bg_color": "#ff4742", "title": "1"}}, {"user_name": "VINAY KUMAR", "user_image": "usr.image", "review_text": "Location.Nothing to like, name only suites, it is not even lodge. Staff is not good, best sheet having full of hair, room with dust and debris.", "date": "16 Jan 2023", "rating": {"bg_color": "#ff4742", "title": "1"}}, {"user_name": "Arun", "user_image": "usr.image", "review_text": "On the Application it showed a different room and when we went there they give us a different room , Which was dirty totally, bedsheets and room and washroom dint have lights. Since I had made the payment , I didn\u2019t no that for the room displayed on OYO app we should pay 2500/- on OYO app it\u2019s 1000/- change.", "date": "15 Jan 2023", "rating": {"bg_color": "#ff4742", "title": "1"}}, {"user_name": "Soumyadeep Banerjee", "user_image": "usr.image", "review_text": "Very bad hospitality and the staff members are not cordial and have no knowledge of check-out timings I wasted my money for booking 12 hours extra and the rate got double. I wouldn't recommend anyone for staying, no bell boy and there is no cable TV service, poor management and worst is the manager.", "date": "21 Dec 2022", "rating": {"bg_color": "#ff4742", "title": "1"}}]}}]