[{"data": {"title": "72 Verified Reviews", "rating_data": {"title": "3.9", "bg_color": "#b4da55", "tag": "Good", "subtitle": "428 ratings on verified stays by guests"}, "sort_options": [{"type": "date-high", "title": "Recent reviews"}, {"type": "rating-high", "title": "High to low ratings"}, {"type": "rating-low", "title": "Low to high ratings"}], "is_last": true, "reviews": [{"user_name": "satyabhan singh", "user_image": "usr.image", "review_text": "All facilities available, Nice ,hygienic, wifi available, Good hospitality.", "date": "20 Apr 2023", "rating": {"bg_color": "#346000", "title": "5"}}, {"user_name": "Chandu", "user_image": "usr.image", "review_text": "Well maintained", "date": "14 Apr 2023", "rating": {"bg_color": "#346000", "title": "5"}}, {"user_name": "Avinash", "user_image": "usr.image", "review_text": "Good Best Great Good Best Great Good Best Great Good Best Great Good Best Great Good Best Great Good", "date": "09 Apr 2023", "rating": {"bg_color": "#346000", "title": "5"}}, {"user_name": "Kr Rajvardhanchandra", "user_image": "usr.image", "date": "05 Apr 2023", "rating": {"bg_color": "#346000", "title": "5"}, "user_image_feedback_list": [{"image_name": "20230401_121535df6fc5d8-899e-45c4-b4a3-c4f535e996fe.jpg", "image_url": "https://images.oyoroomscdn.com/ugc-feedback-uploads/20230401_121535df6fc5d8-899e-45c4-b4a3-c4f535e996fe.jpg", "type": "jpg", "uploaded_at": "2023-04-05", "image_id": "191630"}]}, {"user_name": "Swaraj KS", "user_image": "usr.image", "review_text": "Nice room and hotel staff is supportive good for staying.", "date": "20 Mar 2023", "rating": {"bg_color": "#346000", "title": "5"}}, {"user_name": "Bablina Deka", "user_image": "usr.image", "review_text": "Nice", "date": "18 Mar 2023", "rating": {"bg_color": "#346000", "title": "5"}}, {"user_name": "jayamoorthi", "user_image": "usr.image", "review_text": "Kindly see no ac and no water bottle except everything room was clean and super", "date": "16 Mar 2023", "rating": {"bg_color": "#346000", "title": "5"}}, {"user_name": "Anilkumar", "user_image": "usr.image", "review_text": "Most of the hotel owners are cheating that even after booking from Oyo they are asking extra 500rs", "date": "15 Mar 2023", "rating": {"bg_color": "#346000", "title": "5"}}, {"user_name": "Nithish", "user_image": "usr.image", "review_text": "Good amenities", "date": "10 Mar 2023", "rating": {"bg_color": "#346000", "title": "5"}}, {"user_name": "SANTHOSH KR", "user_image": "usr.image", "review_text": "Rooms very good and neat.", "date": "08 Mar 2023", "rating": {"bg_color": "#346000", "title": "5"}}, {"user_name": "BHARANITHARASELVAN", "user_image": "usr.image", "review_text": "Loved the hospitality and the quality of the mattress. The room was kept clean and well maintained. It's surprising to see a clean Restroom with a functioning hot water tap. A good place to spend a night with friends and family", "date": "25 Feb 2023", "rating": {"bg_color": "#346000", "title": "5"}}, {"user_name": "Tej", "user_image": "usr.image", "review_text": "excellent hotel staying nyc ambience nice staff friendly people . clean rooms . refreshing rooms win", "date": "10 Feb 2023", "rating": {"bg_color": "#346000", "title": "5"}}, {"user_name": "darshan", "user_image": "usr.image", "review_text": "Room cleaning,staff,behavior,everyrhing is good nice stay", "date": "01 Feb 2023", "rating": {"bg_color": "#346000", "title": "5"}}, {"user_name": "Franklin", "user_image": "usr.image", "review_text": "Good place to stay", "date": "30 Jan 2023", "rating": {"bg_color": "#346000", "title": "5"}}, {"user_name": "Abhishek", "user_image": "usr.image", "review_text": "Nice stay with safety and nice management staff who are loyal, rooms are good and clean nice maintenance. Thank you", "date": "15 Jan 2023", "rating": {"bg_color": "#346000", "title": "5"}}, {"user_name": "Jerin Jes", "user_image": "usr.image", "review_text": "It's very good room and washroom....i wood like and enjoy the vacation......very good cleaning......", "date": "08 Jan 2023", "rating": {"bg_color": "#346000", "title": "5"}}, {"user_name": "Nikhil", "user_image": "usr.image", "review_text": "Provide Good room, Good bathroom and also Good facilities to the customer\nThe receptionist treat us in a good way", "date": "06 Jan 2023", "rating": {"bg_color": "#346000", "title": "5"}}, {"user_name": "Pawan Kumar", "user_image": "usr.image", "review_text": "It is nice hotel and every needful and daily use items can be availed from the shop nearest as in 50 metre", "date": "29 Dec 2022", "rating": {"bg_color": "#346000", "title": "5"}}, {"user_name": "praveen pagadala", "user_image": "usr.image", "review_text": "language issue plz keep a receptionist male or female ok but they should take in telugu or hindi or English i have managed but it's very difficult to convey him for needs.but ok ...", "date": "25 Dec 2022", "rating": {"bg_color": "#346000", "title": "5"}}, {"user_name": "Ankit Mehar", "user_image": "usr.image", "review_text": "Oyo rooms are very good neet and clean", "date": "24 Dec 2022", "rating": {"bg_color": "#346000", "title": "5"}}, {"user_name": "Nikhil", "user_image": "usr.image", "review_text": "It's good\nClean rooms , bathroom also\nThe staff is also supportive , provide everything on time.\nThanks", "date": "21 Dec 2022", "rating": {"bg_color": "#346000", "title": "5"}}, {"user_name": "Vignesh", "user_image": "usr.image", "review_text": "Good", "date": "20 Dec 2022", "rating": {"bg_color": "#346000", "title": "5"}}, {"user_name": "Manohara.s", "user_image": "usr.image", "review_text": "Good staff  very cleaness rooms I like room Parfums and bed is very soft 24\u00d77 hot water wi-fi also avaliable", "date": "18 Dec 2022", "rating": {"bg_color": "#346000", "title": "5"}}, {"user_name": "Vishwanatha K", "user_image": "usr.image", "review_text": "Well maintained", "date": "16 Dec 2022", "rating": {"bg_color": "#346000", "title": "5"}}, {"user_name": "Nikhil", "user_image": "usr.image", "review_text": "Best facility\nAll thinks are good\nNewly furnished\nAlso provide good food \nAwesome room at affordable price.", "date": "16 Dec 2022", "rating": {"bg_color": "#346000", "title": "5"}}, {"user_name": "Prasanth", "user_image": "usr.image", "review_text": "Good room and good mannered staff and well facilities. Good for onenor two people for 1 or 2 days stay.", "date": "12 Dec 2022", "rating": {"bg_color": "#346000", "title": "5"}}, {"user_name": "Sachchidanand jha", "user_image": "usr.image", "review_text": "According to cost this hotel is quite good in their service. Location is bit inside otherwise it is ok.", "date": "10 Dec 2022", "rating": {"bg_color": "#346000", "title": "5"}}, {"user_name": "Nida Chowdary", "user_image": "usr.image", "review_text": "The place is centrally located and has all the required amenities at close proximity. The staff is also accommodating!", "date": "06 Dec 2022", "rating": {"bg_color": "#346000", "title": "5"}, "user_image_feedback_list": [{"image_name": "JPEG_20221206_095811_3023897939520795549f9f5e9e4-5857-4175-9d9b-f37150bf6952.jpg", "image_url": "https://images.oyoroomscdn.com/ugc-feedback-uploads/JPEG_20221206_095811_3023897939520795549f9f5e9e4-5857-4175-9d9b-f37150bf6952.jpg", "type": "jpg", "uploaded_at": "2022-12-06", "image_id": "152144"}]}, {"user_name": "Karan", "user_image": "usr.image", "review_text": "Best stay in Bangalore", "date": "04 Dec 2022", "rating": {"bg_color": "#346000", "title": "5"}}, {"user_name": "Harish", "user_image": "usr.image", "review_text": "Everything is good, But restroom is little bit durty. Reception members was Very humble, Recommended to stat", "date": "14 Mar 2023", "rating": {"bg_color": "#58ac00", "title": "4"}}, {"user_name": "Suraj Singh", "user_image": "usr.image", "review_text": "Good location and staffs are good , good hotel", "date": "14 Mar 2023", "rating": {"bg_color": "#58ac00", "title": "4"}}, {"user_name": "D Mahesh", "user_image": "usr.image", "review_text": "Everything is good great support they're expecting offline payment if you do online again they charge you no food service", "date": "15 Feb 2023", "rating": {"bg_color": "#58ac00", "title": "4"}}, {"user_name": "Sreeraj P", "user_image": "usr.image", "review_text": "Good", "date": "11 Feb 2023", "rating": {"bg_color": "#58ac00", "title": "4"}}, {"user_name": "Mokshith S", "user_image": "usr.image", "review_text": "It's very near to railways. Receptionist is so kind", "date": "03 Feb 2023", "rating": {"bg_color": "#58ac00", "title": "4"}, "user_image_feedback_list": [{"image_name": "IMG20230203071042fbc71935-010c-4272-866f-c682e5253507.jpg", "image_url": "https://images.oyoroomscdn.com/ugc-feedback-uploads/IMG20230203071042fbc71935-010c-4272-866f-c682e5253507.jpg", "type": "jpg", "uploaded_at": "2023-02-03", "image_id": "172282"}]}, {"user_name": "Dominic", "user_image": "usr.image", "review_text": "Was a neat good stay maintained cleanliness and satisfied with the price", "date": "14 Jan 2023", "rating": {"bg_color": "#58ac00", "title": "4"}}, {"user_name": "Anand", "user_image": "usr.image", "review_text": "Clean", "date": "03 Jan 2023", "rating": {"bg_color": "#58ac00", "title": "4"}}, {"user_name": "firoz", "user_image": "usr.image", "review_text": "New room , and affordable..\nThank you oyo", "date": "21 Dec 2022", "rating": {"bg_color": "#58ac00", "title": "4"}}, {"user_name": "Abhishek", "user_image": "usr.image", "review_text": "First of all thanks to haven comfort to respond the call. \n1. It's new hotel so you can miss some things\n2. It's clean and enjoyable\n3. Wifi range on upper side is not available\n4. The road side of the hotel is not cool \n5. You will get the lift to go to your floor.\n6. AC isn't available\n7. Tv was not active\n8. Bed and washroom was awesome\n9. Personal geyser available", "date": "18 Dec 2022", "rating": {"bg_color": "#58ac00", "title": "4"}}, {"user_name": "Vinoth", "user_image": "usr.image", "review_text": "Good rooms namaste I will be like this oyo", "date": "17 Dec 2022", "rating": {"bg_color": "#58ac00", "title": "4"}}, {"user_name": "Srihari Thekumparambath", "user_image": "usr.image", "review_text": "The hotel was good and clean. The staff is also very prompt and helpful. However, the approach road to the hotel has been dug up.", "date": "15 Dec 2022", "rating": {"bg_color": "#58ac00", "title": "4"}}, {"user_name": "Manohara.s", "user_image": "usr.image", "review_text": "Room is good but respesnist asking exta ammout and fan is not running  no hot water properly dore is not locked", "date": "08 Apr 2023", "rating": {"bg_color": "#8fc402", "title": "3"}}, {"user_name": "Dileep Kumar", "user_image": "usr.image", "review_text": "This lodge no name boad, Paying guest and not main road in side , main problem no lodge name, we are struggling", "date": "12 Mar 2023", "rating": {"bg_color": "#8fc402", "title": "3"}}, {"user_name": "Mohd afsar", "user_image": "usr.image", "review_text": "They are not accepting the online payment and also not giving good service", "date": "04 Feb 2023", "rating": {"bg_color": "#8fc402", "title": "3"}}, {"user_name": "S Mahin", "user_image": "usr.image", "review_text": "The room was not what we expected still not bad maintenance was not good should improve more Next time we will definitely book the room", "date": "03 Feb 2023", "rating": {"bg_color": "#8fc402", "title": "3"}, "user_image_feedback_list": [{"image_name": "IMG_20230202_160741b1d4cf57-0930-4f20-b4e0-19bce059bffa.jpg", "image_url": "https://images.oyoroomscdn.com/ugc-feedback-uploads/IMG_20230202_160741b1d4cf57-0930-4f20-b4e0-19bce059bffa.jpg", "type": "jpg", "uploaded_at": "2023-02-03", "image_id": "172263"}]}, {"user_name": "Sharath M", "user_image": "usr.image", "review_text": "Please note that this hotel is not taking online orders now. The owner shows a board saying this in its reception. The owner will demand extra money even after paying online.\nHe says he S not getting money from oyo and needs it from us. Please be aware.", "date": "10 Jan 2023", "rating": {"bg_color": "#8fc402", "title": "3"}}, {"user_name": "Abhishek Sharma", "user_image": "usr.image", "review_text": "Area is not good..Its very difficult to locate .Muddy roads with coding . Towels were not provided . Service is not good..", "date": "22 Dec 2022", "rating": {"bg_color": "#8fc402", "title": "3"}}, {"user_name": "Reneesh", "user_image": "usr.image", "review_text": "There has no water bottle,soap,etc.and service is very bad.they tell its an AC room in oyo.but its non ac room.and cleaning is very bad otherwise room is ok", "date": "16 Dec 2022", "rating": {"bg_color": "#8fc402", "title": "3"}}, {"user_name": "Vasudevan A", "user_image": "usr.image", "review_text": "Good rooms But need some extra care on customer service.\nonly worry is out side road is very worst.", "date": "15 Dec 2022", "rating": {"bg_color": "#8fc402", "title": "3"}}, {"user_name": "Rohan M", "user_image": "usr.image", "review_text": "Not bad", "date": "14 Dec 2022", "rating": {"bg_color": "#8fc402", "title": "3"}}, {"user_name": "Basavaraj C", "user_image": "usr.image", "review_text": "Good lodge.. its very near to main road.. railway station and metro  station is very near... Lodge is well hygiene.. staff are cooperative.. overall good", "date": "11 Dec 2022", "rating": {"bg_color": "#8fc402", "title": "3"}}, {"user_name": "Vasanth", "user_image": "usr.image", "review_text": "First of all, misleading. I don't ever want to Choose OYO for my hotel bookings. Every time same thing happens. After having the room booked before 4 days at the Last minute check-in is being rejected. Then having me waiting in the road for more than 1 hr. Then having a location where No AC, No TV, No proper amenities. Clearly misleading. \nAnd the area doesn't seem safe at all. \nI had to be afraid of the entire time to have my family stay there.", "date": "07 Dec 2022", "rating": {"bg_color": "#8fc402", "title": "3"}}, {"user_name": "OMKARGOVINDKASBEKAR Kasbekar", "user_image": "usr.image", "date": "23 May 2023", "rating": {"bg_color": "#feba00", "title": "2"}, "user_image_feedback_list": [{"image_name": "JPEG_20230523_235035_6680176434019662656889f82ea-670c-4fee-b166-e5d02799b7ce.jpg", "image_url": "https://images.oyoroomscdn.com/ugc-feedback-uploads/JPEG_20230523_235035_6680176434019662656889f82ea-670c-4fee-b166-e5d02799b7ce.jpg", "type": "jpg", "uploaded_at": "2023-05-23", "image_id": "205202"}]}, {"user_name": "Joel Joseph", "user_image": "usr.image", "review_text": "Room was good but no AC and wifi   but in oyo they said Ac and wifi is included staff is very good its very good place", "date": "05 Apr 2023", "rating": {"bg_color": "#feba00", "title": "2"}}, {"user_name": "Dr Mohd", "user_image": "usr.image", "review_text": "there is no hotel of this name in Bengaluru. hotel has changed its name of its own. you have to ask public about this ho", "date": "16 Mar 2023", "rating": {"bg_color": "#feba00", "title": "2"}}, {"user_name": "Gokul G", "user_image": "usr.image", "review_text": "Almost 7 days i stayed here.when i got the room,the balnket and pillows are in very bad condition and nobody clean the room in that 7 days.power failure  is one of the other issue.infront of the hotel's road also very bad.Tv and wifi not working during my 7 days stay.", "date": "17 Feb 2023", "rating": {"bg_color": "#feba00", "title": "2"}}, {"user_name": "Sharan", "user_image": "usr.image", "review_text": "The water heater in the bathroom gives an electric shock.It is very dangerous.", "date": "14 Feb 2023", "rating": {"bg_color": "#feba00", "title": "2"}}, {"user_name": "Shivaprasad N", "user_image": "usr.image", "review_text": "The room that we got was non-ac it didn't had dust bin and the check in service was not good, to find the place of hotel it's difficult", "date": "05 Feb 2023", "rating": {"bg_color": "#feba00", "title": "2"}}, {"user_name": "MUNIRAJ Venkattan", "user_image": "usr.image", "review_text": "Good for OYO users(XYZ).will get only rooms , at list they need to provide drinking water", "date": "24 Dec 2022", "rating": {"bg_color": "#feba00", "title": "2"}}, {"user_name": "Adarsh V", "user_image": "usr.image", "date": "24 Apr 2023", "rating": {"bg_color": "#ff4742", "title": "1"}, "user_image_feedback_list": [{"image_name": "IMG20230416164950e8f6aea3-2184-4380-91de-57766fbd860c.jpg", "image_url": "https://images.oyoroomscdn.com/ugc-feedback-uploads/IMG20230416164950e8f6aea3-2184-4380-91de-57766fbd860c.jpg", "type": "jpg", "uploaded_at": "2023-04-24", "image_id": "196952"}, {"image_name": "IMG20230416164955908e2f8d-ae12-49c4-912f-41c65e3d1003.jpg", "image_url": "https://images.oyoroomscdn.com/ugc-feedback-uploads/IMG20230416164955908e2f8d-ae12-49c4-912f-41c65e3d1003.jpg", "type": "jpg", "uploaded_at": "2023-04-24", "image_id": "196951"}, {"image_name": "IMG202304161649470bca6954-345a-4b54-a2a5-23bc12dfdd0e.jpg", "image_url": "https://images.oyoroomscdn.com/ugc-feedback-uploads/IMG202304161649470bca6954-345a-4b54-a2a5-23bc12dfdd0e.jpg", "type": "jpg", "uploaded_at": "2023-04-24", "image_id": "196950"}]}, {"user_name": "Ramkumar", "user_image": "usr.image", "review_text": "Room is not clean. It's was very poor and very unhygienic. And also asked for extra Money. At reception desk they are said that don't know anything about OYO booking we need our room tarif. \nAnd not a good response in reception desk. If any thing we asked they are saying that- I have lot of work you can call OYO and ask with them. In this maner they are treated us.", "date": "23 Apr 2023", "rating": {"bg_color": "#ff4742", "title": "1"}, "user_image_feedback_list": [{"image_name": "IMG-20230423-WA0004515f5df7-6885-4a57-9ae1-60437648fe22.jpg", "image_url": "https://images.oyoroomscdn.com/ugc-feedback-uploads/IMG-20230423-WA0004515f5df7-6885-4a57-9ae1-60437648fe22.jpg", "type": "jpg", "uploaded_at": "2023-04-23", "image_id": "196799"}]}, {"user_name": "Kalu", "user_image": "usr.image", "review_text": "One of the worst hotel I have ever seen, they ask extra money and they are so rude , this is not a safe place", "date": "16 Apr 2023", "rating": {"bg_color": "#ff4742", "title": "1"}}, {"user_name": "Arif Nk", "user_image": "usr.image", "review_text": "Avoid Oyo hotelsThey refused to give me accommodation even after paying money, Oyo had to shift me to another third class hotel, very horrible experience.Nothing", "date": "14 Mar 2023", "rating": {"bg_color": "#ff4742", "title": "1"}}, {"user_name": "Ajay", "user_image": "usr.image", "review_text": "Charged extra 1000\nAs they are not allowing Oyo displayed amount", "date": "05 Mar 2023", "rating": {"bg_color": "#ff4742", "title": "1"}}, {"user_name": "SIDDESH  S M", "user_image": "usr.image", "review_text": "Asked for extra money pleaee dont pay prepaid amount to hotel, Oyo giving budget tariff but not hotel they denied check in", "date": "18 Feb 2023", "rating": {"bg_color": "#ff4742", "title": "1"}}, {"user_name": "Tapan KumarSahoo", "user_image": "usr.image", "review_text": "Fake information AC not available entire hotel. They changed me extra money \u20b9265 when I complained to OYO customer care , hotel owner told me to leave hotel at 10.30 pm. \nLocation is extremely bad you will feel you are staying in slum area. Not good for couples. Never visite with your loved one it will be bad impression. Thanks me later.\nVery bad experience with OYO application.", "date": "15 Feb 2023", "rating": {"bg_color": "#ff4742", "title": "1"}}, {"user_name": "Shreyas R", "user_image": "usr.image", "review_text": "There is no cleanness & they will ask if u paid online we wont give room n all & they will not wash towel & bed sheets", "date": "13 Feb 2023", "rating": {"bg_color": "#ff4742", "title": "1"}}, {"user_name": "akshay karuvathil", "user_image": "usr.image", "review_text": "I canceled at the same time of booking and no refund was initiated", "date": "10 Feb 2023", "rating": {"bg_color": "#ff4742", "title": "1"}}, {"user_name": "Kini Abhinava", "user_image": "usr.image", "review_text": "nothing.I was made to pay extra because they said the company doesn&#39;t pay. we paid 400 extra for check in. luggage was carried by us. room was very small. The water heater was giving us electric shocks. no proper road to the property", "date": "06 Jan 2023", "rating": {"bg_color": "#ff4742", "title": "1"}}, {"user_name": "Sunil", "user_image": "usr.image", "review_text": "It's not a hotel like boys hostel. Not maintains bathroom not clean", "date": "30 Dec 2022", "rating": {"bg_color": "#ff4742", "title": "1"}}, {"user_name": "K Divakar", "user_image": "usr.image", "review_text": "After booking accommodation, it be comes so difficult to get back to seek help from OYo.\nHaving paid money for the stay, it is impossible to get refund if we cutshortour stay. Oyo is looting.\nThe hotels suggested on line are not up to the markin terms of cleanliness and service.", "date": "19 Dec 2022", "rating": {"bg_color": "#ff4742", "title": "1"}}, {"user_name": "Akshit Kumar", "user_image": "usr.image", "review_text": "The hotel lacks basic amenities/services, it's located at a very bad location with kachha roads.", "date": "18 Dec 2022", "rating": {"bg_color": "#ff4742", "title": "1"}}, {"user_name": "Varun", "user_image": "usr.image", "review_text": "Receptionist is not communicate correctly \nHis is delayed while check in and not respond and they didn't provide soap for me I'm not satisfied at this room", "date": "16 Dec 2022", "rating": {"bg_color": "#ff4742", "title": "1"}}]}}]