[{"data": {"title": "8 Verified Reviews", "rating_data": {"title": "2.5", "bg_color": "#feba00", "tag": "Fair", "subtitle": "46 ratings on verified stays by guests"}, "sort_options": [{"type": "date-high", "title": "Recent reviews"}, {"type": "rating-high", "title": "High to low ratings"}, {"type": "rating-low", "title": "Low to high ratings"}], "is_last": true, "reviews": [{"user_name": "Lincoln Fernandes", "user_image": "usr.image", "review_text": "It was very nice, clean & hygenic", "date": "27 Apr 2023", "rating": {"bg_color": "#346000", "title": "5"}}, {"user_name": "Vikrant Mathur", "user_image": "usr.image", "review_text": "They were extremely accommodating and allowed us to check in early at like 10am. We got to hotel super early and I didn\u2019t wanna wait. So this was a big plus. The sevice was exceptional as well. Would definitely send a friend there.", "date": "28 Feb 2023", "rating": {"bg_color": "#346000", "title": "5"}}, {"user_name": "bittu", "user_image": "usr.image", "review_text": "Best rooms good service", "date": "13 Jan 2023", "rating": {"bg_color": "#346000", "title": "5"}}, {"user_name": "Sakshi Jain", "user_image": "usr.image", "review_text": "The rooms were clean, very comfortable, and the staff was amazing. They went over and beyond to help make our stay enjoyable. I highly recommend this hotel for anyone visiting downtown.", "date": "28 Feb 2023", "rating": {"bg_color": "#58ac00", "title": "4"}}, {"user_name": "devang kakde", "user_image": "usr.image", "review_text": "They charged more money", "date": "02 Apr 2023", "rating": {"bg_color": "#ff4742", "title": "1"}}, {"user_name": "AWAIZ", "user_image": "usr.image", "review_text": "What type of a behaviour is this i didn't even visit their because it's a bar so didnt even checked in", "date": "17 Mar 2023", "rating": {"bg_color": "#ff4742", "title": "1"}}, {"user_name": "pranadev", "user_image": "usr.image", "review_text": "i paid full my in oyoapp but they ask me 1200 extra fro room", "date": "05 Mar 2023", "rating": {"bg_color": "#ff4742", "title": "1"}}, {"user_name": "Dewa Casia", "user_image": "usr.image", "review_text": "Really shame to say that,they are very frod peoples because of charging too much amount extra on oyo charge and forcefully making coustomers to pay that with there man power.", "date": "29 Jan 2023", "rating": {"bg_color": "#ff4742", "title": "1"}}]}}]