[{"data": {"title": "18 Verified Reviews", "rating_data": {"title": "3.7", "bg_color": "#b4da55", "tag": "Good", "subtitle": "88 ratings on verified stays by guests"}, "sort_options": [{"type": "date-high", "title": "Recent reviews"}, {"type": "rating-high", "title": "High to low ratings"}, {"type": "rating-low", "title": "Low to high ratings"}], "is_last": true, "reviews": [{"user_name": "Gautham SaiS", "user_image": "usr.image", "review_text": "Very good transport connectivity.Room is good with ambience spacing.The workers are very friendly and caring.", "date": "20 Apr 2023", "rating": {"bg_color": "#346000", "title": "5"}}, {"user_name": "Shreedevi Poovaiah", "user_image": "usr.image", "review_text": "Location and cleanliness.Pricing factor", "date": "19 Apr 2023", "rating": {"bg_color": "#346000", "title": "5"}}, {"user_name": "Silver Star", "user_image": "usr.image", "review_text": "Good  rooms and front desk", "date": "11 Apr 2023", "rating": {"bg_color": "#346000", "title": "5"}}, {"user_name": "abhijith kp", "user_image": "usr.image", "review_text": "Good rooms and . Friendly front desk", "date": "11 Apr 2023", "rating": {"bg_color": "#346000", "title": "5"}}, {"user_name": "sharath", "user_image": "usr.image", "review_text": "Excellent service", "date": "08 Apr 2023", "rating": {"bg_color": "#346000", "title": "5"}}, {"user_name": "Jagdish Parmar", "user_image": "usr.image", "review_text": "Good rooms\nAnd supporting front desk", "date": "29 Mar 2023", "rating": {"bg_color": "#346000", "title": "5"}}, {"user_name": "naresh", "user_image": "usr.image", "review_text": "Good", "date": "18 Feb 2023", "rating": {"bg_color": "#346000", "title": "5"}}, {"user_name": "Thalapathi", "user_image": "usr.image", "review_text": "Rooms were good and seems recently renowned. But they didn't accept Oyo booking. Had to pay more to match their market price.", "date": "20 Apr 2023", "rating": {"bg_color": "#58ac00", "title": "4"}, "user_image_feedback_list": [{"image_name": "IMG_20230419_10530909e23eb5-be71-4d9f-8cd3-eed63b0b8695.jpg", "image_url": "https://images.oyoroomscdn.com/ugc-feedback-uploads/IMG_20230419_10530909e23eb5-be71-4d9f-8cd3-eed63b0b8695.jpg", "type": "jpg", "uploaded_at": "2023-04-20", "image_id": "196050"}]}, {"user_name": "Ramesh", "user_image": "usr.image", "review_text": "The hotel was good but they asked more money and then we spoke with them and they given as entry without extra", "date": "19 Apr 2023", "rating": {"bg_color": "#58ac00", "title": "4"}}, {"user_name": "Harsh bhansali", "user_image": "usr.image", "review_text": "Charged more money then mentioned. Room was average", "date": "11 Feb 2023", "rating": {"bg_color": "#8fc402", "title": "3"}}, {"user_name": "Abdulla Rasheed", "user_image": "usr.image", "review_text": "they changed INR 17000 instead of 12000  hotel told the mistake done by booking.comtoo bad.property would be ok", "date": "19 Mar 2023", "rating": {"bg_color": "#feba00", "title": "2"}}, {"user_name": "HariHaraprasad", "user_image": "usr.image", "review_text": "Wasted...don't book through Oyo...they will ask double charges thann Oyo...room boys will also ask double charges for any purchases...totally waste", "date": "22 Apr 2023", "rating": {"bg_color": "#ff4742", "title": "1"}}, {"user_name": "Santosh Raju", "user_image": "usr.image", "review_text": "This could be the worstest place to stay. Hotel property manager wanted me to pay 1000 extra even though I had paid full amount in advance. At middle of night 11.30pm, he made me not to wait outside. \n\nBooked hotel for 2 nights and had to vacate in just one day. They should ban this hotel", "date": "16 Apr 2023", "rating": {"bg_color": "#ff4742", "title": "1"}}, {"user_name": "Praveen", "user_image": "usr.image", "review_text": "Very poor. Charging 3 times amount what we agreed in oye. This too bad.", "date": "08 Apr 2023", "rating": {"bg_color": "#ff4742", "title": "1"}}, {"user_name": "Pradeep kendur", "user_image": "usr.image", "review_text": "No security, building is still under construction, worst staff behaviour no manners, asked extra 500 and did not have bill also, no rating should be given to this", "date": "24 Mar 2023", "rating": {"bg_color": "#ff4742", "title": "1"}}, {"user_name": "Raghu ArYa", "user_image": "usr.image", "review_text": "They didn give us the room at all it was Night and we went to other place without food", "date": "09 Mar 2023", "rating": {"bg_color": "#ff4742", "title": "1"}}, {"user_name": "darshan darshu", "user_image": "usr.image", "review_text": "They will ask for extra money, don\u2019t waste your time by booking this hotel through oyo. Not worth for the given money.", "date": "21 Feb 2023", "rating": {"bg_color": "#ff4742", "title": "1"}}, {"user_name": "Arun", "user_image": "usr.image", "review_text": "I have not checked in to the hotel\nDue to bad behaviour of staff", "date": "12 Feb 2023", "rating": {"bg_color": "#ff4742", "title": "1"}}]}}]