[{"data": {"title": "42 Verified Reviews", "rating_data": {"title": "3.4", "bg_color": "#8fc402", "tag": "Fair", "subtitle": "200 ratings on verified stays by guests"}, "sort_options": [{"type": "date-high", "title": "Recent reviews"}, {"type": "rating-high", "title": "High to low ratings"}, {"type": "rating-low", "title": "Low to high ratings"}], "is_last": true, "reviews": [{"user_name": "Sahil Ajaykumar", "user_image": "usr.image", "review_text": "Home like ambience & helpful staffs. Mr. Rakesh from the reception is quick with any queries. Mr. Ajay & mr. Prakash are 24x7 available too. Highly recommend the stay.", "date": "23 Apr 2023", "rating": {"bg_color": "#346000", "title": "5"}}, {"user_name": "Rohit Kumar", "user_image": "usr.image", "review_text": "Very good experience. The hoteo staff abd owner were also very good and polite", "date": "15 Apr 2023", "rating": {"bg_color": "#346000", "title": "5"}}, {"user_name": "Prithvi Raj", "user_image": "usr.image", "review_text": "Oyo is very cheap an best...quality rooms ,is available \nVery neat and clean residing...............", "date": "14 Apr 2023", "rating": {"bg_color": "#346000", "title": "5"}}, {"user_name": "Hari", "user_image": "usr.image", "review_text": "Good", "date": "13 Mar 2023", "rating": {"bg_color": "#346000", "title": "5"}}, {"user_name": "Divya", "user_image": "usr.image", "review_text": "Good", "date": "04 Mar 2023", "rating": {"bg_color": "#346000", "title": "5"}}, {"user_name": "Ashok", "user_image": "usr.image", "review_text": "Excellent stay", "date": "04 Mar 2023", "rating": {"bg_color": "#346000", "title": "5"}}, {"user_name": "nisha388", "user_image": "usr.image", "review_text": "Very neat rooms. Great people", "date": "04 Mar 2023", "rating": {"bg_color": "#346000", "title": "5"}}, {"user_name": "Sunilkumar", "user_image": "usr.image", "review_text": "Best oyo hotel... \ud83d\ude0a\ud83d\ude0a", "date": "02 Mar 2023", "rating": {"bg_color": "#346000", "title": "5"}}, {"user_name": "Rajasekhar", "user_image": "usr.image", "review_text": "Excellent check in,  Receptionist is so friendly and dedicated to his work, over all good experience and comfortable stay... \ud83d\ude01\ud83d\ude01", "date": "01 Mar 2023", "rating": {"bg_color": "#346000", "title": "5"}}, {"user_name": "Omkar", "user_image": "usr.image", "review_text": "It was a nice experience staying here", "date": "01 Mar 2023", "rating": {"bg_color": "#346000", "title": "5"}}, {"user_name": "Kiran S", "user_image": "usr.image", "review_text": "Tq oyo team for this experience in relax  in  service apartments tq soo much , oyo team", "date": "20 Feb 2023", "rating": {"bg_color": "#346000", "title": "5"}}, {"user_name": "Shrihail", "user_image": "usr.image", "review_text": "Good", "date": "19 Feb 2023", "rating": {"bg_color": "#346000", "title": "5"}}, {"user_name": "Kiran S", "user_image": "usr.image", "review_text": "Excellent new property but service is excellent and recomonding everyone bcs owner and management is good", "date": "19 Feb 2023", "rating": {"bg_color": "#346000", "title": "5"}}, {"user_name": "Roshan", "user_image": "usr.image", "review_text": "It was comfortable and nice. Staff is very good and cooperative.", "date": "19 Feb 2023", "rating": {"bg_color": "#346000", "title": "5"}}, {"user_name": "Nagapavan Kalgur", "user_image": "usr.image", "review_text": "Rooms are very clean well mainta8ned", "date": "19 Feb 2023", "rating": {"bg_color": "#346000", "title": "5"}}, {"user_name": "Srini", "user_image": "usr.image", "review_text": "Room is wide and management good .Rakesh manager was good", "date": "19 Feb 2023", "rating": {"bg_color": "#346000", "title": "5"}}, {"user_name": "Salahudheen", "user_image": "usr.image", "review_text": "Well servised", "date": "19 Feb 2023", "rating": {"bg_color": "#346000", "title": "5"}}, {"user_name": "Sonu", "user_image": "usr.image", "review_text": "staff was excellent service rakesh manager was good at stay.", "date": "19 Feb 2023", "rating": {"bg_color": "#346000", "title": "5"}}, {"user_name": "Ramesh", "user_image": "usr.image", "review_text": "Room stay comfortable staff good", "date": "19 Feb 2023", "rating": {"bg_color": "#346000", "title": "5"}}, {"user_name": "Kiran S", "user_image": "usr.image", "review_text": "Very excellent sevice provided and 100%  full secure and all the way a very good day for me and refering all of you", "date": "19 Feb 2023", "rating": {"bg_color": "#346000", "title": "5"}}, {"user_name": "Barnali Mondal", "user_image": "usr.image", "review_text": "Rakesh managerbwasbhelpful  room cleaniness excellent widen rooms", "date": "18 Feb 2023", "rating": {"bg_color": "#346000", "title": "5"}}, {"user_name": "Swarna", "user_image": "usr.image", "review_text": "Rakesh manager was so helpful", "date": "18 Feb 2023", "rating": {"bg_color": "#346000", "title": "5"}}, {"user_name": "Bharath raman", "user_image": "usr.image", "review_text": "Good clean room", "date": "18 Feb 2023", "rating": {"bg_color": "#346000", "title": "5"}}, {"user_name": "Suman", "user_image": "usr.image", "review_text": "Nice stay had a comfortable good stay Rakesh Manager was helpful hospitality manager.", "date": "18 Feb 2023", "rating": {"bg_color": "#346000", "title": "5"}}, {"user_name": "Venkatesh Ramachandrappa", "user_image": "usr.image", "review_text": "Superb highly recommend. Staff are very disciplined", "date": "17 Feb 2023", "rating": {"bg_color": "#346000", "title": "5"}}, {"user_name": "Prasenjit", "user_image": "usr.image", "review_text": "Good", "date": "12 Feb 2023", "rating": {"bg_color": "#346000", "title": "5"}}, {"user_name": "Arjun LSuthar", "user_image": "usr.image", "review_text": "It was clean and new place..room space is very good, location is also good.. overall it's perfect place to stay", "date": "05 Feb 2023", "rating": {"bg_color": "#346000", "title": "5"}}, {"user_name": "Praveen Kumar", "user_image": "usr.image", "review_text": "Liked the hospitality, \nAffordable pricing\nPeaceful location", "date": "08 Mar 2023", "rating": {"bg_color": "#58ac00", "title": "4"}}, {"user_name": "Prashant", "user_image": "usr.image", "review_text": "\ud83d\udc4d", "date": "07 Mar 2023", "rating": {"bg_color": "#58ac00", "title": "4"}}, {"user_name": "kishore", "user_image": "usr.image", "review_text": "They charged extra amount from us but all facilities are very good rooms are clean big room tv and ac also working good", "date": "06 Mar 2023", "rating": {"bg_color": "#58ac00", "title": "4"}}, {"user_name": "Akshay S", "user_image": "usr.image", "review_text": "Room is good. But they charged extra cash at the property saying they couldn\u2019t afford at this rate. And second receptionist not that much friendly. My question is then why we took oyo and booked the property shown in oyo price if they charge extra amount from us???", "date": "19 Mar 2023", "rating": {"bg_color": "#8fc402", "title": "3"}}, {"user_name": "Krishna MohanJha", "user_image": "usr.image", "review_text": "It was not an excellent stay. Room cleaning concept as well as slow wifi were some of the major issues that I faced. Drinking water was also not so easily accessible. Room was full of mosquitoes and the bed was not cleaned as per the protocol. Hence, it was not such a good stay.\n\nThe hotel should look into the management too, as they charged 200 extra for each day which I was compelled to give over the paid amount on oyo. As they said, for single person charge is more that what is being shown on oyo. As a punishment, OYO should delist this hotel from its site as well as app.", "date": "14 Mar 2023", "rating": {"bg_color": "#8fc402", "title": "3"}}, {"user_name": "Durga Prasad", "user_image": "usr.image", "review_text": "Rooms are clean but I have first time Oyo booking very bad experience .", "date": "03 Mar 2023", "rating": {"bg_color": "#8fc402", "title": "3"}}, {"user_name": "Amaan Farooqui", "user_image": "usr.image", "review_text": "They charged extra money.. also beds were not clean residue of hairs.. the owner was very unwilling and asked me to talk with oyo professionals and complaint them about everything. Ac was not working even the housekeeping was not good overall all i had a very bad experience and never using Oyo again", "date": "15 Apr 2023", "rating": {"bg_color": "#feba00", "title": "2"}}, {"user_name": "Fahim AhmedChoudhury", "user_image": "usr.image", "review_text": "Extra I pay 400 rupees", "date": "17 Mar 2023", "rating": {"bg_color": "#feba00", "title": "2"}}, {"user_name": "Ashwin", "user_image": "usr.image", "review_text": "Don't book this hotel otherwise they ask extra money and the irony is customer care wouldn't help either\nWorst experience", "date": "16 Apr 2023", "rating": {"bg_color": "#ff4742", "title": "1"}}, {"user_name": "anil", "user_image": "usr.image", "review_text": "It's a very local and normal hotel with no AC and no TV, \nMoreover they will charge extra total of 1000rs including amount paid at oyo", "date": "04 Apr 2023", "rating": {"bg_color": "#ff4742", "title": "1"}}, {"user_name": "Roshan", "user_image": "usr.image", "review_text": "I'm not at all satisfied with this hotel and it's management for below reasons.\n1. The owner of this property is not likely to agree with the amount showed on the Oyo app unless extra amount is paid by either you or Oyo as a compliment.\n\n3. The owner will not let you pay through Oyo app, he demands the payment at the hotel when you reach there, so you lose out the discounts on the Oyo app.\n\n4. He demands the Muslim women to show their face for verification even though she's not comfortable.\n\n5. This hotel is not FULLY FUNCTIONING OR READY to be used/to stay.\n\n6. I faced a lot of problems with the hotel such as room's door was vulnerable and was able to unlock easily even after locking from inside.\n\n7. Very very poor maintenance, there were ants all over the room. I had to ask them to clean it up and change my room for improper locking of the door.\n\n8. This hotel DOESN'T HAVE A LIFT, and this owner gave me the room in 4th floor can you believe?\n\n Better not to go this hotel.", "date": "16 Mar 2023", "rating": {"bg_color": "#ff4742", "title": "1"}}, {"user_name": "XXX XXX", "user_image": "usr.image", "review_text": "The Oyo is sacming the people money\nI losseled money", "date": "15 Mar 2023", "rating": {"bg_color": "#ff4742", "title": "1"}}, {"user_name": "Peter George", "user_image": "usr.image", "review_text": "First time im getting such an experience...  There was no ac no geser i had to make hot water by a kettle for a bath...  Worst hotel room..   I got fever after the stay ...totally  Poor experience.. The hotel manger charged me extra... After the payment from the app and delayed my checkin..", "date": "12 Mar 2023", "rating": {"bg_color": "#ff4742", "title": "1"}, "user_image_feedback_list": [{"image_name": "IMG_20230310_1950111b732fbe-83bb-4900-a59e-1f313943f7a4.jpg", "image_url": "https://images.oyoroomscdn.com/ugc-feedback-uploads/IMG_20230310_1950111b732fbe-83bb-4900-a59e-1f313943f7a4.jpg", "type": "jpg", "uploaded_at": "2023-03-12", "image_id": "184432"}]}, {"user_name": "Vishnu vv", "user_image": "usr.image", "review_text": "In Oyo 1254 for two days but they charged 750 RS extra.its not AC room  and servicing also poor.", "date": "28 Feb 2023", "rating": {"bg_color": "#ff4742", "title": "1"}}, {"user_name": "Shefeek", "user_image": "usr.image", "review_text": "Bad appartment", "date": "28 Feb 2023", "rating": {"bg_color": "#ff4742", "title": "1"}}]}}]