[{"data": {"title": "7 Verified Reviews", "rating_data": {"title": "3.4", "bg_color": "#8fc402", "tag": "Fair", "subtitle": "49 ratings on verified stays by guests"}, "sort_options": [{"type": "date-high", "title": "Recent reviews"}, {"type": "rating-high", "title": "High to low ratings"}, {"type": "rating-low", "title": "Low to high ratings"}], "is_last": true, "reviews": [{"user_name": "ramakant Chandel", "user_image": "usr.image", "review_text": "Great accomodation and service. Comfortable stay with a peaceful environment. Highly recommend.", "date": "04 Apr 2023", "rating": {"bg_color": "#346000", "title": "5"}}, {"user_name": "Anoop", "user_image": "usr.image", "review_text": "Good", "date": "19 Mar 2023", "rating": {"bg_color": "#58ac00", "title": "4"}}, {"user_name": "Devanand Mahadeva", "user_image": "usr.image", "review_text": "An unkept place in a good location for day travelersLocation is ideal for transient travelers. The check-in process was pretty swift.It is a dirty place with unkept toilets. The bedsheets should be cleaned better. Not a decent looking place.", "date": "19 Apr 2023", "rating": {"bg_color": "#feba00", "title": "2"}}, {"user_name": "Vani", "user_image": "usr.image", "review_text": "My booking was canceled and no refund", "date": "27 Apr 2023", "rating": {"bg_color": "#ff4742", "title": "1"}}, {"user_name": "Vinod Kumar", "user_image": "usr.image", "review_text": "There is no even one aspect for good.It is the worst stay, after booking asking for extra money at the time reaching there, no kindly speaking to the customer.... work hotel i have ever seen", "date": "18 Apr 2023", "rating": {"bg_color": "#ff4742", "title": "1"}}, {"user_name": "nambirajan", "user_image": "usr.image", "review_text": "I booked that hotel and paid way online\nBut that hotel person told online payment not accepted\nThat's why my booked amount was loss \nWhere will I tell that's hotel easily cheating to me", "date": "05 Mar 2023", "rating": {"bg_color": "#ff4742", "title": "1"}}, {"user_name": "Linith", "user_image": "usr.image", "review_text": "Worst maintenance no ac room not clean", "date": "05 Mar 2023", "rating": {"bg_color": "#ff4742", "title": "1"}, "user_image_feedback_list": [{"image_name": "28629DF0-A5CC-4EA8-96E1-E7DCAAECABABeeb8eecd-1947-4e83-9a94-7922bd40ddb9.png", "image_url": "https://images.oyoroomscdn.com/ugc-feedback-uploads/28629DF0-A5CC-4EA8-96E1-E7DCAAECABABeeb8eecd-1947-4e83-9a94-7922bd40ddb9.png", "type": "png", "uploaded_at": "2023-03-05", "image_id": "182231"}]}]}}]