[{"data": {"title": "2 Verified Reviews", "rating_data": {"title": "3.4", "bg_color": "#8fc402", "tag": "Fair", "subtitle": "22 ratings on verified stays by guests"}, "sort_options": [{"type": "date-high", "title": "Recent reviews"}, {"type": "rating-high", "title": "High to low ratings"}, {"type": "rating-low", "title": "Low to high ratings"}], "is_last": true, "reviews": [{"user_name": "Ruby Sarika", "user_image": "usr.image", "review_text": "reception people are wanting money to upgrade the rooms and offered below standard rooms for our booking. non-ac rooms were allotted instead of ac rooms booked. after big discussion ac rooms were provided where ac was not working properly. it has created an opinion in my mind that OYO rooms are not good. i will never book any OYO rooms in future. it is not good hotel, fan height is at much lower level above bed, if someone standup on bed, will get injury in his hand and neck too.", "date": "24 Mar 2023", "rating": {"bg_color": "#feba00", "title": "2"}}, {"user_name": "Sujit Mahapatra", "user_image": "usr.image", "review_text": "No Water supply  room Also aC Mentioned But Ac Not In Room No One Service man come in our Room Also one bottle water not provide 2 rooms", "date": "14 Apr 2023", "rating": {"bg_color": "#ff4742", "title": "1"}}]}}]