[{"data": {"title": "8 Verified Reviews", "rating_data": {"title": "3.1", "bg_color": "#8fc402", "tag": "Fair", "subtitle": "72 ratings on verified stays by guests"}, "sort_options": [{"type": "date-high", "title": "Recent reviews"}, {"type": "rating-high", "title": "High to low ratings"}, {"type": "rating-low", "title": "Low to high ratings"}], "is_last": true, "reviews": [{"user_name": "Manoj", "user_image": "usr.image", "review_text": "Very neat and clean rooms and friendly staffs", "date": "31 Mar 2023", "rating": {"bg_color": "#346000", "title": "5"}}, {"user_name": "AKSHAY", "user_image": "usr.image", "review_text": "Fabulous stay, couple friendly", "date": "16 Mar 2023", "rating": {"bg_color": "#346000", "title": "5"}, "user_image_feedback_list": [{"image_name": "IMG-20230313-WA0023b0b5e997-3900-4239-8334-e157b3e62fff.jpg", "image_url": "https://images.oyoroomscdn.com/ugc-feedback-uploads/IMG-20230313-WA0023b0b5e997-3900-4239-8334-e157b3e62fff.jpg", "type": "jpg", "uploaded_at": "2023-03-16", "image_id": "185787"}]}, {"user_name": "AKSHAY", "user_image": "usr.image", "review_text": "Worthfull room, spacious clean rooms, staffs also friendly in nature, fabulous for family", "date": "06 Mar 2023", "rating": {"bg_color": "#346000", "title": "5"}}, {"user_name": "Pavan", "user_image": "usr.image", "review_text": "Good place with Good staff", "date": "20 Apr 2023", "rating": {"bg_color": "#58ac00", "title": "4"}}, {"user_name": "KANAV", "user_image": "usr.image", "review_text": "It was a decent hotel. But i had to ask for many basic things like drinking water, towels, clean bedsheets from the reception.", "date": "22 Apr 2023", "rating": {"bg_color": "#8fc402", "title": "3"}}, {"user_name": "XXX XXX", "user_image": "usr.image", "review_text": "now better fecilities available", "date": "13 Mar 2023", "rating": {"bg_color": "#8fc402", "title": "3"}}, {"user_name": "SATHISH", "user_image": "usr.image", "review_text": "They are asked extra money for check in and also I paid,after that also I get a poor room there is no fan,tv,water, don't go with this totaly waste.....", "date": "18 Apr 2023", "rating": {"bg_color": "#ff4742", "title": "1"}}, {"user_name": "Nikunj Savani", "user_image": "usr.image", "review_text": "They don't have any service for food or water , you have to order from zomato or swiggy for water you have to pay extra in hotel they are selling in hotel, bad are not clean properly , In morning no hot water for shower,", "date": "13 Mar 2023", "rating": {"bg_color": "#ff4742", "title": "1"}}]}}]