[{"data": {"title": "4 Verified Reviews", "rating_data": {"title": "3.1", "bg_color": "#8fc402", "tag": "Fair", "subtitle": "27 ratings on verified stays by guests"}, "sort_options": [{"type": "date-high", "title": "Recent reviews"}, {"type": "rating-high", "title": "High to low ratings"}, {"type": "rating-low", "title": "Low to high ratings"}], "is_last": true, "reviews": [{"user_name": "Harikrishna", "user_image": "usr.image", "review_text": "Oyo rates is fake if I book with Oyo price and when we go to hotel they are demanding thrible of Oyo price \nOYO if u don't look in to this \nSoon OYO company will shut down.\nThis is not the first time when ever we visit they r asking thrible of the OYO price.\nNext time we wil record it and keep it in social media", "date": "15 Apr 2023", "rating": {"bg_color": "#ff4742", "title": "1"}}, {"user_name": "chandra vamsi", "user_image": "usr.image", "review_text": "Worst hotel I have ever seen", "date": "12 Apr 2023", "rating": {"bg_color": "#ff4742", "title": "1"}}, {"user_name": "Shakthi", "user_image": "usr.image", "review_text": "He denied and took 1000. I did not have option but to give him and book the room.", "date": "09 Apr 2023", "rating": {"bg_color": "#ff4742", "title": "1"}}, {"user_name": "Mahendra Bhaindarkar", "user_image": "usr.image", "review_text": "No, hot water, No tv no wifi, towel condition worst, no soap, no even drinking water glasses, bed condition was bad", "date": "03 Apr 2023", "rating": {"bg_color": "#ff4742", "title": "1"}}]}}]