[{"data": {"title": "108 Verified Reviews", "rating_data": {"title": "3.7", "bg_color": "#b4da55", "tag": "Good", "subtitle": "635 ratings on verified stays by guests"}, "sort_options": [{"type": "date-high", "title": "Recent reviews"}, {"type": "rating-high", "title": "High to low ratings"}, {"type": "rating-low", "title": "Low to high ratings"}], "is_last": false, "next_offset": 101, "reviews": [{"user_name": "Ashir Vp", "user_image": "usr.image", "review_text": "nice stay.staff and location", "date": "19 Apr 2023", "rating": {"bg_color": "#346000", "title": "5"}}, {"user_name": "lahpoorna", "user_image": "usr.image", "review_text": "Very good", "date": "29 Mar 2023", "rating": {"bg_color": "#346000", "title": "5"}}, {"user_name": "Aravind", "user_image": "usr.image", "review_text": "Nice staffs, friendly. Good rooms for affordable rates. OYO provides it even more cheaper. Has drinks and vending machine.", "date": "13 Mar 2023", "rating": {"bg_color": "#346000", "title": "5"}, "user_image_feedback_list": [{"image_name": "image10024afd-6dd9-41dd-9202-67dacedd9cf5.jpg", "image_url": "https://images.oyoroomscdn.com/ugc-feedback-uploads/image10024afd-6dd9-41dd-9202-67dacedd9cf5.jpg", "type": "jpg", "uploaded_at": "2023-03-13", "image_id": "184669"}]}, {"user_name": "Vinay baji", "user_image": "usr.image", "review_text": "Awesome staying and staff  manger is nice", "date": "09 Mar 2023", "rating": {"bg_color": "#346000", "title": "5"}}, {"user_name": "Ramu", "user_image": "usr.image", "review_text": "Nice staff and manger is good cordinate", "date": "06 Mar 2023", "rating": {"bg_color": "#346000", "title": "5"}}, {"user_name": "Ramu", "user_image": "usr.image", "review_text": "Great location and staff", "date": "28 Feb 2023", "rating": {"bg_color": "#346000", "title": "5"}}, {"user_name": "Ramu", "user_image": "usr.image", "review_text": "Hotel staff are amazing  . especially service provide hotel team and managed the reception is really good . Hotel team work nice .. location also nice . Rooms is old but maintanence the staff and managed receptionist is very well .", "date": "17 Feb 2023", "rating": {"bg_color": "#346000", "title": "5"}}, {"user_name": "Nithish KL", "user_image": "usr.image", "review_text": "Good rooms at genuine budget. But hotel people demanded to pay cash instead of oyo payment for more money. Bathrooms and toilet were more slippery and bedsheets were not washed properly. Overall was good stay.", "date": "11 Feb 2023", "rating": {"bg_color": "#346000", "title": "5"}}, {"user_name": "Khalilur Rahman", "user_image": "usr.image", "review_text": "Clean is very good staff also friendly great location mohammad ali is amazing", "date": "02 Feb 2023", "rating": {"bg_color": "#346000", "title": "5"}}, {"user_name": "Vibindas", "user_image": "usr.image", "review_text": "Nice room and the receptionist was good", "date": "21 Jan 2023", "rating": {"bg_color": "#346000", "title": "5"}}, {"user_name": "Ramu", "user_image": "usr.image", "review_text": "Nice", "date": "07 Jan 2023", "rating": {"bg_color": "#346000", "title": "5"}}, {"user_name": "Play boy", "user_image": "usr.image", "review_text": "Nicely awesome location", "date": "06 Jan 2023", "rating": {"bg_color": "#346000", "title": "5"}}, {"user_name": "Shrestha", "user_image": "usr.image", "review_text": "Comfortable", "date": "01 Jan 2023", "rating": {"bg_color": "#346000", "title": "5"}}, {"user_name": "Ramu", "user_image": "usr.image", "review_text": "Nice", "date": "26 Dec 2022", "rating": {"bg_color": "#346000", "title": "5"}}, {"user_name": "Khalilur Rahman", "user_image": "usr.image", "review_text": "Room good staff also good", "date": "21 Dec 2022", "rating": {"bg_color": "#346000", "title": "5"}}, {"user_name": "imran Khan", "user_image": "usr.image", "review_text": "Not good", "date": "12 Dec 2022", "rating": {"bg_color": "#346000", "title": "5"}}, {"user_name": "Deepak Singh", "user_image": "usr.image", "review_text": "I have good experience with oyo. If you are not try please try it and one thing i want to tell in hotel they are differenciate between private(own hotel) room and booking through oyo room it is not much clean so please look into this.", "date": "05 Dec 2022", "rating": {"bg_color": "#346000", "title": "5"}}, {"user_name": "Mansoor", "user_image": "usr.image", "review_text": "Nice and good", "date": "29 Nov 2022", "rating": {"bg_color": "#346000", "title": "5"}}, {"user_name": "Mansoor", "user_image": "usr.image", "review_text": "Nice", "date": "21 Nov 2022", "rating": {"bg_color": "#346000", "title": "5"}}, {"user_name": "Mansoor", "user_image": "usr.image", "review_text": "Nice.", "date": "03 Nov 2022", "rating": {"bg_color": "#346000", "title": "5"}}, {"user_name": "Kranthi", "user_image": "usr.image", "review_text": "Good place", "date": "01 Nov 2022", "rating": {"bg_color": "#346000", "title": "5"}}, {"user_name": "Mansoor", "user_image": "usr.image", "review_text": "Nice stay", "date": "30 Oct 2022", "rating": {"bg_color": "#346000", "title": "5"}}, {"user_name": "Mansoor", "user_image": "usr.image", "review_text": "Nice good", "date": "24 Oct 2022", "rating": {"bg_color": "#346000", "title": "5"}}, {"user_name": "Bharath", "user_image": "usr.image", "review_text": "Good experience and good staff", "date": "20 Oct 2022", "rating": {"bg_color": "#346000", "title": "5"}}, {"user_name": "Abdul Nasir", "user_image": "usr.image", "review_text": "very good hotel i like the hotel", "date": "18 Oct 2022", "rating": {"bg_color": "#346000", "title": "5"}}, {"user_name": "Mansoor", "user_image": "usr.image", "review_text": "Good and nice staying", "date": "16 Oct 2022", "rating": {"bg_color": "#346000", "title": "5"}}, {"user_name": "Mansoor", "user_image": "usr.image", "review_text": "Nice", "date": "16 Oct 2022", "rating": {"bg_color": "#346000", "title": "5"}}, {"user_name": "Omkar M", "user_image": "usr.image", "review_text": "Great cleanliness and ambiance and hygienic rooms", "date": "30 Sep 2022", "rating": {"bg_color": "#346000", "title": "5"}}, {"user_name": "MANOHAR K", "user_image": "usr.image", "review_text": "Nice stay", "date": "23 Sep 2022", "rating": {"bg_color": "#346000", "title": "5"}}, {"user_name": "Sourav Mohanty", "user_image": "usr.image", "review_text": "good room with affordable price", "date": "22 Sep 2022", "rating": {"bg_color": "#346000", "title": "5"}}, {"user_name": "Adarsh K", "user_image": "usr.image", "review_text": "Stay is good.employees behavior is nice", "date": "20 Sep 2022", "rating": {"bg_color": "#346000", "title": "5"}}, {"user_name": "Yuvaraj", "user_image": "usr.image", "review_text": "It\u2019s good", "date": "02 Sep 2022", "rating": {"bg_color": "#346000", "title": "5"}}, {"user_name": "Aravind", "user_image": "usr.image", "review_text": "Rooms are good. Toilets has to be cleaned. Staffs are friendly. OYO gave a good and affordable rate.", "date": "03 Mar 2023", "rating": {"bg_color": "#58ac00", "title": "4"}}, {"user_name": "Aravind", "user_image": "usr.image", "review_text": "Nice and small room with a cute balcony for the corridor. OYO provided with affordable rates. Staffs are kinda friendly too.", "date": "10 Feb 2023", "rating": {"bg_color": "#58ac00", "title": "4"}}, {"user_name": "senson chacko", "user_image": "usr.image", "review_text": "Accommodation was really nice. Staff also really good. The location and ambience of the property was very peaceful. Thank you for your service", "date": "30 Jan 2023", "rating": {"bg_color": "#58ac00", "title": "4"}}, {"user_name": "Megan Pereira", "user_image": "usr.image", "review_text": "The room was good for this price point. AC was working well. Staff were cordial & ready to help. Only downside, spotted a few cockroaches.", "date": "15 Jan 2023", "rating": {"bg_color": "#58ac00", "title": "4"}}, {"user_name": "Ashu", "user_image": "usr.image", "review_text": "My friends booked here to stay as they had no idea so I booked for them. Stay was good and management was co operative it seems", "date": "12 Jan 2023", "rating": {"bg_color": "#58ac00", "title": "4"}}, {"user_name": "Vishwas", "user_image": "usr.image", "review_text": "The rooms are great for the price they offer but the only reason I go here is because I trust them. I love the hospitality. They never judge us and respect our privacy. The room service is great. My last visit i left my charger behind and they made sure they kept it safely for me to come and get it back.", "date": "03 Dec 2022", "rating": {"bg_color": "#58ac00", "title": "4"}, "user_image_feedback_list": [{"image_name": "IMG-20221103-WA0009-016f2ef71f-9760-4be5-804a-b122b58d7393.jpeg", "image_url": "https://images.oyoroomscdn.com/ugc-feedback-uploads/IMG-20221103-WA0009-016f2ef71f-9760-4be5-804a-b122b58d7393.jpeg", "type": "jpeg", "uploaded_at": "2022-12-03", "image_id": "151237"}]}, {"user_name": "917093261992", "user_image": "usr.image", "review_text": "It\u2019s good", "date": "28 Nov 2022", "rating": {"bg_color": "#58ac00", "title": "4"}}, {"user_name": "Jais", "user_image": "usr.image", "review_text": "Clean, hygiene and good environment, recommended and highly valuable properly  \nCalm area and the room was nice", "date": "27 Nov 2022", "rating": {"bg_color": "#58ac00", "title": "4"}}, {"user_name": "Shivakumar", "user_image": "usr.image", "review_text": "Good to stay", "date": "22 Nov 2022", "rating": {"bg_color": "#58ac00", "title": "4"}}, {"user_name": "Kirubhakaran Prabhakaran", "user_image": "usr.image", "review_text": "Valve for money", "date": "12 Sep 2022", "rating": {"bg_color": "#58ac00", "title": "4"}}, {"user_name": "satabdi lodh", "user_image": "usr.image", "review_text": "An average property. Rooms are comparatively bigger than usual oyo rooms but AC is not working. Also, strains in bedsheet! 3 stars only for the staff service.", "date": "01 Apr 2023", "rating": {"bg_color": "#8fc402", "title": "3"}}, {"user_name": "Mohsin", "user_image": "usr.image", "review_text": "Very bad staff they ask for extra money to pay at hotel and the service is real bad", "date": "16 Mar 2023", "rating": {"bg_color": "#8fc402", "title": "3"}}, {"user_name": "Kumar Hiremath", "user_image": "usr.image", "review_text": "I have booked and paid in Oyo but asked 600 rs extra at hotel. Even Oyo is not updated their price in its app and show less amount. And in app complimentary breakfast is mentioned but there is no such complimentary. But Room was good.", "date": "10 Dec 2022", "rating": {"bg_color": "#8fc402", "title": "3"}}, {"user_name": "Pritish", "user_image": "usr.image", "review_text": "Water taps not working and also rooms were not clean", "date": "29 Nov 2022", "rating": {"bg_color": "#8fc402", "title": "3"}}, {"user_name": "Sharon", "user_image": "usr.image", "review_text": "No hot water", "date": "03 Nov 2022", "rating": {"bg_color": "#8fc402", "title": "3"}}, {"user_name": "Prashanth.R", "user_image": "usr.image", "review_text": "I booked a and paid through Oyo app. But there hostel receptionist asked give more. U guys show here one price and they asked more", "date": "02 Nov 2022", "rating": {"bg_color": "#8fc402", "title": "3"}}, {"user_name": "sourav kumar", "user_image": "usr.image", "review_text": "My experience with this hotel is average.", "date": "27 Oct 2022", "rating": {"bg_color": "#8fc402", "title": "3"}}, {"user_name": "Amos Nadar", "user_image": "usr.image", "review_text": "Not worthy for price you pay...also they ask for extra money when you check in", "date": "18 Oct 2022", "rating": {"bg_color": "#8fc402", "title": "3"}}, {"user_name": "pratik ghadge", "user_image": "usr.image", "review_text": "Room was clean and mainly it was near to my work location and food around the city was so good i like'd it i will come again then i will stay here again .", "date": "17 Oct 2022", "rating": {"bg_color": "#8fc402", "title": "3"}}, {"user_name": "Thamaraiselvan A", "user_image": "usr.image", "review_text": "They are asking extra money, around 500 per night. Room was big, but some smell and the curtains are not good. Not provided any water bottle, towels, bathroom kits etc. Just provided room only. \nRequires OYO to resolve  this extra money issues entirely. It is really bad and gives worthless to book rooms inOYO", "date": "14 Oct 2022", "rating": {"bg_color": "#8fc402", "title": "3"}}, {"user_name": "Dheeraj", "user_image": "usr.image", "review_text": "Even no water in toilet", "date": "29 Sep 2022", "rating": {"bg_color": "#8fc402", "title": "3"}}, {"user_name": "Pavan kumar", "user_image": "usr.image", "review_text": "Room Okay okay not that much good", "date": "22 Sep 2022", "rating": {"bg_color": "#8fc402", "title": "3"}}, {"user_name": "Sagar", "user_image": "usr.image", "review_text": "AC was not working,bed was hard bathroom wasn't clean", "date": "21 Sep 2022", "rating": {"bg_color": "#8fc402", "title": "3"}}, {"user_name": "Sanmitjena", "user_image": "usr.image", "review_text": "Room was not good ac not working there are nothing and we have changed room not haejenic", "date": "20 Sep 2022", "rating": {"bg_color": "#8fc402", "title": "3"}}, {"user_name": "Utkarsh", "user_image": "usr.image", "review_text": "The service is good but the room was not well maintained", "date": "08 Sep 2022", "rating": {"bg_color": "#8fc402", "title": "3"}}, {"user_name": "Srinath", "user_image": "usr.image", "review_text": "They charged me extra price than the price on the app and I had to pay for it and water bottle separately  and bed sheets was smelly too", "date": "03 Sep 2022", "rating": {"bg_color": "#8fc402", "title": "3"}}, {"user_name": "Amal C", "user_image": "usr.image", "review_text": "DisappointingLocation is nice.Not clean,small room,full of cockroaches and bad smell", "date": "02 Apr 2023", "rating": {"bg_color": "#feba00", "title": "2"}}, {"user_name": "Rajesh", "user_image": "usr.image", "review_text": "It\u2019s not clean and I\u2019m not comfortable", "date": "01 Apr 2023", "rating": {"bg_color": "#feba00", "title": "2"}}, {"user_name": "Avinash VS", "user_image": "usr.image", "review_text": "Untidy place. Very dirty rooms and bad room service", "date": "26 Mar 2023", "rating": {"bg_color": "#feba00", "title": "2"}}, {"user_name": "Vipul Gupta", "user_image": "usr.image", "review_text": "First of all name of the hotel has changed. Second they disregard any offers or discounts given by OYO. They need a minimum payment of Rs.1500. Third, rooms are dirty and toilets are not clean. No TV in room.Only table fan instead of Ceiling fan. No intercom. Water is paid.", "date": "15 Feb 2023", "rating": {"bg_color": "#feba00", "title": "2"}}, {"user_name": "Manikanta", "user_image": "usr.image", "review_text": "Room is full of cockroaches and telephone won\u2019t work. Also, they mentioned they won\u2019t accept online bookings which is less than 1500 for 12 hours.\n\nRoom is small and ventilation is really bad. If u gone on a office purpose this is not the property to stay. AC won\u2019t work.", "date": "11 Jan 2023", "rating": {"bg_color": "#feba00", "title": "2"}}, {"user_name": "Xyz", "user_image": "usr.image", "review_text": "No water at hotel.", "date": "24 Dec 2022", "rating": {"bg_color": "#feba00", "title": "2"}}, {"user_name": "Mahammad Basha", "user_image": "usr.image", "review_text": "Weast of time to book from OYO, the hot management is not accepting if you book for less price.\nThey are accepting if price is more than 1400 minimum.\nThen why do we need to use OYO for booking we can go directly and get the room", "date": "09 Dec 2022", "rating": {"bg_color": "#feba00", "title": "2"}}, {"user_name": "Satish H", "user_image": "usr.image", "review_text": "As per Oyo I should pay 1684 but hotel has collected 2000 INR as rent. Also rooms are not hygiene.", "date": "12 Oct 2022", "rating": {"bg_color": "#feba00", "title": "2"}}, {"user_name": "Akash Kumar", "user_image": "usr.image", "review_text": "Not clean \nNo water \nNo towel\nNo soap", "date": "01 Oct 2022", "rating": {"bg_color": "#feba00", "title": "2"}}, {"user_name": "Sandipan Tapader", "user_image": "usr.image", "review_text": "Linen was dirty, pillow covers torn, no ac, for oyo booking, no celing fan", "date": "29 Sep 2022", "rating": {"bg_color": "#feba00", "title": "2"}}, {"user_name": "Deepshikha", "user_image": "usr.image", "review_text": "I booked the AC room with TV But the room which was provided to us was non AC and without TV . They don't even give us the essential like towel soap etc which was really bad. And when we Asked for why AC is not working and tell him to come and look they didn't respond.", "date": "25 Sep 2022", "rating": {"bg_color": "#feba00", "title": "2"}}, {"user_name": "Atish MNair", "user_image": "usr.image", "review_text": "No water provided, we have to buy our own, \nRooms had cockroaches, and they didn't provide with any kind of toiletries(soap).", "date": "18 Sep 2022", "rating": {"bg_color": "#feba00", "title": "2"}}, {"user_name": "Onkar Nath", "user_image": "usr.image", "date": "25 Jun 2022", "rating": {"bg_color": "#feba00", "title": "2"}, "user_image_feedback_list": [{"image_name": "hotel_image_5767aa9c-9b38-4580-bffc-7669d5f9ea915817682965587582340.jpeg", "image_url": "https://images.oyoroomscdn.com/ugc-feedback-uploads/hotel_image_5767aa9c-9b38-4580-bffc-7669d5f9ea915817682965587582340.jpeg", "type": "jpeg", "uploaded_at": "2022-06-25", "image_id": "87270"}, {"image_name": "hotel_image_5767aa9c-9b38-4580-bffc-7669d5f9ea917735753864870826341.jpeg", "image_url": "https://images.oyoroomscdn.com/ugc-feedback-uploads/hotel_image_5767aa9c-9b38-4580-bffc-7669d5f9ea917735753864870826341.jpeg", "type": "jpeg", "uploaded_at": "2022-06-25", "image_id": "87268"}]}, {"user_name": "Anupam Vihari", "user_image": "usr.image", "review_text": "Unhabitable", "date": "26 Apr 2023", "rating": {"bg_color": "#ff4742", "title": "1"}}, {"user_name": "ASHIR XQ", "user_image": "usr.image", "review_text": "Not good", "date": "24 Apr 2023", "rating": {"bg_color": "#ff4742", "title": "1"}}, {"user_name": "Sahil", "user_image": "usr.image", "review_text": "Room condition is very bad and service also.", "date": "24 Apr 2023", "rating": {"bg_color": "#ff4742", "title": "1"}}, {"user_name": "XXX XXX", "user_image": "usr.image", "review_text": "ACC is not Proper working", "date": "04 Apr 2023", "rating": {"bg_color": "#ff4742", "title": "1"}}, {"user_name": "Muthu", "user_image": "usr.image", "review_text": "Worst of everything", "date": "04 Apr 2023", "rating": {"bg_color": "#ff4742", "title": "1"}}, {"user_name": "Amal C", "user_image": "usr.image", "review_text": "BadIf you want good room you want to pay more cash at the hotel.They are giving small local rooms.No AC,congested, not clean,not satisfied \ud83d\udc4e", "date": "02 Apr 2023", "rating": {"bg_color": "#ff4742", "title": "1"}}, {"user_name": "Aravind Raj", "user_image": "usr.image", "date": "01 Apr 2023", "rating": {"bg_color": "#ff4742", "title": "1"}, "user_image_feedback_list": [{"image_name": "IMG_20230320_204312907cd197-5257-4655-ad63-3a4a707d460c.jpg", "image_url": "https://images.oyoroomscdn.com/ugc-feedback-uploads/IMG_20230320_204312907cd197-5257-4655-ad63-3a4a707d460c.jpg", "type": "jpg", "uploaded_at": "2023-04-01", "image_id": "190457"}, {"image_name": "IMG_20230320_204331c54840f8-c51c-4cb0-836b-023edb5d9fdd.jpg", "image_url": "https://images.oyoroomscdn.com/ugc-feedback-uploads/IMG_20230320_204331c54840f8-c51c-4cb0-836b-023edb5d9fdd.jpg", "type": "jpg", "uploaded_at": "2023-04-01", "image_id": "190456"}]}, {"user_name": "Susmitha jaya", "user_image": "usr.image", "review_text": "We paid extra 1000", "date": "18 Mar 2023", "rating": {"bg_color": "#ff4742", "title": "1"}}, {"user_name": "Vishal Yadav", "user_image": "usr.image", "review_text": "Worst stay of my life...\nI Booked the property and went there they told me they don't have room available where as nothing mentioned in the application then I contacted the support they told me that they will shift my booking to another hotel then at midnight I went there then again this hotel manager is asking extra money I told him that I already paid ni the application why I should pay extra he told me that minimum charge is 1500 for stay and he won't give the room if I don't pay extra then I called the oy support they said they will again transfer my booking to some other hotel or else they will refund my money what kind of service is this at 1am in the night I was standing at the hotel and already paid the charges but I have not been allocated the room and asked to pay extra 500-600. If I have to pay extra to hotel then why should I book through Oyo I will go directly and get the room in any other hotel.. support people also didn't helped worst service ever.", "date": "11 Feb 2023", "rating": {"bg_color": "#ff4742", "title": "1"}}, {"user_name": "Shubham Sourabh", "user_image": "usr.image", "review_text": "Not taking Oyo App booking .. And asking extra 500per day .. Very bad", "date": "30 Jan 2023", "rating": {"bg_color": "#ff4742", "title": "1"}}, {"user_name": "Baskaran", "user_image": "usr.image", "review_text": "Hotel not provided free breakfast but when I booking Oyo was showing free breakfast is available.Also room was not good. Even they have taken 20 rupees for water bottle, worst experience.", "date": "22 Jan 2023", "rating": {"bg_color": "#ff4742", "title": "1"}}, {"user_name": "Rajkumar", "user_image": "usr.image", "review_text": "This place doesn't qualify even to be a bus stand, full of cockroach, uncleaned bedsheet, no tv, nothing. I was denied entry and I was forced to pay extra 1.2K to get the room, I didn't have any option but to take this because of the proximity to my office.", "date": "22 Jan 2023", "rating": {"bg_color": "#ff4742", "title": "1"}}, {"user_name": "SILAMBARASAN R", "user_image": "usr.image", "review_text": "Not good", "date": "13 Jan 2023", "rating": {"bg_color": "#ff4742", "title": "1"}}, {"user_name": "Akilesh", "user_image": "usr.image", "review_text": "It\u2019s a poor, very poor service", "date": "28 Dec 2022", "rating": {"bg_color": "#ff4742", "title": "1"}}, {"user_name": "anil kumar", "user_image": "usr.image", "review_text": "When I reach the hotel they asked extra 500 money after booking from oyo", "date": "13 Dec 2022", "rating": {"bg_color": "#ff4742", "title": "1"}}, {"user_name": "Vishal", "user_image": "usr.image", "review_text": "We liked that the staff were welcoming", "date": "04 Dec 2022", "rating": {"bg_color": "#ff4742", "title": "1"}}, {"user_name": "XXX XXX", "user_image": "usr.image", "review_text": "Bed is totally worst.. No Tv. No proper ventillation..\nLike a warehouse..", "date": "30 Nov 2022", "rating": {"bg_color": "#ff4742", "title": "1"}}, {"user_name": "RaghuBannappa", "user_image": "usr.image", "review_text": "When I have booked room from oyo app,manager is not accepting check in and showed me posted pamplet on the wall saying the will not accept online booking with 1400 and less. After raising complaint and all, finally he allowed me to check in and rooms doesn't have power backup, tv,ac and free breakfast as said in the app.", "date": "26 Nov 2022", "rating": {"bg_color": "#ff4742", "title": "1"}}, {"user_name": "Muthkrishnan Ramasamy", "user_image": "usr.image", "review_text": "Very worst don't go here", "date": "24 Nov 2022", "rating": {"bg_color": "#ff4742", "title": "1"}}, {"user_name": "918830153989", "user_image": "usr.image", "review_text": "The room condition was Pathetic, ac was not working, no room service", "date": "07 Nov 2022", "rating": {"bg_color": "#ff4742", "title": "1"}}, {"user_name": "Vishnu", "user_image": "usr.image", "review_text": "not working AC.  not cleaned the sheets and all very bad experience here", "date": "07 Nov 2022", "rating": {"bg_color": "#ff4742", "title": "1"}}, {"user_name": "Vinay", "user_image": "usr.image", "review_text": "They'll not accept booking through Oyo and deny checking in, ask more amount to make checking in or ask to call Oyo customer care, if we call Oyo customer care they'll not respond properly, worst experience", "date": "06 Nov 2022", "rating": {"bg_color": "#ff4742", "title": "1"}}, {"user_name": "Abhijith C", "user_image": "usr.image", "review_text": "Very poor stay!!! No AC no tv !!! And the staff behaving also very very bad!!", "date": "30 Oct 2022", "rating": {"bg_color": "#ff4742", "title": "1"}}, {"user_name": "Kevin Rodrigues", "user_image": "usr.image", "review_text": "Very bad service. Was given a AC room but it wasn\u2019t working. The room service was not provided to even fix it even after asking them. They called it luxurious room but was nothing even close to that.", "date": "24 Oct 2022", "rating": {"bg_color": "#ff4742", "title": "1"}}, {"user_name": "K HARI", "user_image": "usr.image", "review_text": "I went and checked in at 11 pm but they asked for extra money and there is no AC no proper fan.", "date": "21 Oct 2022", "rating": {"bg_color": "#ff4742", "title": "1"}}, {"user_name": "suhas s", "user_image": "usr.image", "review_text": "Worst experience,,,no 1 responce the cal and if we get late at nite means all doors will be closed", "date": "21 Oct 2022", "rating": {"bg_color": "#ff4742", "title": "1"}}, {"user_name": "Anees", "user_image": "usr.image", "review_text": "In oyo showing less rate and rhey charging more than that", "date": "19 Oct 2022", "rating": {"bg_color": "#ff4742", "title": "1"}}, {"user_name": "Anupam Rai", "user_image": "usr.image", "review_text": "The receptionist charged us more that the amount shown in the oyo app .", "date": "11 Oct 2022", "rating": {"bg_color": "#ff4742", "title": "1"}}, {"user_name": "Chaitanya", "user_image": "usr.image", "review_text": "Worst room provided because of online payment they said", "date": "08 Oct 2022", "rating": {"bg_color": "#ff4742", "title": "1"}}]}}, {"data": {"title": "108 Verified Reviews", "rating_data": {"title": "3.7", "bg_color": "#b4da55", "tag": "Good", "subtitle": "635 ratings on verified stays by guests"}, "sort_options": [{"type": "date-high", "title": "Recent reviews"}, {"type": "rating-high", "title": "High to low ratings"}, {"type": "rating-low", "title": "Low to high ratings"}], "is_last": true, "reviews": [{"user_name": "Naveen Kale", "user_image": "usr.image", "review_text": "Denied Oyo booking, said they won't take online booking and asked to pay 1200 for the stay", "date": "23 Sep 2022", "rating": {"bg_color": "#ff4742", "title": "1"}}, {"user_name": "Shaji Krishna", "user_image": "usr.image", "review_text": "Awful experience, such an unfriendly staff, very uncomfortable bed and dirty bed linen. Broken WC and water cup and no hot water. AC was not functioning properly only fan works. The guy came to check AC climb on the bed while I'm sitting on the bed to check what went wrong with the AC. Better to sleep on the railway station rather paying Rs 1400 to dirty hotel. It seems OYO does not visit the partner hotels for inspection or OYO management doesn't know how to run their business!", "date": "08 Sep 2022", "rating": {"bg_color": "#ff4742", "title": "1"}}, {"user_name": "Chiranjeevi", "user_image": "usr.image", "review_text": "they charged more they can't accept Oyo app", "date": "06 Sep 2022", "rating": {"bg_color": "#ff4742", "title": "1"}}, {"user_name": "PiousThomas", "user_image": "usr.image", "date": "02 Jul 2022", "rating": {"bg_color": "#ff4742", "title": "1"}, "user_image_feedback_list": [{"image_name": "hotel_image_ae9cffc3-0e69-4792-aec7-44e901ccf9d15845087215662768783.jpeg", "image_url": "https://images.oyoroomscdn.com/ugc-feedback-uploads/hotel_image_ae9cffc3-0e69-4792-aec7-44e901ccf9d15845087215662768783.jpeg", "type": "jpeg", "uploaded_at": "2022-07-02", "image_id": "90596"}, {"image_name": "hotel_image_ae9cffc3-0e69-4792-aec7-44e901ccf9d15245772606174583766.jpeg", "image_url": "https://images.oyoroomscdn.com/ugc-feedback-uploads/hotel_image_ae9cffc3-0e69-4792-aec7-44e901ccf9d15245772606174583766.jpeg", "type": "jpeg", "uploaded_at": "2022-07-02", "image_id": "90597"}]}, {"user_name": "BiNoY O", "user_image": "usr.image", "date": "29 Jun 2022", "rating": {"bg_color": "#ff4742", "title": "1"}, "user_image_feedback_list": [{"image_name": "hotel_image_6d06fe3e-c6d3-4fc4-85d9-e520f450fae46254099127248112412.jpeg", "image_url": "https://images.oyoroomscdn.com/ugc-feedback-uploads/hotel_image_6d06fe3e-c6d3-4fc4-85d9-e520f450fae46254099127248112412.jpeg", "type": "jpeg", "uploaded_at": "2022-06-29", "image_id": "89067"}]}, {"user_name": "Nanjappa", "user_image": "usr.image", "date": "16 Jun 2022", "rating": {"bg_color": "#ff4742", "title": "1"}, "user_image_feedback_list": [{"image_name": "hotel_image_27ffed08-10b5-4a83-89e2-8340cdd87cae5818925977991483031.jpeg", "image_url": "https://images.oyoroomscdn.com/ugc-feedback-uploads/hotel_image_27ffed08-10b5-4a83-89e2-8340cdd87cae5818925977991483031.jpeg", "type": "jpeg", "uploaded_at": "2022-06-16", "image_id": "82929"}]}, {"user_name": "Ashish Bharti", "user_image": "usr.image", "review_text": "room is in very dirty condition, there is lots of insect inside the room, No TV, problem during check in times, they took more money .AC is not working.", "date": "02 Jun 2022", "rating": {"bg_color": "#ff4742", "title": "1"}}]}}]