[{"data": {"title": "1 Verified Reviews", "rating_data": {"title": "3.7", "bg_color": "#b4da55", "tag": "Good", "subtitle": "4 ratings on verified stays by guests"}, "sort_options": [{"type": "date-high", "title": "Recent reviews"}, {"type": "rating-high", "title": "High to low ratings"}, {"type": "rating-low", "title": "Low to high ratings"}], "is_last": true, "reviews": [{"user_name": "subramanian ravinder", "user_image": "usr.image", "review_text": "no facilities available \ud83d\ude1f", "date": "23 Mar 2023", "rating": {"bg_color": "#8fc402", "title": "3"}}]}}]