[{"data": {"title": "3 Verified Reviews", "rating_data": {"title": "3.9", "bg_color": "#b4da55", "tag": "Good", "subtitle": "10 ratings on verified stays by guests"}, "sort_options": [{"type": "date-high", "title": "Recent reviews"}, {"type": "rating-high", "title": "High to low ratings"}, {"type": "rating-low", "title": "Low to high ratings"}], "is_last": true, "reviews": [{"user_name": "Kavinder Rawat", "user_image": "usr.image", "review_text": "It was really great", "date": "05 Feb 2023", "rating": {"bg_color": "#346000", "title": "5"}}, {"user_name": "imran ahmadjamal", "user_image": "usr.image", "review_text": "Excellent view , rooms is ok", "date": "16 Feb 2023", "rating": {"bg_color": "#58ac00", "title": "4"}, "user_image_feedback_list": [{"image_name": "IMG_20230214_1356154f266703-d545-4690-bd92-4176267648ee.jpg", "image_url": "https://images.oyoroomscdn.com/ugc-feedback-uploads/IMG_20230214_1356154f266703-d545-4690-bd92-4176267648ee.jpg", "type": "jpg", "uploaded_at": "2023-02-16", "image_id": "176541"}]}, {"user_name": "golu rawat", "user_image": "usr.image", "date": "13 Feb 2023", "rating": {"bg_color": "#58ac00", "title": "4"}, "user_image_feedback_list": [{"image_name": "IMG-20230212-WA000735613e18-463d-4a98-bf41-6b40406d7066.jpeg", "image_url": "https://images.oyoroomscdn.com/ugc-feedback-uploads/IMG-20230212-WA000735613e18-463d-4a98-bf41-6b40406d7066.jpeg", "type": "jpeg", "uploaded_at": "2023-02-13", "image_id": "175627"}]}]}}]