[{"data": {"title": "1 Verified Reviews", "rating_data": {"title": "3.7", "bg_color": "#b4da55", "tag": "Good", "subtitle": "17 ratings on verified stays by guests"}, "sort_options": [{"type": "date-high", "title": "Recent reviews"}, {"type": "rating-high", "title": "High to low ratings"}, {"type": "rating-low", "title": "Low to high ratings"}], "is_last": true, "reviews": [{"user_name": "Anand kumar", "user_image": "usr.image", "review_text": "Hotel first refused to give room through oyo. Manager working there said , we are not taking booking through oyo . And he charged more . And also misbehaved.  Oyo please improve your service . You are losing credibility among customers.  I booked room at around 2 am and got room around 4 o'clock in the morning.", "date": "24 Apr 2023", "rating": {"bg_color": "#ff4742", "title": "1"}}]}}]